,Year,County,None,D0,D1,D2,D3,D4,Household Income,Population,Median Age,Per Capita Income,Poverty Count,Unemployment Count,Poverty Rate
0,2013,Alameda County,13.070576923076922,86.92942307692307,65.38461538461539,51.92307692307692,0.7973076923076922,0.0,72112.0,1535248.0,36.8,35763.0,188501.0,84354.0,12.278211728658823
1,2013,Alpine County,12.923653846153847,87.0763461538461,69.55942307692308,48.65499999999999,4.8842307692307685,0.0,58636.0,1165.0,44.3,25527.0,184.0,51.0,15.793991416309012
2,2013,Amador County,16.524807692307693,83.47519230769231,65.40846153846154,51.92307692307692,11.498076923076923,0.0,53684.0,37422.0,49.1,27347.0,4150.0,2546.0,11.089733311955534
3,2013,Butte County,15.985961538461538,84.01403846153848,65.38461538461539,51.92307692307692,0.0,0.0,43752.0,220542.0,37.0,23787.0,43942.0,14353.0,19.924549518912496
4,2013,Calaveras County,14.0625,85.9375,69.14076923076924,53.21249999999999,11.538461538461538,0.0,55295.0,45147.0,50.0,29329.0,4849.0,2307.0,10.740470020156378
5,2013,Colusa County,13.461538461538462,86.53846153846153,65.38461538461539,51.92307692307692,0.0,0.0,52158.0,21366.0,33.9,21579.0,2635.0,1322.0,12.332678086679772
6,2013,Contra Costa County,13.34423076923077,86.65576923076924,65.38461538461539,51.92307692307692,2.1934615384615386,0.0,78756.0,1065794.0,38.6,38219.0,111173.0,56720.0,10.43100261401359
7,2013,Del Norte County,21.39576923076923,78.60423076923077,61.474038461538456,25.135576923076925,0.0,0.0,37909.0,28357.0,39.1,19072.0,5406.0,1268.0,19.06407588955108
8,2013,El Dorado County,17.622692307692308,82.3773076923077,65.95692307692308,51.07096153846154,3.762692307692308,0.0,69297.0,180982.0,44.1,34884.0,16206.0,11030.0,8.954481661159674
9,2013,Fresno County,0.0,100.0,99.24230769230768,78.65211538461541,13.492307692307692,0.0,45563.0,939605.0,30.9,20208.0,239584.0,61663.0,25.498374316867196
10,2013,Glenn County,13.771923076923077,86.22807692307691,65.38461538461539,51.92307692307692,0.0,0.0,43023.0,28054.0,37.2,22148.0,5198.0,1584.0,18.528552078135025
11,2013,Humboldt County,21.512115384615388,78.48788461538462,65.38461538461539,29.419423076923074,0.0,0.0,41426.0,134613.0,37.5,23540.0,26600.0,7426.0,19.760350040486433
12,2013,Imperial County,0.4711538461538462,99.52884615384616,82.24019230769228,30.569807692307695,0.0,0.0,41807.0,175201.0,31.8,16763.0,38286.0,13214.0,21.852614996489745
13,2013,Inyo County,0.0,100.0,100.0,97.63192307692303,1.5334615384615378,0.0,44796.0,18482.0,45.7,27441.0,2309.0,826.0,12.493236662698843
14,2013,Kern County,0.0,100.0,100.0,91.22692307692306,37.11384615384616,0.0,48552.0,848204.0,30.8,20295.0,186811.0,50233.0,22.02430075783656
15,2013,Kings County,0.0,100.0,100.0,88.43884615384619,26.16576923076923,0.0,48133.0,151806.0,31.1,18429.0,28019.0,9249.0,18.45710973215815
16,2013,Lake County,15.920769230769231,84.07923076923076,65.38461538461539,51.92307692307692,0.0,0.0,36548.0,64260.0,45.1,21537.0,15860.0,4488.0,24.680983504512916
17,2013,Lassen County,2.5871153846153847,97.41288461538458,87.6755769230769,54.579038461538474,0.0,0.0,53107.0,34018.0,37.3,19931.0,3953.0,1509.0,11.620318654829797
18,2013,Los Angeles County,0.0625,99.9375,82.82096153846153,60.450961538461534,2.138461538461539,0.0,55909.0,9893481.0,35.1,27749.0,1737224.0,580531.0,17.55927969134423
19,2013,Madera County,0.0673076923076923,99.93269230769229,93.99211538461535,70.10307692307694,11.538461538461538,0.0,45625.0,151435.0,33.2,17847.0,32604.0,6203.0,21.530029385544953
20,2013,Marin County,13.485000000000001,86.51500000000001,65.38461538461539,51.92307692307692,0.0,0.0,90839.0,254643.0,44.8,56791.0,19121.0,10206.0,7.508943894000621
21,2013,Mariposa County,4.437307692307693,95.56269230769232,88.59519230769234,65.38461538461539,11.538461538461538,0.0,49820.0,18061.0,50.1,26988.0,2876.0,1239.0,15.923813742317702
22,2013,Mendocino County,17.31,82.68999999999998,65.38461538461539,48.859807692307704,0.0,0.0,43469.0,87497.0,41.8,23306.0,17221.0,5123.0,19.68181766231985
23,2013,Merced County,0.01,99.99000000000002,96.78038461538459,64.60557692307692,11.48653846153846,0.0,42591.0,258707.0,30.0,18177.0,64490.0,20299.0,24.927814090844084
24,2013,Modoc County,0.0,100.0,98.27826923076925,64.25884615384614,0.0,0.0,36212.0,9468.0,46.9,21200.0,1917.0,434.0,20.247148288973385
25,2013,Mono County,0.14153846153846156,99.85846153846157,98.32423076923072,74.90653846153849,0.6934615384615384,0.0,61757.0,14217.0,37.2,28046.0,1197.0,904.0,8.419497784342688
26,2013,Monterey County,3.3473076923076923,96.65269230769232,77.9771153846154,57.9521153846154,17.44846153846154,0.0,59168.0,420569.0,33.0,24775.0,68185.0,21545.0,16.21255965132951
27,2013,Napa County,13.461538461538462,86.53846153846153,65.38461538461539,51.92307692307692,0.0,0.0,70443.0,137837.0,39.8,34795.0,13563.0,6625.0,9.839883340467363
28,2013,Nevada County,16.350192307692307,83.64980769230766,66.0873076923077,51.01153846153847,0.0,0.0,57353.0,98509.0,48.5,32346.0,11696.0,5022.0,11.873026830035835
29,2013,Orange County,0.0,100.0,71.12846153846154,57.69230769230769,0.0,0.0,75422.0,3051771.0,36.4,34057.0,373049.0,150339.0,12.224016808600645
30,2013,Placer County,17.14576923076923,82.85423076923075,66.10076923076923,50.83346153846154,0.0,0.0,72725.0,355924.0,40.4,34886.0,30850.0,17525.0,8.667580719479439
31,2013,Plumas County,14.20442307692308,85.79557692307692,65.8882692307692,51.747692307692304,0.0,0.0,45794.0,19586.0,49.9,29806.0,2917.0,1551.0,14.893291126314715
32,2013,Riverside County,1.6698076923076923,98.33019230769231,77.5182692307692,43.362884615384665,0.0,0.0,56529.0,2228528.0,33.9,23591.0,355511.0,153115.0,15.952727540331555
33,2013,Sacramento County,15.366923076923078,84.63307692307693,65.38461538461539,51.92307692307692,6.72,0.0,55064.0,1435207.0,35.1,26739.0,248304.0,97193.0,17.300918961515656
34,2013,San Benito County,1.3711538461538462,98.62884615384611,86.77057692307697,61.60057692307692,2.8684615384615384,0.0,66237.0,56115.0,34.5,25914.0,6639.0,3971.0,11.831061213579257
35,2013,San Bernardino County,5.223076923076923,94.77692307692307,81.70057692307688,67.60192307692307,0.8576923076923074,0.0,54090.0,2056915.0,31.9,21332.0,375280.0,136314.0,18.24479864262743
36,2013,San Diego County,0.0,100.0,68.91019230769231,29.623461538461545,0.0,0.0,62962.0,3138265.0,34.8,30668.0,441648.0,155014.0,14.07299893412443
37,2013,San Francisco County,13.461538461538462,86.53846153846153,65.38461538461539,51.92307692307692,0.0,0.0,75604.0,817501.0,38.5,48486.0,108306.0,41148.0,13.248424160949039
38,2013,San Joaquin County,8.678461538461539,91.3215384615385,67.61288461538459,52.75807692307691,11.485384615384616,0.0,53380.0,693177.0,32.9,22589.0,123115.0,52165.0,17.76097591235716
39,2013,San Luis Obispo County,0.0,100.0,96.32865384615387,67.27230769230772,38.46153846153846,0.0,58697.0,272094.0,39.5,29954.0,36588.0,11360.0,13.446823524223246
40,2013,San Mateo County,13.461538461538462,86.53846153846153,65.38461538461539,51.92307692307692,0.0,0.0,88202.0,729543.0,39.3,45732.0,54905.0,32594.0,7.525944324049439
41,2013,Santa Barbara County,0.0,100.0,82.3598076923077,59.60961538461539,35.35000000000001,0.0,62779.0,427288.0,33.5,30352.0,65740.0,20352.0,15.385407500327648
42,2013,Santa Clara County,12.049807692307693,87.9501923076923,65.39596153846153,52.01153846153846,0.14076923076923076,0.0,91702.0,1812208.0,36.4,41513.0,181376.0,92839.0,10.008564138332906
43,2013,Santa Cruz County,13.360576923076923,86.63942307692308,65.38461538461539,51.92307692307692,0.0,0.0,66519.0,264808.0,36.9,32295.0,37239.0,13123.0,14.06264161203589
44,2013,Shasta County,16.90403846153846,83.09596153846155,65.38461538461539,52.84653846153846,0.0,0.0,44651.0,177966.0,42.1,23670.0,30575.0,10488.0,17.180247912522617
45,2013,Sierra County,11.695769230769232,88.30423076923074,70.27134615384617,50.55384615384616,0.0,0.0,39009.0,3127.0,51.3,24996.0,599.0,129.0,19.15574032619124
46,2013,Siskiyou County,13.815576923076922,86.1844230769231,66.65173076923078,43.91480769230769,0.0,0.0,37709.0,44503.0,47.1,22293.0,9216.0,2862.0,20.708716266319126
47,2013,Solano County,14.199423076923077,85.80057692307693,65.38461538461539,51.92307692307692,0.0,0.0,67177.0,417258.0,37.1,28929.0,52358.0,25056.0,12.548111719847192
48,2013,Sonoma County,15.741538461538461,84.25846153846153,65.38461538461539,51.92307692307692,0.0,0.0,63356.0,487469.0,40.2,32835.0,57048.0,26411.0,11.702898030438858
49,2013,Stanislaus County,2.2201923076923076,97.77980769230771,83.29923076923077,57.34038461538462,11.16,0.0,49297.0,518321.0,33.0,21663.0,104173.0,40996.0,20.09816310741799
50,2013,Sutter County,13.953076923076923,86.04692307692306,65.38461538461539,51.92307692307692,0.0,0.0,50408.0,94787.0,34.8,23602.0,15596.0,6552.0,16.453733106860646
51,2013,Tehama County,14.965384615384616,85.03461538461539,65.38461538461539,51.92307692307692,0.0,0.0,41924.0,63241.0,39.9,20439.0,12271.0,4217.0,19.403551493493147
52,2013,Trinity County,17.247692307692308,82.7523076923077,65.38461538461539,42.299615384615386,0.0,0.0,36890.0,13638.0,49.8,22905.0,2579.0,854.0,18.91039741897639
53,2013,Tulare County,0.0,100.0,100.0,96.14307692307693,13.183846153846149,0.0,42708.0,446644.0,29.9,17894.0,115313.0,28726.0,25.817653433159293
54,2013,Tuolumne County,11.450192307692307,88.54980769230772,77.88230769230769,60.57884615384616,11.530384615384616,0.0,48426.0,54728.0,48.0,25943.0,7411.0,3965.0,13.541514398479755
55,2013,Ventura County,0.2403846153846154,99.75961538461539,77.96230769230772,57.8446153846154,5.8500000000000005,0.0,76544.0,829017.0,36.6,32930.0,90471.0,41171.0,10.913045208964352
56,2013,Yolo County,13.985000000000001,86.015,65.38461538461539,51.92307692307692,0.0,0.0,55918.0,202288.0,30.7,27730.0,37188.0,10585.0,18.38369057976746
57,2013,Yuba County,16.327115384615386,83.67288461538462,65.38461538461539,51.92307692307692,0.0,0.0,44902.0,72574.0,31.9,19244.0,15392.0,5776.0,21.20869732962218
58,2014,Alameda County,0.0,100.0,100.0,100.0,96.41961538461538,74.3815384615385,73775.0,1559308.0,36.9,36439.0,197191.0,79503.0,12.64605837974281
59,2014,Alpine County,0.0,100.0,100.0,100.0,96.16153846153846,33.00846153846153,61343.0,1202.0,43.6,24375.0,179.0,32.0,14.891846921797004
60,2014,Amador County,0.0,100.0,100.0,100.0,95.06769230769228,42.113846153846154,52964.0,37159.0,49.6,27373.0,4277.0,2342.0,11.509997577975726
61,2014,Butte County,0.0,100.0,100.0,100.0,91.5803846153846,38.46153846153846,43165.0,221578.0,36.9,24430.0,46643.0,13323.0,21.05037503723294
62,2014,Calaveras County,0.0,100.0,100.0,100.0,96.54711538461538,42.30769230769231,54936.0,44921.0,50.3,29296.0,5352.0,2191.0,11.914249460163399
63,2014,Colusa County,0.0,100.0,100.0,100.0,95.85153846153847,38.46153846153846,50503.0,21424.0,34.1,22211.0,3068.0,1239.0,14.320388349514563
64,2014,Contra Costa County,0.0,100.0,100.0,100.0,96.885,64.82961538461535,79799.0,1081232.0,38.7,38770.0,114171.0,54315.0,10.559343415659175
65,2014,Del Norte County,0.0,100.0,93.18442307692308,60.15499999999997,0.09692307692307692,0.0,39302.0,28066.0,39.2,19424.0,5468.0,1246.0,19.48264804389653
66,2014,El Dorado County,0.0,100.0,100.0,100.0,89.02519230769228,40.37038461538462,68507.0,181465.0,44.4,35128.0,18497.0,10215.0,10.193150194252334
67,2014,Fresno County,0.0,100.0,100.0,100.0,99.95576923076925,87.59057692307694,45201.0,948844.0,31.2,20231.0,255019.0,61422.0,26.8768100973395
68,2014,Glenn County,0.0,100.0,100.0,100.0,95.7076923076923,38.46153846153846,40106.0,28019.0,36.7,21698.0,5517.0,1641.0,19.690210214497306
69,2014,Humboldt County,0.0,100.0,100.0,99.33384615384612,85.88961538461533,27.620192307692307,42153.0,134876.0,37.4,23516.0,27325.0,7512.0,20.259349328271895
70,2014,Imperial County,0.22923076923076927,99.77076923076925,85.23019230769228,63.45115384615388,0.016923076923076926,0.0,41772.0,177026.0,31.9,16409.0,38935.0,12765.0,21.993944392349146
71,2014,Inyo County,0.0,100.0,100.0,99.9936538461539,63.36788461538459,3.2063461538461553,45625.0,18439.0,45.3,27028.0,2445.0,713.0,13.259938174521395
72,2014,Kern County,0.0,100.0,100.0,100.0,99.70865384615387,68.99403846153852,48574.0,857730.0,31.0,20467.0,192972.0,49041.0,22.49798887761883
73,2014,Kings County,0.0,100.0,100.0,100.0,100.0,91.65384615384616,47341.0,151390.0,31.2,18518.0,30244.0,8426.0,19.97754144923707
74,2014,Lake County,0.0,100.0,100.0,100.0,93.09192307692305,38.46153846153846,35997.0,64209.0,45.2,21310.0,15395.0,4452.0,23.97638960270367
75,2014,Lassen County,0.0,100.0,100.0,100.0,96.14980769230768,31.18384615384614,53351.0,33356.0,37.3,19847.0,3856.0,1458.0,11.560139105408322
76,2014,Los Angeles County,0.0,100.0,100.0,99.7253846153846,93.1088461538462,44.88673076923078,55870.0,9974203.0,35.3,27987.0,1805868.0,564669.0,18.10538646546496
77,2014,Madera County,0.0,100.0,100.0,100.0,100.0,84.16903846153849,45490.0,152452.0,33.3,17797.0,33290.0,5530.0,21.83638128722483
78,2014,Marin County,0.0,100.0,100.0,100.0,90.06346153846152,3.1553846153846106,91529.0,256802.0,45.1,58004.0,21917.0,9756.0,8.534590852096168
79,2014,Mariposa County,0.0,100.0,100.0,100.0,100.0,73.53538461538457,50560.0,17946.0,50.2,28327.0,2902.0,1132.0,16.17073442549872
80,2014,Mendocino County,0.0,100.0,100.0,100.0,95.93076923076923,38.46153846153846,43290.0,87612.0,42.0,23712.0,17395.0,5193.0,19.854586129753915
81,2014,Merced County,0.0,100.0,100.0,100.0,99.98269230769232,88.6294230769231,43066.0,261609.0,30.2,18464.0,65552.0,20181.0,25.05724191446013
82,2014,Modoc County,0.0,100.0,100.0,100.0,90.08326923076922,0.0,38560.0,9335.0,47.1,21830.0,1892.0,495.0,20.26780931976433
83,2014,Mono County,0.0,100.0,100.0,100.0,88.41807692307688,0.7180769230769235,61814.0,14193.0,37.2,29578.0,704.0,1014.0,4.960191643768055
84,2014,Monterey County,0.0,100.0,100.0,100.0,98.04461538461538,84.06384615384614,58582.0,424927.0,33.3,25048.0,69898.0,18709.0,16.44941366399405
85,2014,Napa County,0.0,100.0,100.0,100.0,93.11500000000002,38.46153846153846,70925.0,139253.0,40.3,35092.0,13948.0,6162.0,10.016301264604712
86,2014,Nevada County,0.0,100.0,100.0,100.0,85.9673076923077,39.027307692307694,56949.0,98606.0,48.8,32117.0,12163.0,4993.0,12.334949191732754
87,2014,Orange County,0.0,100.0,100.0,100.0,93.48365384615384,37.75923076923076,75998.0,3086331.0,36.7,34416.0,391705.0,142427.0,12.691606959849738
88,2014,Placer County,0.0,100.0,100.0,100.0,87.445,39.44923076923077,73747.0,361518.0,40.7,35711.0,32018.0,16469.0,8.856543795882915
89,2014,Plumas County,0.0,100.0,100.0,100.0,92.6432692307692,42.82307692307695,48032.0,19286.0,50.6,29167.0,3006.0,1455.0,15.586435756507312
90,2014,Riverside County,0.7726923076923078,99.22730769230772,96.7609615384615,79.85230769230769,19.018653846153846,0.165,56592.0,2266899.0,34.2,23660.0,376737.0,149759.0,16.619046547728857
91,2014,Sacramento County,0.0,100.0,100.0,100.0,98.39384615384614,39.491153846153864,55615.0,1450277.0,35.3,27071.0,258031.0,93301.0,17.791842523876472
92,2014,San Benito County,0.0,100.0,100.0,100.0,97.10999999999999,91.79653846153846,67874.0,56888.0,34.8,26317.0,6864.0,4124.0,12.06581352833638
93,2014,San Bernardino County,1.364423076923077,98.63557692307687,94.57211538461534,82.45903846153848,18.41403846153846,0.2850000000000001,54100.0,2078586.0,32.2,21384.0,389037.0,131293.0,18.716425493099635
94,2014,San Diego County,0.0,100.0,100.0,95.18076923076931,63.04788461538455,0.0,63996.0,3183143.0,34.9,31043.0,455855.0,150837.0,14.320908611394461
95,2014,San Francisco County,0.0,100.0,100.0,100.0,96.13961538461538,70.38807692307688,78378.0,829072.0,38.6,49986.0,108328.0,38318.0,13.066175193469325
96,2014,San Joaquin County,0.0,100.0,100.0,100.0,99.98230769230769,49.161923076923124,53253.0,701050.0,33.2,22642.0,132986.0,48592.0,18.969545681477783
97,2014,San Luis Obispo County,0.0,100.0,100.0,100.0,100.0,89.21788461538462,59454.0,274184.0,39.5,30392.0,38121.0,10667.0,13.903437107927523
98,2014,San Mateo County,0.0,100.0,100.0,100.0,96.15384615384616,80.76923076923077,91421.0,739837.0,39.4,47198.0,55672.0,30371.0,7.524900755166341
99,2014,Santa Barbara County,0.0,100.0,100.0,99.72461538461539,98.96346153846154,81.65307692307698,63409.0,431555.0,33.6,30526.0,68953.0,19444.0,15.977801207262111
100,2014,Santa Clara County,0.0,100.0,100.0,100.0,96.20076923076924,83.12634615384607,93854.0,1841569.0,36.6,42666.0,180153.0,85977.0,9.782582135124994
101,2014,Santa Cruz County,0.0,100.0,100.0,100.0,96.15384615384616,83.35442307692307,66923.0,267203.0,36.9,33050.0,39252.0,12376.0,14.689954828351478
102,2014,Shasta County,0.0,100.0,100.0,100.0,91.94846153846152,39.48192307692308,44556.0,178520.0,41.9,23763.0,31616.0,9445.0,17.710060497423257
103,2014,Sierra County,0.0,100.0,100.0,100.0,89.39288461538465,40.76576923076921,43107.0,3019.0,53.5,28030.0,487.0,91.0,16.131169261344816
104,2014,Siskiyou County,0.0,100.0,100.0,98.38153846153844,60.95634615384619,6.323076923076925,37495.0,44261.0,47.3,22482.0,9945.0,2725.0,22.468990759359254
105,2014,Solano County,0.0,100.0,100.0,100.0,96.14923076923077,38.57153846153845,67341.0,421624.0,37.2,29132.0,53317.0,25256.0,12.6456273836404
106,2014,Sonoma County,0.0,100.0,100.0,100.0,88.43076923076924,37.8153846153846,63799.0,491790.0,40.5,33361.0,59716.0,24894.0,12.142581183025275
107,2014,Stanislaus County,0.0,100.0,100.0,100.0,99.87384615384616,59.22173076923079,49573.0,522794.0,33.3,21729.0,104786.0,40070.0,20.043458800215763
108,2014,Sutter County,0.0,100.0,100.0,100.0,96.15384615384616,38.46153846153846,51527.0,95067.0,35.0,23828.0,15824.0,6075.0,16.64510292740909
109,2014,Tehama County,0.0,100.0,100.0,100.0,94.88826923076921,38.46153846153846,42369.0,63284.0,40.0,21002.0,11604.0,4315.0,18.336388344605272
110,2014,Trinity County,0.0,100.0,100.0,100.0,90.12269230769233,38.02346153846153,36862.0,13515.0,50.0,23145.0,2489.0,698.0,18.416574176840548
111,2014,Tulare County,0.0,100.0,100.0,100.0,99.98576923076924,85.39596153846153,42863.0,451108.0,30.1,17888.0,122044.0,26687.0,27.054275251159368
112,2014,Tuolumne County,0.0,100.0,100.0,100.0,99.0598076923077,45.74038461538459,48493.0,54347.0,48.2,26063.0,7444.0,3481.0,13.697168196956595
113,2014,Ventura County,0.0,100.0,99.95192307692308,99.69115384615387,96.18423076923077,65.15903846153842,77335.0,835790.0,36.9,33308.0,91912.0,40806.0,10.997020782732504
114,2014,Yolo County,0.0,100.0,100.0,100.0,96.15384615384616,38.46153846153846,55508.0,204162.0,31.0,28080.0,39333.0,9738.0,19.26558321333059
115,2014,Yuba County,0.0,100.0,100.0,100.0,91.66576923076924,38.46153846153846,45470.0,73059.0,32.1,19586.0,15926.0,5203.0,21.7988201316744
116,2015,Alameda County,0.0,100.0,100.0,100.0,100.0,18.96000000000001,75619.0,1584983.0,37.1,37285.0,194639.0,70100.0,12.280194803351202
117,2015,Alpine County,0.0,100.0,100.0,100.0,100.0,99.1546153846154,52917.0,1131.0,43.6,21415.0,195.0,49.0,17.24137931034483
118,2015,Amador County,0.0,100.0,100.0,100.0,100.0,99.80615384615385,54171.0,36995.0,50.0,27473.0,4191.0,2048.0,11.328557913231517
119,2015,Butte County,0.0,100.0,100.0,100.0,100.0,89.66653846153847,43444.0,222564.0,36.8,24259.0,47532.0,12264.0,21.35655362053162
120,2015,Calaveras County,0.0,100.0,100.0,100.0,100.0,100.0,53233.0,44767.0,50.7,29553.0,5590.0,2227.0,12.486876493845914
121,2015,Colusa County,0.0,100.0,100.0,100.0,100.0,27.326923076923087,52168.0,21396.0,34.0,21897.0,3171.0,1023.0,14.820527201346046
122,2015,Contra Costa County,0.0,100.0,100.0,100.0,99.82961538461534,10.024230769230773,80185.0,1096068.0,38.8,39313.0,117915.0,48995.0,10.758000416032582
123,2015,Del Norte County,0.0,100.0,65.65826923076924,51.665000000000035,0.0,0.0,40847.0,27788.0,38.8,19560.0,5207.0,1116.0,18.738304304016122
124,2015,El Dorado County,0.0,100.0,100.0,100.0,100.0,87.32576923076921,69584.0,182093.0,44.9,35588.0,18831.0,9925.0,10.341418945264234
125,2015,Fresno County,0.0,100.0,100.0,100.0,100.0,99.98961538461536,45233.0,956749.0,31.4,20408.0,252187.0,57137.0,26.35874194799263
126,2015,Glenn County,0.0,100.0,100.0,100.0,96.24038461538461,13.26423076923077,39349.0,28029.0,37.2,21313.0,5721.0,1518.0,20.41100288986407
127,2015,Humboldt County,0.0,100.0,99.91346153846159,97.52192307692312,29.36403846153846,0.0,42197.0,135034.0,37.4,23367.0,28158.0,6868.0,20.85252603048121
128,2015,Imperial County,0.0,100.0,94.57692307692308,59.53692307692306,0.0,0.0,41079.0,178206.0,32.2,16143.0,40114.0,12307.0,22.50990426809423
129,2015,Inyo County,0.0,100.0,100.0,100.0,69.74365384615382,18.22826923076923,45955.0,18373.0,45.7,27850.0,2019.0,608.0,10.98895117835955
130,2015,Kern County,0.0,100.0,100.0,100.0,100.0,73.38076923076919,49026.0,865736.0,31.1,20644.0,195744.0,47438.0,22.61012595063622
131,2015,Kings County,0.0,100.0,100.0,100.0,100.0,100.0,46481.0,150998.0,31.4,18707.0,29900.0,7602.0,19.80158677598379
132,2015,Lake County,0.0,100.0,100.0,100.0,58.59115384615388,0.0,35578.0,64158.0,45.5,21407.0,15597.0,3949.0,24.310296455625174
133,2015,Lassen County,0.0,100.0,100.0,100.0,100.0,88.62057692307688,51555.0,32645.0,37.0,19274.0,3563.0,1109.0,10.9143819880533
134,2015,Los Angeles County,0.0,100.0,100.0,100.0,100.0,87.92000000000004,56196.0,10038388.0,35.6,28337.0,1800265.0,515124.0,17.9338057066533
135,2015,Madera County,0.0,100.0,100.0,100.0,100.0,99.96730769230768,45073.0,153187.0,33.5,17970.0,33968.0,4280.0,22.174205382963308
136,2015,Marin County,0.0,100.0,100.0,100.0,4.4648076923076925,0.0,93257.0,258349.0,45.4,60236.0,20964.0,7854.0,8.114604662684973
137,2015,Mariposa County,0.0,100.0,100.0,100.0,100.0,100.0,47681.0,17789.0,50.6,28316.0,2651.0,963.0,14.902467817190399
138,2015,Mendocino County,0.0,100.0,100.0,100.0,24.94846153846154,0.0,42980.0,87544.0,42.2,24059.0,17527.0,5107.0,20.020789545828382
139,2015,Merced County,0.0,100.0,100.0,100.0,100.0,100.0,42462.0,263885.0,30.4,18204.0,67417.0,18650.0,25.547871231786573
140,2015,Modoc County,0.0,100.0,100.0,100.0,100.0,26.608461538461547,37860.0,9184.0,47.8,21001.0,1673.0,315.0,18.216463414634145
141,2015,Mono County,0.0,100.0,100.0,100.0,100.0,86.37423076923076,56944.0,14146.0,38.5,29437.0,684.0,1094.0,4.835289127668599
142,2015,Monterey County,0.0,100.0,100.0,100.0,90.95038461538462,56.86000000000001,58783.0,428441.0,33.5,24994.0,69475.0,16358.0,16.215768332162423
143,2015,Napa County,0.0,100.0,100.0,100.0,88.26999999999991,0.05769230769230774,71379.0,140295.0,40.3,36475.0,14020.0,5581.0,9.993228554118108
144,2015,Nevada County,0.0,100.0,100.0,100.0,100.0,84.61769230769235,56521.0,98570.0,49.0,32442.0,12367.0,4524.0,12.546413716140814
145,2015,Orange County,0.0,100.0,100.0,100.0,100.0,75.55000000000007,76509.0,3116069.0,37.1,34817.0,395483.0,124773.0,12.69172794312321
146,2015,Placer County,0.0,100.0,100.0,100.0,100.0,85.4434615384616,73948.0,366280.0,41.0,36022.0,32427.0,14762.0,8.853063230315605
147,2015,Plumas County,0.0,100.0,100.0,100.0,100.0,80.53769230769234,47333.0,18966.0,51.3,30842.0,2687.0,1289.0,14.167457555625857
148,2015,Riverside County,0.00884615384615385,99.99115384615374,93.31211538461538,70.37269230769225,21.71653846153847,0.32999999999999996,56603.0,2298032.0,34.5,23783.0,379985.0,136070.0,16.535235366609342
149,2015,Sacramento County,0.0,100.0,100.0,100.0,100.0,94.18346153846161,55987.0,1465832.0,35.5,27315.0,262251.0,84904.0,17.890931566509668
150,2015,San Benito County,0.0,100.0,100.0,100.0,100.0,86.71000000000002,71077.0,57557.0,35.0,27239.0,6202.0,3636.0,10.775405250447383
151,2015,San Bernardino County,0.9923076923076924,99.00769230769234,88.7211538461538,71.00538461538466,32.43134615384616,0.5700000000000002,53433.0,2094769.0,32.5,21352.0,397766.0,119583.0,18.98853763827897
152,2015,San Diego County,0.0,100.0,100.0,100.0,66.6696153846154,0.0,64309.0,3223096.0,35.1,31266.0,454876.0,139302.0,14.113014319151524
153,2015,San Francisco County,0.0,100.0,100.0,100.0,4.751153846153846,0.0,81294.0,840763.0,38.5,52220.0,109524.0,34785.0,13.02673880748796
154,2015,San Joaquin County,0.0,100.0,100.0,100.0,100.0,99.97076923076922,53274.0,708554.0,33.5,22645.0,129390.0,44592.0,18.261134648876443
155,2015,San Luis Obispo County,0.0,100.0,100.0,100.0,100.0,99.97,60691.0,276517.0,39.3,31060.0,38630.0,8764.0,13.97020797997953
156,2015,San Mateo County,0.0,100.0,100.0,100.0,88.84769230769236,0.0,93623.0,748731.0,39.5,48278.0,59232.0,27732.0,7.91098538727527
157,2015,Santa Barbara County,0.0,100.0,100.0,100.0,100.0,100.0,63985.0,435850.0,33.6,30589.0,68017.0,17816.0,15.60559825628083
158,2015,Santa Clara County,0.0,100.0,100.0,100.0,89.92423076923079,24.67,96310.0,1868149.0,36.8,43880.0,175690.0,76126.0,9.404496108179808
159,2015,Santa Cruz County,0.0,100.0,100.0,100.0,68.44576923076919,0.0,67256.0,269278.0,37.0,33241.0,39053.0,10866.0,14.50285578472805
160,2015,Shasta County,0.0,100.0,100.0,100.0,69.16230769230768,14.62384615384614,44620.0,178942.0,42.2,24107.0,31707.0,7965.0,17.71914922153547
161,2015,Sierra County,0.0,100.0,100.0,100.0,100.0,78.95999999999997,42833.0,3021.0,54.5,29986.0,438.0,96.0,14.498510427010924
162,2015,Siskiyou County,0.0,100.0,99.86153846153844,96.10442307692314,25.962884615384624,0.029230769230769244,37170.0,43895.0,47.8,22561.0,10026.0,2337.0,22.84087025857159
163,2015,Solano County,0.0,100.0,100.0,100.0,100.0,9.442307692307686,66828.0,425753.0,37.3,29185.0,55534.0,24000.0,13.043713138838717
164,2015,Sonoma County,0.0,100.0,100.0,100.0,18.747307692307686,0.0,64240.0,495078.0,40.8,34235.0,57179.0,21168.0,11.549493211170764
165,2015,Stanislaus County,0.0,100.0,100.0,100.0,100.0,100.0,50125.0,527367.0,33.5,21922.0,105927.0,37259.0,20.086012207817326
166,2015,Sutter County,0.0,100.0,100.0,100.0,100.0,96.15384615384616,52017.0,95247.0,35.4,23689.0,16743.0,5691.0,17.578506409650696
167,2015,Tehama County,0.0,100.0,100.0,100.0,85.47461538461536,12.208461538461535,41001.0,63152.0,40.5,21263.0,12313.0,3511.0,19.497403090955157
168,2015,Trinity County,0.0,100.0,100.0,100.0,11.468653846153845,0.0,34974.0,13373.0,50.3,22975.0,2562.0,479.0,19.15800493531743
169,2015,Tulare County,0.0,100.0,100.0,100.0,100.0,99.38230769230769,42031.0,454033.0,30.3,17876.0,125775.0,23322.0,27.70173093145212
170,2015,Tuolumne County,0.0,100.0,100.0,100.0,100.0,99.74499999999999,50306.0,54079.0,48.6,27054.0,7010.0,2878.0,12.962517798036206
171,2015,Ventura County,0.0,100.0,100.0,100.0,100.0,100.0,77348.0,840833.0,37.1,33435.0,91880.0,37593.0,10.927259039547687
172,2015,Yolo County,0.0,100.0,100.0,100.0,100.0,86.97115384615378,54989.0,207320.0,30.9,28116.0,39688.0,9225.0,19.143353270306772
173,2015,Yuba County,0.0,100.0,100.0,100.0,100.0,96.08499999999994,46892.0,73437.0,32.1,20471.0,15862.0,4424.0,21.599466209131638
174,2016,Alameda County,0.0,100.0,99.88730769230769,85.74346153846157,55.45942307692306,6.056153846153844,79831.0,1605217.0,37.2,39042.0,189590.0,61327.0,11.810864200914892
175,2016,Alpine County,0.0,100.0,100.0,99.10365384615385,46.28057692307693,21.75096153846154,62375.0,1184.0,42.8,26783.0,221.0,55.0,18.66554054054054
176,2016,Amador County,0.0,100.0,100.0,95.17942307692311,36.33538461538462,26.976923076923075,57032.0,36963.0,50.3,27496.0,3684.0,1677.0,9.966723480236993
177,2016,Butte County,0.0,100.0,89.20288461538462,38.46153846153846,28.959615384615386,19.313269230769226,44366.0,223877.0,36.9,25077.0,46456.0,10933.0,20.750680060926314
178,2016,Calaveras County,0.0,100.0,100.0,100.0,82.12903846153846,30.44519230769231,53502.0,44787.0,51.2,30577.0,5641.0,1758.0,12.595172706365686
179,2016,Colusa County,0.0,100.0,99.87653846153846,63.10653846153846,31.187884615384615,7.492115384615385,54946.0,21361.0,34.7,25745.0,2859.0,871.0,13.384204859323065
180,2016,Contra Costa County,0.0,100.0,99.81634615384615,88.07865384615387,48.26942307692309,2.7523076923076926,82881.0,1107925.0,39.1,40792.0,111922.0,43374.0,10.101947333980188
181,2016,Del Norte County,47.704038461538445,52.29596153846155,8.51,0.0,0.0,0.0,42363.0,27628.0,38.1,20282.0,5219.0,1041.0,18.89025626176343
182,2016,El Dorado County,0.0,100.0,99.13788461538462,58.69057692307692,29.959807692307688,18.72153846153846,72586.0,183000.0,45.2,37089.0,17839.0,8506.0,9.748087431693989
183,2016,Fresno County,0.0,100.0,100.0,100.0,100.0,72.93461538461541,45963.0,963160.0,31.6,21057.0,254872.0,51478.0,26.462062378005733
184,2016,Glenn County,0.0,100.0,99.51769230769231,38.46153846153846,23.888461538461545,3.526346153846153,41699.0,27976.0,36.9,20362.0,5578.0,1172.0,19.93851873034029
185,2016,Humboldt County,38.92903846153846,61.07096153846154,13.149230769230769,0.0,0.0,0.0,42685.0,135182.0,37.6,24038.0,27641.0,6228.0,20.447248894083533
186,2016,Imperial County,0.0,100.0,97.48500000000003,84.086923076923,0.0,0.0,42560.0,178807.0,32.2,16311.0,40552.0,12048.0,22.679201597252906
187,2016,Inyo County,0.0,100.0,98.62692307692305,85.39211538461535,46.26000000000002,15.760384615384615,47278.0,18326.0,45.4,28678.0,1905.0,555.0,10.395067117756193
188,2016,Kern County,0.0,100.0,100.0,100.0,100.0,73.22730769230763,49788.0,871337.0,31.2,21094.0,194354.0,44848.0,22.30526191358797
189,2016,Kings County,0.0,100.0,100.0,100.0,100.0,95.84615384615384,47241.0,150261.0,31.4,19123.0,28661.0,6890.0,19.074144322212682
190,2016,Lake County,0.0023076923076923075,99.9976923076923,94.7290384615385,28.205576923076926,4.4180769230769235,0.0,36132.0,64076.0,45.8,21799.0,15561.0,3554.0,24.28522379674137
191,2016,Lassen County,0.06557692307692307,99.93442307692308,90.18307692307692,52.58480769230769,27.31346153846154,7.325192307692307,51457.0,31945.0,36.4,20072.0,3558.0,942.0,11.137893254030365
192,2016,Los Angeles County,0.0,100.0,100.0,100.0,100.0,85.97057692307693,57952.0,10057155.0,35.8,29301.0,1764081.0,460565.0,17.54055694677073
193,2016,Madera County,0.0,100.0,100.0,100.0,100.0,56.874230769230785,45742.0,153366.0,33.5,19021.0,32043.0,4872.0,20.893157544697
194,2016,Marin County,1.9128846153846153,98.08711538461537,21.923076923076923,13.238461538461538,0.0,0.0,100310.0,259358.0,45.7,63608.0,20445.0,7021.0,7.882926302639595
195,2016,Mariposa County,0.0,100.0,100.0,100.0,100.0,60.80192307692305,49265.0,17645.0,50.6,27832.0,2849.0,780.0,16.146217058656845
196,2016,Mendocino County,4.669615384615384,95.33038461538462,49.56999999999998,8.217115384615385,0.0,0.0,43510.0,87409.0,42.3,25278.0,17366.0,4526.0,19.867519362994656
197,2016,Merced County,0.0,100.0,100.0,100.0,100.0,30.76923076923077,44397.0,265001.0,30.6,19130.0,62661.0,18143.0,23.645571148788118
198,2016,Modoc County,1.9713461538461536,98.02865384615384,82.35942307692306,23.322499999999998,12.550961538461538,0.4896153846153846,41194.0,9033.0,47.1,21899.0,1483.0,259.0,16.417579984501273
199,2016,Mono County,0.0,100.0,100.0,100.0,93.48384615384613,29.462884615384613,58937.0,14051.0,38.9,31059.0,1222.0,665.0,8.696889901074657
200,2016,Monterey County,0.0,100.0,99.7884615384615,85.2492307692308,75.85346153846153,54.00057692307694,60889.0,430201.0,33.7,25947.0,66289.0,13288.0,15.408843773027026
201,2016,Napa County,0.22653846153846152,99.77346153846155,52.15307692307694,24.603846153846156,10.19519230769231,0.008653846153846154,74609.0,140823.0,40.7,38057.0,12086.0,4910.0,8.582404862842008
202,2016,Nevada County,0.0,100.0,87.50846153846155,46.26499999999999,27.068846153846152,14.859038461538463,57429.0,98639.0,49.5,33385.0,11835.0,3968.0,11.998296819716339
203,2016,Orange County,0.0,100.0,100.0,100.0,100.0,74.02903846153846,78145.0,3132211.0,37.3,35939.0,385556.0,111106.0,12.309387841368286
204,2016,Placer County,0.0,100.0,91.96288461538461,46.29653846153846,26.802500000000002,16.134423076923078,76926.0,370571.0,41.5,37914.0,31932.0,12582.0,8.616972186166754
205,2016,Plumas County,0.06692307692307692,99.93307692307692,88.29711538461538,46.222307692307695,28.401538461538465,14.609807692307694,50125.0,18754.0,51.7,31292.0,2346.0,977.0,12.509331342646902
206,2016,Riverside County,0.0,100.0,97.14326923076925,70.52865384615384,21.919999999999995,0.3261538461538462,57972.0,2323892.0,34.8,24443.0,376689.0,120960.0,16.20940215810373
207,2016,Sacramento County,0.0,100.0,100.0,94.92903846153848,37.77307692307692,26.961153846153856,57509.0,1479300.0,35.7,28292.0,260877.0,74025.0,17.63516528087609
208,2016,San Benito County,0.0,100.0,100.0,99.9975,97.53153846153842,67.89307692307692,73814.0,58051.0,35.1,27848.0,6224.0,3211.0,10.721606862930871
209,2016,San Bernardino County,0.0,100.0,89.36903846153842,60.9463461538461,36.12596153846153,0.6390384615384613,54469.0,2106754.0,32.7,21857.0,392195.0,104472.0,18.616079523285585
210,2016,San Diego County,0.0,100.0,100.0,100.0,66.61000000000003,0.0,66529.0,3253356.0,35.3,32482.0,444024.0,126990.0,13.648183598720829
211,2016,San Francisco County,1.3365384615384615,98.66346153846153,32.23076923076922,21.085576923076925,0.07692307692307693,0.0,87701.0,850282.0,38.4,55567.0,104180.0,32234.0,12.252405672471015
212,2016,San Joaquin County,0.0,100.0,100.0,100.0,85.28115384615383,30.76923076923077,55045.0,714860.0,33.7,23477.0,124587.0,38954.0,17.428167753126488
213,2016,San Luis Obispo County,0.0,100.0,100.0,100.0,100.0,89.73903846153843,64014.0,278680.0,39.0,32335.0,37208.0,7479.0,13.35151428161332
214,2016,San Mateo County,1.6373076923076924,98.36269230769231,21.176923076923078,21.153846153846153,6.792307692307692,0.0,98546.0,754748.0,39.5,50262.0,57490.0,23439.0,7.617111936699402
215,2016,Santa Barbara County,0.0,100.0,100.0,100.0,100.0,100.0,65161.0,439395.0,33.7,31098.0,66880.0,16101.0,15.220928777068469
216,2016,Santa Clara County,0.0017307692307692306,99.99826923076922,86.05192307692306,76.86846153846153,47.59519230769233,7.717692307692309,101173.0,1885056.0,36.8,46034.0,172213.0,65981.0,9.135696764446255
217,2016,Santa Cruz County,0.9146153846153846,99.08538461538463,29.76384615384616,23.750384615384615,5.479807692307692,0.0,70088.0,270931.0,37.0,34732.0,39211.0,10361.0,14.472688618135244
218,2016,Shasta County,15.72192307692308,84.27807692307692,46.02846153846154,23.653846153846153,6.956538461538461,0.8446153846153847,45582.0,179228.0,42.3,25094.0,30945.0,6728.0,17.26571741022608
219,2016,Sierra County,0.0,100.0,90.22096153846154,56.4098076923077,29.73846153846154,14.504038461538462,43984.0,2931.0,55.2,31873.0,329.0,50.0,11.224837939269873
220,2016,Siskiyou County,26.97326923076923,73.02673076923075,29.36423076923077,14.234230769230768,1.9307692307692308,0.0015384615384615385,38524.0,43668.0,47.9,23542.0,9524.0,2161.0,21.81002106805899
221,2016,Solano County,0.0,100.0,96.31500000000005,74.59980769230773,30.404807692307692,2.5853846153846147,69227.0,429596.0,37.5,30251.0,53265.0,21347.0,12.398858462369295
222,2016,Sonoma County,1.6207692307692307,98.37923076923077,23.90115384615385,14.803846153846154,0.6653846153846155,0.0,66833.0,497776.0,41.2,35639.0,55095.0,18297.0,11.068231493683905
223,2016,Stanislaus County,0.0,100.0,100.0,100.0,99.77846153846153,30.76923076923077,51591.0,530561.0,33.8,22915.0,95739.0,33913.0,18.04486194801352
224,2016,Sutter County,0.0,100.0,100.0,38.46153846153846,30.76923076923077,26.923076923076923,52943.0,95406.0,35.6,24335.0,16535.0,4836.0,17.33119510303335
225,2016,Tehama County,2.619230769230769,97.38076923076923,87.61711538461542,38.11673076923077,18.464038461538465,1.3340384615384617,40687.0,63015.0,40.6,21521.0,13363.0,3340.0,21.206062048718557
226,2016,Trinity County,16.99057692307692,83.00942307692307,39.370961538461536,12.81480769230769,0.0,0.0,35270.0,13180.0,50.6,22387.0,2607.0,526.0,19.77996965098634
227,2016,Tulare County,0.0,100.0,100.0,100.0,100.0,97.02307692307689,42789.0,455769.0,30.4,18257.0,127130.0,20254.0,27.893516233004
228,2016,Tuolumne County,0.0,100.0,100.0,100.0,99.72038461538463,35.30480769230769,50731.0,53864.0,48.2,29431.0,7176.0,2570.0,13.322441705034903
229,2016,Ventura County,0.0,100.0,100.0,100.0,100.0,100.0,78593.0,843110.0,37.3,34331.0,88486.0,32651.0,10.49519042592307
230,2016,Yolo County,0.0,100.0,99.975,87.60000000000001,36.04173076923077,22.83538461538462,57663.0,209671.0,30.9,28996.0,38898.0,8105.0,18.551921820375732
231,2016,Yuba County,0.0,100.0,93.35961538461538,38.46153846153846,29.35576923076923,22.579615384615387,48739.0,73897.0,32.2,21418.0,15080.0,3822.0,20.406782413359135
232,2017,Alameda County,92.8076923076923,7.1923076923076925,3.755769230769231,2.379230769230769,0.0,0.0,85743.0,1629615.0,37.3,41363.0,181194.0,53175.0,11.11882254397511
233,2017,Alpine County,94.2875,5.7125,3.998846153846154,3.511923076923077,0.0,0.0,63438.0,1203.0,44.9,27448.0,235.0,64.0,19.534497090606816
234,2017,Amador County,93.59134615384617,6.408653846153846,3.9142307692307696,3.4526923076923075,0.0,0.0,60636.0,37306.0,50.6,29628.0,3564.0,1371.0,9.55342304186994
235,2017,Butte County,96.15384615384616,3.8461538461538463,0.6646153846153846,0.0,0.0,0.0,46516.0,225207.0,36.9,26304.0,44977.0,9329.0,19.97140408601864
236,2017,Calaveras County,87.79326923076925,12.20673076923077,7.93923076923077,4.976538461538461,2.276923076923077,0.0,54800.0,45057.0,51.6,31652.0,5676.0,1281.0,12.597376656235435
237,2017,Colusa County,96.15384615384616,3.8461538461538463,3.5992307692307692,0.0,0.0,0.0,56481.0,21479.0,34.7,25676.0,2979.0,592.0,13.869360770985613
238,2017,Contra Costa County,93.32057692307694,6.679423076923078,3.536923076923077,2.438076923076923,0.0,0.0,88456.0,1123678.0,39.2,42898.0,108630.0,39750.0,9.667360222412471
239,2017,Del Norte County,100.0,0.0,0.0,0.0,0.0,0.0,41287.0,27442.0,38.7,20809.0,5571.0,916.0,20.30099846949931
240,2017,El Dorado County,95.93307692307692,4.066923076923077,2.943076923076923,0.38961538461538464,0.0,0.0,74885.0,185015.0,45.5,38156.0,17996.0,7042.0,9.726778909818123
241,2017,Fresno County,64.63519230769234,35.3648076923077,13.163461538461538,9.069615384615386,6.669038461538462,2.078076923076923,48730.0,971616.0,31.8,22234.0,243040.0,45315.0,25.0139972993446
242,2017,Glenn County,96.15384615384616,3.8461538461538463,2.886923076923077,0.0,0.0,0.0,46260.0,27935.0,36.8,21029.0,5404.0,1096.0,19.344907821729013
243,2017,Humboldt County,100.0,0.0,0.0,0.0,0.0,0.0,43718.0,135490.0,37.7,25208.0,27481.0,5850.0,20.282677688390287
244,2017,Imperial County,0.17192307692307696,99.8280769230769,87.67942307692304,29.02461538461538,0.0,0.0,44779.0,179957.0,32.2,17303.0,40376.0,11415.0,22.436470934723296
245,2017,Inyo County,73.47365384615377,26.526346153846152,11.48423076923077,5.643653846153845,1.9653846153846155,0.495,51500.0,18195.0,45.6,30323.0,1806.0,450.0,9.925803792250619
246,2017,Kern County,49.23307692307695,50.76692307692308,17.114807692307693,10.293076923076923,6.9253846153846155,3.0403846153846157,50826.0,878744.0,31.3,21716.0,191123.0,41082.0,21.74956528863924
247,2017,Kings County,66.12692307692309,33.87307692307692,13.737692307692308,10.16403846153846,7.6923076923076925,3.6153846153846154,49742.0,150183.0,31.5,19835.0,28013.0,5683.0,18.652577189162557
248,2017,Lake County,96.34807692307693,3.651923076923077,0.24730769230769228,0.0,0.0,0.0,40446.0,64095.0,45.8,23345.0,14398.0,2872.0,22.4635306966222
249,2017,Lassen County,96.71730769230768,3.2826923076923076,1.2349999999999999,0.0,0.0,0.0,54083.0,31470.0,36.2,20974.0,3155.0,729.0,10.025421035907213
250,2017,Los Angeles County,0.0,100.0,62.248269230769246,14.075576923076921,8.552307692307693,3.081538461538462,61015.0,10105722.0,36.0,30798.0,1688505.0,406426.0,16.708405396467466
251,2017,Madera County,81.31653846153846,18.683461538461536,11.429230769230768,7.590769230769231,5.6140384615384615,0.0,48210.0,154440.0,33.7,19975.0,32244.0,5045.0,20.87801087801088
252,2017,Marin County,99.9796153846154,0.020384615384615386,0.0,0.0,0.0,0.0,104703.0,260814.0,46.1,66748.0,20515.0,6211.0,7.865758739944941
253,2017,Mariposa County,82.71461538461539,17.285384615384615,10.708076923076922,6.340576923076924,4.127884615384615,0.0,51385.0,17658.0,51.1,28241.0,2629.0,777.0,14.88843583644807
254,2017,Mendocino County,99.60269230769231,0.3973076923076923,0.0,0.0,0.0,0.0,46528.0,87497.0,42.4,27093.0,16448.0,4304.0,18.798358800873174
255,2017,Merced County,74.73903846153847,25.26096153846154,13.650769230769232,8.646153846153847,5.910576923076923,0.0,46338.0,267390.0,30.8,20120.0,60861.0,16969.0,22.76113542017278
256,2017,Modoc County,97.59769230769231,2.4023076923076925,0.0,0.0,0.0,0.0,39296.0,9017.0,47.8,22052.0,1584.0,263.0,17.566818232228012
257,2017,Mono County,89.37192307692308,10.628076923076922,7.220192307692307,5.378461538461538,3.069230769230769,0.0,60595.0,14058.0,38.3,30888.0,1378.0,290.0,9.802247830416844
258,2017,Monterey County,62.37634615384615,37.62365384615385,11.378076923076922,8.463076923076922,4.80576923076923,2.0296153846153846,63249.0,433168.0,33.9,27168.0,60933.0,11717.0,14.066828574594615
259,2017,Napa County,96.60692307692307,3.393076923076923,0.1473076923076923,0.0,0.0,0.0,79637.0,141005.0,40.8,40632.0,11285.0,4068.0,8.003262295663275
260,2017,Nevada County,96.15384615384616,3.8461538461538463,0.6546153846153846,0.0,0.0,0.0,60610.0,98838.0,49.8,35581.0,11861.0,3348.0,12.000445172909204
261,2017,Orange County,0.0,100.0,99.26019230769234,11.538461538461538,7.6923076923076925,0.0,81851.0,3155816.0,37.5,37603.0,378459.0,96039.0,11.992429216405519
262,2017,Placer County,96.15384615384616,3.8461538461538463,1.5592307692307692,0.0,0.0,0.0,80488.0,374985.0,41.6,39734.0,30473.0,10216.0,8.126458391669
263,2017,Plumas County,96.33230769230771,3.667692307692308,0.9011538461538462,0.0,0.0,0.0,50266.0,18724.0,52.1,32056.0,2439.0,752.0,13.0260628070925
264,2017,Riverside County,33.863653846153845,66.1363461538462,16.25211538461539,4.760192307692308,1.6592307692307693,0.0,60807.0,2355002.0,35.0,25700.0,362215.0,107383.0,15.380666343383147
265,2017,Sacramento County,92.68653846153846,7.313461538461539,3.8461538461538463,3.463461538461538,0.0,0.0,60239.0,1495400.0,35.9,29693.0,246203.0,64575.0,16.464023003878562
266,2017,San Benito County,14.294615384615376,85.70538461538459,15.961153846153847,12.497115384615386,6.220384615384615,2.289615384615385,80760.0,58671.0,35.4,30012.0,5670.0,2686.0,9.66405890473999
267,2017,San Bernardino County,66.7380769230769,33.26192307692307,11.58942307692308,4.717692307692308,1.2730769230769232,0.0,57156.0,2121220.0,32.9,22867.0,374810.0,95079.0,17.669548655962135
268,2017,San Diego County,0.0,100.0,31.817692307692298,10.316538461538462,4.286923076923077,0.0,70588.0,3283665.0,35.4,34350.0,427031.0,116758.0,13.004706631157564
269,2017,San Francisco County,98.82692307692308,1.1730769230769231,0.0,0.0,0.0,0.0,96265.0,864263.0,38.3,59508.0,99096.0,29102.0,11.465954229210322
270,2017,San Joaquin County,85.05711538461536,14.942884615384616,10.11923076923077,6.11326923076923,2.2965384615384616,0.0,57813.0,724153.0,33.9,24694.0,121296.0,33271.0,16.750051439405762
271,2017,San Luis Obispo County,3.417692307692306,96.5823076923077,22.87884615384615,12.767692307692307,7.196923076923077,3.3484615384615384,67175.0,280119.0,39.0,33972.0,36420.0,6586.0,13.001617169845673
272,2017,San Mateo County,99.42846153846155,0.5715384615384616,0.0,0.0,0.0,0.0,105667.0,763450.0,39.6,53516.0,54981.0,20174.0,7.201650402776868
273,2017,Santa Barbara County,0.0,100.0,99.72711538461543,17.99980769230769,9.16576923076923,4.729230769230769,68023.0,442996.0,33.7,32872.0,65493.0,14894.0,14.784106402766616
274,2017,Santa Clara County,90.48096153846156,9.51903846153846,5.334615384615384,2.713846153846154,0.15653846153846154,0.0,106761.0,1911226.0,37.0,48689.0,162525.0,58215.0,8.503703905241975
275,2017,Santa Cruz County,97.46980769230771,2.5301923076923076,0.5692307692307692,0.03923076923076923,0.0,0.0,73663.0,273263.0,37.3,36388.0,38605.0,9672.0,14.12741571306763
276,2017,Shasta County,100.0,0.0,0.0,0.0,0.0,0.0,47258.0,178919.0,41.8,26455.0,31967.0,5246.0,17.866744169149168
277,2017,Sierra County,96.15384615384616,3.8461538461538463,1.3438461538461537,0.0,0.0,0.0,44190.0,2885.0,55.0,31750.0,351.0,64.0,12.166377816291162
278,2017,Siskiyou County,100.0,0.0,0.0,0.0,0.0,0.0,40884.0,43530.0,47.9,24605.0,8915.0,1655.0,20.480128646910178
279,2017,Solano County,94.2423076923077,5.757692307692308,3.583846153846154,1.889230769230769,0.0,0.0,72950.0,434981.0,37.7,31934.0,48623.0,18266.0,11.178189392180348
280,2017,Sonoma County,99.75500000000001,0.245,0.0,0.0,0.0,0.0,71769.0,500943.0,41.4,37767.0,52707.0,15700.0,10.521556344733831
281,2017,Stanislaus County,83.27557692307693,16.724423076923078,12.811923076923078,7.251153846153846,3.4030769230769233,0.0,54260.0,535684.0,33.9,24007.0,91210.0,29240.0,17.026829250080272
282,2017,Sutter County,96.15384615384616,3.8461538461538463,3.8461538461538463,0.0,0.0,0.0,54347.0,95583.0,35.7,24849.0,15805.0,4491.0,16.535367167801805
283,2017,Tehama County,97.78346153846154,2.2165384615384616,0.08038461538461537,0.0,0.0,0.0,42512.0,63247.0,41.1,22631.0,13009.0,2692.0,20.56856451689408
284,2017,Trinity County,99.99038461538461,0.009615384615384616,0.0,0.0,0.0,0.0,36563.0,13037.0,51.4,23575.0,2545.0,507.0,19.521362276597376
285,2017,Tulare County,82.36326923076922,17.63673076923077,14.11423076923077,11.928461538461537,7.523076923076923,3.680769230769231,44871.0,458809.0,30.6,18962.0,122724.0,19405.0,26.748385493745765
286,2017,Tuolumne County,86.27249999999997,13.727500000000001,9.554423076923078,5.625576923076922,3.415,0.0,54325.0,53899.0,48.6,31570.0,6875.0,1750.0,12.75533868902948
287,2017,Ventura County,0.0,100.0,100.0,16.450384615384618,11.926538461538463,6.740769230769231,81972.0,847834.0,37.5,35771.0,85816.0,28752.0,10.121792709421891
288,2017,Yolo County,95.35923076923078,4.640769230769231,3.7961538461538464,0.7938461538461539,0.0,0.0,61621.0,212605.0,30.9,30615.0,39686.0,7489.0,18.666541238446886
289,2017,Yuba County,96.15384615384616,3.8461538461538463,2.048076923076923,0.0,0.0,0.0,51776.0,74644.0,32.4,22814.0,13598.0,3057.0,18.217137345265527
290,2018,Alameda County,31.103018867924533,68.89698113207547,8.47245283018868,0.0,0.0,0.0,92574.0,1643700.0,37.4,44283.0,170884.0,45110.0,10.396301028168157
291,2018,Alpine County,50.263584905660366,49.73641509433962,5.855660377358491,0.0,0.0,0.0,64688.0,1146.0,44.3,29041.0,227.0,79.0,19.80802792321117
292,2018,Amador County,74.63886792452831,25.36113207547169,2.310943396226415,0.0,0.0,0.0,61198.0,37829.0,50.5,30100.0,3323.0,1255.0,8.784266039282032
293,2018,Butte County,35.86433962264151,64.13566037735848,12.596792452830188,0.0,0.0,0.0,48443.0,227075.0,37.1,27537.0,44410.0,9085.0,19.557414951007377
294,2018,Calaveras County,65.1745283018868,34.8254716981132,1.909433962264151,0.0,0.0,0.0,58151.0,45235.0,52.1,32494.0,5242.0,1116.0,11.588371835967724
295,2018,Colusa County,12.473584905660378,87.52641509433961,39.38849056603774,0.0,0.0,0.0,56704.0,21464.0,35.1,27336.0,2929.0,520.0,13.646105106224375
296,2018,Contra Costa County,27.210566037735845,72.78943396226414,5.660377358490566,0.0,0.0,0.0,93712.0,1133247.0,39.4,45524.0,102543.0,35563.0,9.048601055198029
297,2018,Del Norte County,48.94603773584905,51.05396226415095,38.167735849056605,11.472264150943396,0.0,0.0,45258.0,27424.0,38.6,22832.0,5458.0,796.0,19.90227537922987
298,2018,El Dorado County,68.77754716981131,31.222452830188683,2.5362264150943394,0.0,0.0,0.0,80582.0,186661.0,45.8,40382.0,16537.0,5480.0,8.859376088202678
299,2018,Fresno County,11.328679245283016,88.67132075471697,48.76377358490568,6.933962264150943,0.0,0.0,51261.0,978130.0,32.0,23284.0,232067.0,41276.0,23.725578399599236
300,2018,Glenn County,12.613962264150942,87.38603773584904,38.373018867924515,0.0,0.0,0.0,47395.0,27897.0,36.6,21736.0,5152.0,806.0,18.467935620317597
301,2018,Humboldt County,48.97886792452829,51.02113207547171,20.720754716981133,0.2328301886792453,0.0,0.0,45528.0,135768.0,38.0,26747.0,26957.0,5327.0,19.855194154734548
302,2018,Imperial County,0.0,100.0,98.66188679245285,74.02792452830188,51.116226415094296,0.0,45834.0,180216.0,32.4,17590.0,41191.0,10782.0,22.856461135526256
303,2018,Inyo County,6.368867924528302,93.63113207547168,9.341698113207546,0.0,0.0,0.0,52874.0,18085.0,45.7,31540.0,1792.0,447.0,9.908764169200996
304,2018,Kern County,1.6447169811320754,98.35528301886791,79.19905660377356,9.525283018867926,0.0,0.0,52479.0,883053.0,31.5,22553.0,187232.0,39056.0,21.202804361686105
305,2018,Kings County,0.0,100.0,90.56603773584905,11.320754716981131,0.0,0.0,53865.0,150075.0,31.7,21186.0,28084.0,4855.0,18.713310011660838
306,2018,Lake County,21.54415094339623,78.45584905660377,46.395094339622624,0.0,0.0,0.0,42475.0,64148.0,45.6,25404.0,13224.0,2556.0,20.61482820976492
307,2018,Lassen County,69.78396226415094,30.216037735849067,9.287547169811322,0.0,0.0,0.0,56362.0,31185.0,36.0,21897.0,2933.0,570.0,9.405162738496072
308,2018,Los Angeles County,0.0,100.0,98.05,74.10226415094338,0.520188679245283,0.0,64251.0,10098052.0,36.2,32469.0,1589956.0,357178.0,15.745175406108029
309,2018,Madera County,12.825283018867925,87.17471698113208,23.907924528301884,6.266037735849057,0.0,0.0,52884.0,155013.0,33.9,21394.0,30549.0,5243.0,19.707379381084166
310,2018,Marin County,46.095471698113215,53.904528301886785,9.90056603773585,0.0,0.0,0.0,110217.0,260295.0,46.5,69275.0,19341.0,5149.0,7.4304154901169825
311,2018,Mariposa County,25.830754716981126,74.16924528301882,15.108301886792454,0.020377358490566034,0.0,0.0,51199.0,17540.0,51.4,29776.0,2435.0,676.0,13.882554161915621
312,2018,Mendocino County,41.86943396226415,58.13056603773587,21.513962264150944,0.0,0.0,0.0,49233.0,87422.0,42.8,27395.0,15877.0,3837.0,18.16133238772849
313,2018,Merced County,5.805660377358491,94.1943396226415,18.094716981132073,0.018113207547169812,0.0,0.0,50129.0,269075.0,30.9,21634.0,59660.0,14912.0,22.17225680572331
314,2018,Modoc County,44.835283018867926,55.164716981132095,8.73075471698113,3.306792452830189,0.0,0.0,45149.0,8938.0,47.7,23235.0,1435.0,274.0,16.05504587155963
315,2018,Mono County,53.49811320754717,46.50188679245282,4.460566037735849,0.0,0.0,0.0,63018.0,14174.0,38.3,33421.0,1454.0,262.0,10.258219274728376
316,2018,Monterey County,16.488301886792453,83.51169811320753,17.533773584905664,0.3724528301886792,0.0,0.0,66676.0,433212.0,34.1,28836.0,58699.0,10475.0,13.549716997682427
317,2018,Napa County,29.4433962264151,70.55660377358491,21.320943396226436,0.0,0.0,0.0,84753.0,140530.0,41.1,42677.0,11168.0,3728.0,7.9470575677791215
318,2018,Nevada County,54.06509433962265,45.93490566037736,4.142641509433962,0.0,0.0,0.0,63240.0,99092.0,50.1,37145.0,11169.0,2971.0,11.271343801719613
319,2018,Orange County,0.0,100.0,99.91603773584903,77.06943396226418,0.0,0.0,85398.0,3164182.0,37.8,39590.0,359503.0,84431.0,11.361641018120956
320,2018,Placer County,58.68,41.31999999999999,4.250754716981132,0.0,0.0,0.0,84357.0,380077.0,41.9,41508.0,30293.0,9005.0,7.9702270855642405
321,2018,Plumas County,68.26981132075471,31.7301886792453,11.320754716981131,0.0,0.0,0.0,53270.0,18699.0,52.2,32710.0,2146.0,516.0,11.476549548104177
322,2018,Riverside County,0.0,100.0,93.05471698113209,57.458490566037774,9.26132075471698,0.0,63948.0,2383286.0,35.3,27142.0,345724.0,94709.0,14.506190192868166
323,2018,Sacramento County,69.94,30.059999999999995,6.083018867924528,0.0,0.0,0.0,63902.0,1510023.0,36.0,31311.0,235982.0,54551.0,15.62770898191617
324,2018,San Benito County,2.098490566037736,97.90150943396227,12.327358490566015,0.0,0.0,0.0,81977.0,59416.0,35.5,31475.0,5459.0,2294.0,9.187760872492259
325,2018,San Bernardino County,0.0,100.0,82.44792452830194,24.063962264150934,0.7124528301886792,0.0,60164.0,2135413.0,33.1,23956.0,359080.0,85647.0,16.815482531950494
326,2018,San Diego County,0.0,100.0,92.20754716981129,62.736981132075464,1.3098113207547173,0.0,74855.0,3302833.0,35.6,36156.0,403190.0,106962.0,12.207398920865815
327,2018,San Francisco County,43.43641509433962,56.56358490566038,5.700566037735849,0.0,0.0,0.0,104552.0,870044.0,38.2,64157.0,92979.0,25320.0,10.686700902483093
328,2018,San Joaquin County,63.67981132075474,36.3201886792453,6.602830188679245,0.0,0.0,0.0,61145.0,732212.0,34.1,26145.0,114294.0,28989.0,15.609413667080027
329,2018,San Luis Obispo County,0.4745283018867924,99.52547169811325,82.24773584905662,35.29566037735847,0.0,0.0,70699.0,281455.0,39.1,35832.0,35303.0,6175.0,12.543035298715603
330,2018,San Mateo County,42.96358490566037,57.03641509433962,10.162641509433962,0.0,0.0,0.0,113776.0,765935.0,39.6,57375.0,53387.0,17556.0,6.970173709257313
331,2018,Santa Barbara County,0.0,100.0,99.96886792452831,84.71584905660383,3.0950943396226416,0.0,71657.0,443738.0,33.7,34229.0,63010.0,13861.0,14.199820614867331
332,2018,Santa Clara County,28.258113207547172,71.74188679245285,11.320754716981131,0.0,0.0,0.0,116178.0,1922200.0,37.0,52451.0,149850.0,49598.0,7.795754864218083
333,2018,Santa Cruz County,40.13113207547171,59.86886792452829,11.320754716981131,0.0,0.0,0.0,78041.0,273765.0,37.4,39001.0,37429.0,9027.0,13.671944916260296
334,2018,Shasta County,35.697547169811315,64.30245283018868,23.163207547169797,0.0,0.0,0.0,50905.0,179085.0,41.8,27983.0,30186.0,4824.0,16.85568305553229
335,2018,Sierra County,65.63509433962264,34.36490566037735,10.803773584905661,0.0,0.0,0.0,48125.0,2930.0,55.5,31972.0,241.0,60.0,8.225255972696246
336,2018,Siskiyou County,18.47735849056604,81.52264150943398,36.53188679245284,18.205283018867927,2.6641509433962267,0.0,44200.0,43540.0,48.0,28130.0,8374.0,1440.0,19.23288929719798
337,2018,Solano County,19.048113207547168,80.95188679245277,8.024528301886798,0.0,0.0,0.0,77609.0,438530.0,37.9,33700.0,44427.0,15346.0,10.130891843203429
338,2018,Sonoma County,46.54094339622642,53.45905660377358,11.098867924528301,0.0,0.0,0.0,76753.0,501317.0,41.7,39929.0,50714.0,13543.0,10.116154050231689
339,2018,Stanislaus County,23.01471698113208,76.98528301886793,10.980377358490564,0.0,0.0,0.0,57387.0,539301.0,34.0,25101.0,86066.0,26130.0,15.958805935831753
340,2018,Sutter County,36.311509433962264,63.68849056603773,11.903396226415094,0.0,0.0,0.0,56955.0,95872.0,35.7,26070.0,15181.0,4144.0,15.834654539385848
341,2018,Tehama County,22.61471698113208,77.38528301886792,30.24264150943395,0.0,0.0,0.0,42899.0,63373.0,40.9,23126.0,13464.0,2484.0,21.245640888075364
342,2018,Trinity County,30.019622641509432,69.98037735849057,37.26867924528302,3.1498113207547163,0.0,0.0,38497.0,12862.0,51.8,25964.0,2491.0,446.0,19.367127973876535
343,2018,Tulare County,10.065471698113205,89.9345283018868,29.7288679245283,5.8732075471698115,0.0,0.0,47518.0,460477.0,30.8,20421.0,115786.0,18321.0,25.144795505530134
344,2018,Tuolumne County,39.85396226415095,60.14603773584904,8.41132075471698,0.0,0.0,0.0,56493.0,53932.0,48.4,33685.0,6715.0,1516.0,12.450864051027219
345,2018,Ventura County,0.0,100.0,100.0,82.00396226415096,9.780000000000001,0.0,84017.0,848112.0,37.9,36891.0,80058.0,25853.0,9.439555153092988
346,2018,Yolo County,19.072075471698113,80.92792452830189,30.088490566037738,0.0,0.0,0.0,65923.0,214977.0,31.0,32598.0,40583.0,6722.0,18.877833442647354
347,2018,Yuba County,38.327547169811325,61.67245283018868,10.611132075471698,0.0,0.0,0.0,52624.0,75493.0,32.5,23867.0,13298.0,2648.0,17.614878200627874
348,2019,Alameda County,82.2451923076923,17.754807692307693,3.821346153846154,0.0,0.0,0.0,99406.0,1656754.0,37.6,47314.0,161581.0,41725.0,9.752866146694078
349,2019,Alpine County,86.25173076923076,13.74826923076923,0.0,0.0,0.0,0.0,63750.0,1039.0,52.2,36739.0,205.0,49.0,19.73051010587103
350,2019,Amador County,86.45769230769231,13.542307692307693,0.0,0.0,0.0,0.0,62772.0,38429.0,50.5,31987.0,3451.0,1010.0,8.980197246870853
351,2019,Butte County,82.6923076923077,17.307692307692307,7.6923076923076925,0.0,0.0,0.0,52537.0,225817.0,37.1,29506.0,41974.0,8462.0,18.587617407015415
352,2019,Calaveras County,87.70173076923076,12.29826923076923,0.0,0.0,0.0,0.0,63158.0,45514.0,52.0,33456.0,5147.0,1174.0,11.308608340290899
353,2019,Colusa County,83.99307692307693,16.006923076923076,2.866153846153846,0.0,0.0,0.0,59401.0,21454.0,35.3,26932.0,2774.0,435.0,12.929989745502004
354,2019,Contra Costa County,84.53461538461539,15.465384615384616,0.0,0.0,0.0,0.0,99716.0,1142251.0,39.7,48178.0,98595.0,31392.0,8.631640506333547
355,2019,Del Norte County,82.74461538461539,17.255384615384614,13.55326923076923,0.16846153846153847,0.0,0.0,45283.0,27495.0,39.5,23674.0,4760.0,751.0,17.312238588834333
356,2019,El Dorado County,85.33134615384614,14.668653846153843,0.0,0.0,0.0,0.0,83377.0,188563.0,45.9,42749.0,15643.0,4917.0,8.295901104670588
357,2019,Fresno County,80.8276923076923,19.172307692307697,3.63,0.0,0.0,0.0,53969.0,984521.0,32.2,24422.0,218254.0,38876.0,22.16854693805414
358,2019,Glenn County,83.24153846153848,16.75846153846154,4.726153846153846,0.0,0.0,0.0,49633.0,27976.0,36.4,22668.0,4818.0,635.0,17.221904489562483
359,2019,Humboldt County,81.54115384615385,18.458846153846153,9.706346153846154,0.0015384615384615385,0.0,0.0,48041.0,135940.0,38.4,28769.0,26674.0,5253.0,19.621892011181405
360,2019,Imperial County,43.45096153846154,56.54903846153846,16.018653846153843,2.043076923076923,0.0,0.0,47622.0,180701.0,32.4,18018.0,41100.0,9924.0,22.744755148006927
361,2019,Inyo County,74.60365384615383,25.396346153846157,5.8532692307692304,0.0,0.0,0.0,57316.0,17977.0,45.8,32590.0,1635.0,355.0,9.094954664293263
362,2019,Kern County,78.57346153846154,21.42653846153846,6.52326923076923,0.0,0.0,0.0,53350.0,887641.0,31.6,23326.0,179980.0,37459.0,20.276215271714577
363,2019,Kings County,78.23134615384616,21.768653846153846,7.6923076923076925,0.0,0.0,0.0,57848.0,150691.0,31.8,22373.0,24725.0,4496.0,16.407748306136398
364,2019,Lake County,80.72730769230769,19.27269230769231,7.6923076923076925,0.0,0.0,0.0,47040.0,64195.0,45.6,27362.0,11753.0,2327.0,18.308279461017214
365,2019,Lassen County,88.02115384615384,11.978846153846153,6.310769230769231,0.0,0.0,0.0,56352.0,30818.0,36.6,22134.0,2830.0,598.0,9.182945032124083
366,2019,Los Angeles County,78.71653846153846,21.283461538461538,9.614038461538462,2.853269230769231,0.13653846153846153,0.0,68044.0,10081570.0,36.5,34156.0,1480446.0,319435.0,14.684677088985149
367,2019,Madera County,83.66211538461539,16.33788461538462,0.9515384615384614,0.0,0.0,0.0,57585.0,155433.0,34.1,22853.0,29273.0,5554.0,18.833195010068646
368,2019,Marin County,81.81307692307693,18.186923076923076,5.762307692307692,0.0,0.0,0.0,115246.0,259943.0,46.8,72466.0,18349.0,5039.0,7.058855210565393
369,2019,Mariposa County,88.74480769230772,11.255192307692305,0.0,0.0,0.0,0.0,48820.0,17420.0,51.7,28757.0,2616.0,634.0,15.017221584385764
370,2019,Mendocino County,79.70173076923076,20.29826923076923,7.6923076923076925,0.0,0.0,0.0,51416.0,87224.0,43.1,29035.0,15251.0,3571.0,17.48486655049069
371,2019,Merced County,80.6598076923077,19.34019230769231,5.3538461538461535,0.0,0.0,0.0,53672.0,271382.0,31.1,23011.0,56217.0,14137.0,20.71508058751133
372,2019,Modoc County,78.62307692307692,21.376923076923074,3.572307692307692,0.8376923076923077,0.0,0.0,45507.0,8907.0,47.8,22843.0,1618.0,278.0,18.165487818569666
373,2019,Mono County,83.44365384615384,16.556346153846157,0.0,0.0,0.0,0.0,62260.0,14310.0,37.7,34552.0,1713.0,291.0,11.970649895178196
374,2019,Monterey County,78.84615384615384,21.153846153846153,7.694807692307692,0.0,0.0,0.0,71015.0,433410.0,34.4,30073.0,54393.0,9696.0,12.550010382778432
375,2019,Napa County,83.50346153846155,16.49653846153846,4.203076923076923,0.0,0.0,0.0,88596.0,139623.0,41.3,45195.0,10614.0,3331.0,7.601899400528566
376,2019,Nevada County,84.46384615384615,15.536153846153844,0.3761538461538461,0.0,0.0,0.0,66096.0,99244.0,50.5,39233.0,10844.0,2133.0,10.926605134819233
377,2019,Orange County,37.243076923076934,62.756923076923094,10.468846153846155,3.8461538461538463,0.0,0.0,90234.0,3168044.0,38.1,41514.0,340048.0,77176.0,10.733689304820262
378,2019,Placer County,84.0025,15.997500000000002,0.4815384615384615,0.0,0.0,0.0,89691.0,385512.0,42.0,43759.0,29588.0,7902.0,7.674988067816306
379,2019,Plumas County,87.85884615384614,12.141153846153847,7.6923076923076925,0.0,0.0,0.0,55359.0,18660.0,52.3,35198.0,2224.0,439.0,11.918542336548768
380,2019,Riverside County,58.387884615384635,41.612115384615365,13.63326923076923,0.9238461538461539,0.0,0.0,67005.0,2411439.0,35.6,28596.0,325279.0,83356.0,13.488999721742909
381,2019,Sacramento County,84.265,15.735000000000001,1.3776923076923078,0.0,0.0,0.0,67151.0,1524553.0,36.2,32751.0,220713.0,49129.0,14.477227095417476
382,2019,San Benito County,78.85461538461537,21.145384615384614,7.6923076923076925,0.0,0.0,0.0,86958.0,60376.0,35.7,33174.0,5061.0,2163.0,8.38246985557175
383,2019,San Bernardino County,73.81769230769231,26.182307692307692,9.055769230769233,0.6186538461538462,0.0,0.0,63362.0,2149031.0,33.3,25215.0,333613.0,75886.0,15.52388029767835
384,2019,San Diego County,21.766730769230783,78.23326923076921,13.561153846153847,1.2873076923076923,0.0,0.0,78980.0,3316073.0,35.8,38073.0,374787.0,101445.0,11.30213357787962
385,2019,San Francisco County,84.58807692307693,15.411923076923076,0.054615384615384614,0.0,0.0,0.0,112449.0,874961.0,38.2,68883.0,89030.0,23040.0,10.175310670989907
386,2019,San Joaquin County,84.25538461538461,15.744615384615384,1.4323076923076923,0.0,0.0,0.0,64432.0,742603.0,34.3,27521.0,105461.0,26334.0,14.201531639382011
387,2019,San Luis Obispo County,78.84615384615384,21.153846153846153,9.605,1.2938461538461539,0.0,0.0,73518.0,282165.0,39.2,37233.0,33261.0,5530.0,11.787783743554304
388,2019,San Mateo County,81.44307692307692,18.556923076923077,6.118461538461539,0.0,0.0,0.0,122641.0,767423.0,39.7,61545.0,51085.0,16104.0,6.656693896325756
389,2019,Santa Barbara County,78.84692307692308,21.153076923076924,9.615384615384615,3.5875000000000004,0.5290384615384616,0.0,74624.0,444829.0,33.8,36039.0,57556.0,13147.0,12.938904612783789
390,2019,Santa Clara County,82.16173076923077,17.83826923076923,7.6923076923076925,0.0,0.0,0.0,124055.0,1927470.0,37.1,56248.0,142534.0,44635.0,7.394875147213705
391,2019,Santa Cruz County,80.70307692307694,19.296923076923076,7.6923076923076925,0.0,0.0,0.0,82234.0,273962.0,37.8,41312.0,34419.0,8264.0,12.56342120440061
392,2019,Shasta County,83.75634615384614,16.243653846153848,7.623461538461539,0.0,0.0,0.0,54667.0,179212.0,41.5,29720.0,29423.0,4280.0,16.417985402763208
393,2019,Sierra County,84.3698076923077,15.630192307692308,7.165384615384616,0.0,0.0,0.0,52148.0,3040.0,54.8,33747.0,291.0,71.0,9.572368421052632
394,2019,Siskiyou County,75.63634615384615,24.36365384615385,15.210769230769229,8.43846153846154,1.3576923076923075,0.0,45241.0,43468.0,47.8,28615.0,8102.0,1269.0,18.638998803717676
395,2019,Solano County,84.61538461538461,15.384615384615385,0.0,0.0,0.0,0.0,81472.0,441829.0,38.1,35400.0,41121.0,13191.0,9.306994334912376
396,2019,Sonoma County,81.02038461538463,18.979615384615382,7.390769230769231,0.0,0.0,0.0,81018.0,499772.0,42.1,42178.0,45418.0,11658.0,9.08774401126914
397,2019,Stanislaus County,83.28730769230768,16.712692307692308,5.2784615384615385,0.0,0.0,0.0,60704.0,543194.0,34.1,26258.0,81415.0,22800.0,14.988199427828732
398,2019,Sutter County,82.6923076923077,17.307692307692307,7.6923076923076925,0.0,0.0,0.0,59050.0,96109.0,35.7,27371.0,14687.0,3531.0,15.281607341664152
399,2019,Tehama County,82.79961538461538,17.200384615384618,6.840769230769231,0.0,0.0,0.0,44514.0,63912.0,41.0,24301.0,13930.0,2318.0,21.795593941669797
400,2019,Trinity County,81.2423076923077,18.757692307692306,9.24923076923077,1.5984615384615386,0.0,0.0,40846.0,12700.0,52.5,26523.0,2372.0,432.0,18.677165354330707
401,2019,Tulare County,83.44269230769231,16.55730769230769,1.3469230769230771,0.0,0.0,0.0,49687.0,461898.0,31.0,21380.0,108512.0,18841.0,23.49263257255931
402,2019,Tuolumne County,87.64038461538463,12.359615384615388,0.0,0.0,0.0,0.0,60108.0,54045.0,48.4,34702.0,6443.0,1156.0,11.9215468590989
403,2019,Ventura County,78.84615384615384,21.153846153846153,9.615384615384615,4.724807692307692,2.5671153846153847,0.0,88131.0,847263.0,38.1,38595.0,74645.0,22340.0,8.810133335221767
404,2019,Yolo County,84.07576923076923,15.924230769230768,2.4515384615384614,0.0,0.0,0.0,70228.0,217352.0,31.0,34515.0,39919.0,6562.0,18.366060583753544
405,2019,Yuba County,82.86576923076925,17.13423076923077,6.968461538461539,0.0,0.0,0.0,58054.0,76360.0,32.8,25583.0,11572.0,2297.0,15.154531168150864
406,2020,Alameda County,100.0,0.0,0.0,0.0,0.0,0.0,,,,,,,
407,2020,Alpine County,100.0,0.0,0.0,0.0,0.0,0.0,,,,,,,
408,2020,Amador County,100.0,0.0,0.0,0.0,0.0,0.0,,,,,,,
409,2020,Butte County,100.0,0.0,0.0,0.0,0.0,0.0,,,,,,,
410,2020,Calaveras County,100.0,0.0,0.0,0.0,0.0,0.0,,,,,,,
411,2020,Colusa County,100.0,0.0,0.0,0.0,0.0,0.0,,,,,,,
412,2020,Contra Costa County,100.0,0.0,0.0,0.0,0.0,0.0,,,,,,,
413,2020,Del Norte County,100.0,0.0,0.0,0.0,0.0,0.0,,,,,,,
414,2020,El Dorado County,100.0,0.0,0.0,0.0,0.0,0.0,,,,,,,
415,2020,Fresno County,100.0,0.0,0.0,0.0,0.0,0.0,,,,,,,
416,2020,Glenn County,100.0,0.0,0.0,0.0,0.0,0.0,,,,,,,
417,2020,Humboldt County,100.0,0.0,0.0,0.0,0.0,0.0,,,,,,,
418,2020,Imperial County,100.0,0.0,0.0,0.0,0.0,0.0,,,,,,,
419,2020,Inyo County,100.0,0.0,0.0,0.0,0.0,0.0,,,,,,,
420,2020,Kern County,100.0,0.0,0.0,0.0,0.0,0.0,,,,,,,
421,2020,Kings County,100.0,0.0,0.0,0.0,0.0,0.0,,,,,,,
422,2020,Lake County,100.0,0.0,0.0,0.0,0.0,0.0,,,,,,,
423,2020,Lassen County,98.74,1.26,0.0,0.0,0.0,0.0,,,,,,,
424,2020,Los Angeles County,100.0,0.0,0.0,0.0,0.0,0.0,,,,,,,
425,2020,Madera County,100.0,0.0,0.0,0.0,0.0,0.0,,,,,,,
426,2020,Marin County,100.0,0.0,0.0,0.0,0.0,0.0,,,,,,,
427,2020,Mariposa County,100.0,0.0,0.0,0.0,0.0,0.0,,,,,,,
428,2020,Mendocino County,100.0,0.0,0.0,0.0,0.0,0.0,,,,,,,
429,2020,Merced County,100.0,0.0,0.0,0.0,0.0,0.0,,,,,,,
430,2020,Modoc County,22.87,77.13,0.0,0.0,0.0,0.0,,,,,,,
431,2020,Mono County,100.0,0.0,0.0,0.0,0.0,0.0,,,,,,,
432,2020,Monterey County,100.0,0.0,0.0,0.0,0.0,0.0,,,,,,,
433,2020,Napa County,100.0,0.0,0.0,0.0,0.0,0.0,,,,,,,
434,2020,Nevada County,100.0,0.0,0.0,0.0,0.0,0.0,,,,,,,
435,2020,Orange County,100.0,0.0,0.0,0.0,0.0,0.0,,,,,,,
436,2020,Placer County,100.0,0.0,0.0,0.0,0.0,0.0,,,,,,,
437,2020,Plumas County,100.0,0.0,0.0,0.0,0.0,0.0,,,,,,,
438,2020,Riverside County,100.0,0.0,0.0,0.0,0.0,0.0,,,,,,,
439,2020,Sacramento County,100.0,0.0,0.0,0.0,0.0,0.0,,,,,,,
440,2020,San Benito County,100.0,0.0,0.0,0.0,0.0,0.0,,,,,,,
441,2020,San Bernardino County,100.0,0.0,0.0,0.0,0.0,0.0,,,,,,,
442,2020,San Diego County,100.0,0.0,0.0,0.0,0.0,0.0,,,,,,,
443,2020,San Francisco County,100.0,0.0,0.0,0.0,0.0,0.0,,,,,,,
444,2020,San Joaquin County,100.0,0.0,0.0,0.0,0.0,0.0,,,,,,,
445,2020,San Luis Obispo County,100.0,0.0,0.0,0.0,0.0,0.0,,,,,,,
446,2020,San Mateo County,100.0,0.0,0.0,0.0,0.0,0.0,,,,,,,
447,2020,Santa Barbara County,100.0,0.0,0.0,0.0,0.0,0.0,,,,,,,
448,2020,Santa Clara County,100.0,0.0,0.0,0.0,0.0,0.0,,,,,,,
449,2020,Santa Cruz County,100.0,0.0,0.0,0.0,0.0,0.0,,,,,,,
450,2020,Shasta County,100.0,0.0,0.0,0.0,0.0,0.0,,,,,,,
451,2020,Sierra County,100.0,0.0,0.0,0.0,0.0,0.0,,,,,,,
452,2020,Siskiyou County,63.05,36.95,0.0,0.0,0.0,0.0,,,,,,,
453,2020,Solano County,100.0,0.0,0.0,0.0,0.0,0.0,,,,,,,
454,2020,Sonoma County,100.0,0.0,0.0,0.0,0.0,0.0,,,,,,,
455,2020,Stanislaus County,100.0,0.0,0.0,0.0,0.0,0.0,,,,,,,
456,2020,Sutter County,100.0,0.0,0.0,0.0,0.0,0.0,,,,,,,
457,2020,Tehama County,100.0,0.0,0.0,0.0,0.0,0.0,,,,,,,
458,2020,Trinity County,100.0,0.0,0.0,0.0,0.0,0.0,,,,,,,
459,2020,Tulare County,100.0,0.0,0.0,0.0,0.0,0.0,,,,,,,
460,2020,Tuolumne County,100.0,0.0,0.0,0.0,0.0,0.0,,,,,,,
461,2020,Ventura County,100.0,0.0,0.0,0.0,0.0,0.0,,,,,,,
462,2020,Yolo County,100.0,0.0,0.0,0.0,0.0,0.0,,,,,,,
463,2020,Yuba County,100.0,0.0,0.0,0.0,0.0,0.0,,,,,,,
