AcresBurned,ArchiveYear,CountyIds,Counties,Latitude,Longitude
257314.0,2013,55,Tuolumne,37.857,-120.086
30274.0,2013,19,Los Angeles,34.585595,-118.423176
27531.0,2013,33,Riverside,33.7095,-116.72885
27440.0,2013,31,Placer,39.12,-120.65
24251.0,2013,56,Ventura,0.0,0.0
22992.0,2013,10,Fresno,37.279,-119.318
20292.0,2013,33,Riverside,33.86157,-116.90427
14754.0,2013,47,Siskiyou,41.32,-123.176
12503.0,2013,12,Humboldt,41.035,-123.488
11429.0,2013,52,Tehama,40.042629999999996,-121.85396999999999
8073.0,2013,45,Shasta,40.498332,-122.535496
7055.0,2013,37,San Diego,32.95435,-116.47381000000001
6965.0,2013,52,Tehama,40.190062,-121.595555
4346.0,2013,"15,56",Kern,34.7861,-118.9411
4346.0,2013,"15,56",Ventura,34.7861,-118.9411
3505.0,2013,49,Sonoma,38.8167,-122.8498
3166.0,2013,33,Riverside,34.288877,-116.94131100000001
3111.0,2013,7,Contra Costa,37.90757,-121.88258200000001
2781.0,2013,37,San Diego,33.121109999999994,-116.52578999999999
2462.0,2013,4,Butte,39.446267999999996,-121.38236
2236.0,2013,37,San Diego,33.341,-117.3092
2060.0,2013,54,Tulare,36.208,-118.444
1984.0,2013,42,Santa Barbara,34.55048,-119.82428999999999
1708.0,2013,22,Mariposa,37.58202,-119.91071000000001
1383.0,2013,"33,",Riverside,33.62236,-117.40288000000001
1271.0,2013,37,San Diego,33.044579999999996,-116.5209
1070.0,2013,55,Tuolumne,38.25108,-120.02778
917.0,2013,27,Monterey,0.0,0.0
794.0,2013,15,Kern,35.707,-118.588
712.0,2013,15,Kern,34.882,-118.9194
712.0,2013,19,Los Angeles,34.49149,-118.61004399999999
612.0,2013,15,Kern,34.90327,-118.93388
572.0,2013,9,El Dorado,38.774,-120.29799999999999
534.0,2013,36,San Bernardino,34.071556,-117.048397
513.0,2013,32,Plumas,40.00842,-120.76466599999999
510.0,2013,33,Riverside,33.894055,-116.855019
502.0,2013,25,Modoc,41.2415,-121.035
500.0,2013,40,San Luis Obispo,35.15832,-120.05131000000002
492.0,2013,7,Contra Costa,37.96866,-121.91453
482.0,2013,20,Madera,37.015575,-119.78106000000001
413.0,2013,36,San Bernardino,34.302,-117.598
406.0,2013,14,Inyo,36.602575,-118.01651000000001
376.0,2013,28,Napa,38.628,-122.289
354.0,2013,35,San Benito,37.160346000000004,-120.937494
311.0,2013,33,Riverside,0.0,0.0
305.0,2013,4,Butte,39.439,-121.49700000000001
303.0,2013,39,San Joaquin,38.049929999999996,-120.90325
298.0,2013,4,Butte,39.434183000000004,-121.57680400000001
296.0,2013,17,Lake,0.0,0.0
274.0,2013,7,Contra Costa,39.90465,-121.74367
274.0,2013,20,Madera,37.116295,-119.63500400000001
268.0,2013,19,Los Angeles,34.149,-117.90799999999999
263.0,2013,37,San Diego,32.710918,-116.746023
243.0,2013,36,San Bernardino,34.35,-117.62
240.0,2013,1,Alameda,37.775057000000004,-121.73721299999998
237.0,2013,31,Placer,38.729296999999995,-121.38086200000001
226.0,2013,11,Glenn,0.0,0.0
217.0,2013,11,Glenn,39.514139,-122.56086200000001
213.0,2013,27,Monterey,0.0,0.0
200.0,2013,36,San Bernardino,34.2,-117.417
200.0,2013,52,Tehama,40.012398,-122.079871
196.0,2013,45,Shasta,40.5445,-121.3754
195.0,2013,52,Tehama,39.961309,-122.33087900000001
190.0,2013,28,Napa,38.382,-122.311
170.0,2013,42,Santa Barbara,34.611824,-120.074655
163.0,2013,57,Yolo,38.67479,-122.08725
163.0,2013,"9,34",El Dorado,38.63987,-121.08438000000001
163.0,2013,"9,34",Sacramento,38.63987,-121.08438000000001
159.0,2013,49,Sonoma,38.34599,-122.6503
158.0,2013,49,Sonoma,38.17693,-122.51253
150.0,2013,1,Alameda,0.0,0.0
150.0,2013,33,Riverside,33.990128000000006,-117.164997
150.0,2013,50,Stanislaus,37.436,-121.1955
150.0,2013,10,Fresno,36.7218,-119.2248
150.0,2013,4,Butte,0.0,0.0
149.0,2013,19,Los Angeles,34.419284000000005,-118.58688000000001
134.0,2013,54,Tulare,36.258,-118.459
125.0,2013,49,Sonoma,38.638828000000004,-122.655616
124.0,2013,48,Solano,38.08744,-122.13802
124.0,2013,24,Merced,37.03776,-121.00693899999999
124.0,2013,33,Riverside,33.963591,-117.18793400000001
120.0,2013,17,Lake,38.882214000000005,-122.567525
116.0,2013,9,El Dorado,38.682378,-120.839075
110.0,2013,36,San Bernardino,34.287,-117.45100000000001
108.0,2013,10,Fresno,36.772425,-119.62838899999998
105.0,2013,27,Monterey,36.1531,-120.8973
100.0,2013,19,Los Angeles,0.0,0.0
100.0,2013,55,Tuolumne,37.91529,-120.33313000000001
100.0,2013,37,San Diego,32.564465000000006,-116.900368
98.0,2013,23,Mendocino,38.9252,-122.96600000000001
97.0,2013,25,Modoc,41.73325,-120.375
97.0,2013,36,San Bernardino,33.641999999999996,-116.706
97.0,2013,18,Lassen,40.88886,-120.95812600000001
96.0,2013,3,Amador,38.27783,-120.966016
94.0,2013,40,San Luis Obispo,35.4393,-120.8358
92.0,2013,4,Butte,39.6612,-121.50353999999999
91.0,2013,20,Madera,37.1927,-119.7917
90.0,2013,33,Riverside,33.9582,-116.6534
85.0,2013,40,San Luis Obispo,35.62743,-120.83417
82.0,2013,23,Mendocino,39.0442,-123.1478
80.0,2013,4,Butte,39.731878,-121.71393799999998
80.0,2013,10,Fresno,0.0,0.0
75.0,2013,52,Tehama,0.0,0.0
75.0,2013,36,San Bernardino,34.316,-117.352
75.0,2013,20,Madera,37.169379,-119.75636000000002
75.0,2013,36,San Bernardino,34.1834,-117.4408
75.0,2013,28,Napa,38.441792,-122.350844
73.0,2013,36,San Bernardino,34.003151,-117.106075
73.0,2013,58,Yuba,39.205999999999996,-121.31634
72.0,2013,4,Butte,0.0,0.0
70.0,2013,17,Lake,39.013682,-122.49189399999999
68.0,2013,25,Modoc,41.568999999999996,-120.959
64.0,2013,56,Ventura,34.384,-119.13248999999999
60.0,2013,33,Riverside,38.838,-116.61
60.0,2013,33,Riverside,33.910270000000004,-116.99895
52.0,2013,29,Nevada,39.333401,-121.107022
51.0,2013,40,San Luis Obispo,35.457978000000004,-120.75155500000001
50.0,2013,17,Lake,39.0448,-122.7656
50.0,2013,47,Siskiyou,41.923322999999996,-122.57839299999999
50.0,2013,43,Santa Clara,37.1438,-121.7804
50.0,2013,1,Alameda,37.7393,-121.5869
50.0,2013,40,San Luis Obispo,35.5123,-120.6368
46.0,2013,5,Calaveras,38.06231,-120.45233
46.0,2013,10,Fresno,37.03087,-119.463757
45.0,2013,23,Mendocino,38.980846,-123.06767099999999
44.0,2013,56,Ventura,0.0,0.0
43.0,2013,45,Shasta,40.373000000000005,-122.7338
42.0,2013,33,Riverside,33.969359999999995,-117.1265
41.0,2013,41,San Mateo,37.667295,-122.42728500000001
40.0,2013,43,Santa Clara,37.342186,-121.717706
40.0,2013,30,Orange,33.7655,-117.6649
40.0,2013,37,San Diego,0.0,0.0
40.0,2013,33,Riverside,33.570291,-116.10815
40.0,2013,47,Siskiyou,0.0,0.0
40.0,2013,33,Riverside,33.9634,-117.2508
40.0,2013,33,Riverside,34.001745,-117.302057
40.0,2013,33,Riverside,33.655638,-116.161201
38.0,2013,9,El Dorado,38.89555,-120.84716
38.0,2013,17,Lake,39.1591,-122.5906
38.0,2013,1,Alameda,37.74241,-121.86216
35.0,2013,10,Fresno,36.763366999999995,-119.55824399999999
35.0,2013,40,San Luis Obispo,35.49864,-120.91375
34.0,2013,45,Shasta,0.0,0.0
33.0,2013,45,Shasta,40.483662,-122.140914
31.0,2013,5,Calaveras,37.965364,-120.69636200000001
30.0,2013,17,Lake,38.9777,-122.68299999999999
30.0,2013,17,Lake,38.992329999999995,-122.703193
30.0,2013,36,San Bernardino,34.288877,-116.94131100000001
28.0,2013,"49,48,17,6",Sonoma,38.4229,-122.0437
28.0,2013,"49,48,17,6",Solano,38.4229,-122.0437
28.0,2013,"49,48,17,6",Lake,38.4229,-122.0437
28.0,2013,"49,48,17,6",Colusa,38.4229,-122.0437
27.0,2013,45,Shasta,40.473356,-122.48258999999999
25.0,2013,37,San Diego,32.612773,-116.70733500000001
25.0,2013,17,Lake,38.980579999999996,-122.81796000000001
25.0,2013,33,Riverside,33.96201,-116.90721299999998
23.0,2013,17,Lake,38.9289,-122.5818
15.0,2013,23,Mendocino,0.0,0.0
15.0,2013,33,Riverside,33.94528,-117.09306000000001
15.0,2013,20,Madera,0.0,0.0
0.0,2013,12,Humboldt,41.333,-123.376
0.0,2013,33,Riverside,33.99647,-116.84137
97717.0,2014,9,El Dorado,38.805437,-120.62971399999999
50042.0,2014,47,Siskiyou,0.0,0.0
39736.0,2014,45,Shasta,40.900999999999996,-121.368
35302.0,2014,47,Siskiyou,42.048,-122.345
32496.0,2014,47,Siskiyou,0.0,0.0
32416.0,2014,45,Shasta,40.72,-121.56200000000001
14416.0,2014,37,San Diego,0.0,0.0
13838.0,2014,20,Madera,0.0,0.0
13153.0,2014,25,Modoc,41.1336,-121.2144
12661.0,2014,45,Shasta,40.4314,-122.75078799999999
12536.0,2014,23,Mendocino,0.0,0.0
6488.0,2014,57,Yolo,38.512,-122.104
6258.0,2014,45,Shasta,41.141000000000005,-122.805
5503.0,2014,47,Siskiyou,41.681999999999995,-122.12700000000001
5367.0,2014,37,San Diego,33.3529,-117.28488899999999
4840.0,2014,27,Monterey,0.0,0.0
4772.0,2014,22,Mariposa,0.0,0.0
4689.0,2014,22,Mariposa,0.0,0.0
4300.0,2014,"28,17",Napa,38.664,-122.454
4300.0,2014,"28,17",Lake,38.664,-122.454
4240.0,2014,"3,9",Amador,38.5691,-120.7819
4240.0,2014,"3,9",El Dorado,38.5691,-120.7819
4045.0,2014,15,Kern,35.7206,-118.4747
3895.0,2014,15,Kern,35.70683,-118.555527
2143.0,2014,36,San Bernardino,34.169346000000004,-117.547374
1995.0,2014,37,San Diego,33.1137,-117.1599
1952.0,2014,19,Los Angeles,34.1703,-117.8816
1680.0,2014,15,Kern,35.641999999999996,-118.15
1651.0,2014,25,Modoc,41.89,-120.79
1548.0,2014,37,San Diego,33.003,-117.133
1469.0,2014,25,Modoc,41.489,-120.904
1457.0,2014,37,San Diego,33.417572,-117.55056699999999
1375.0,2014,45,Shasta,40.7101,-122.171
1080.0,2014,22,Mariposa,0.0,0.0
968.0,2014,30,Orange,33.748000000000005,-117.601
865.0,2014,52,Tehama,40.134597,-121.79018300000001
677.0,2014,22,Mariposa,0.0,0.0
632.0,2014,42,Santa Barbara,34.609,-120.454
612.0,2014,20,Madera,37.3433,-119.6581
600.0,2014,37,San Diego,33.1109,-117.279
580.0,2014,53,Trinity,40.7412,-122.946
516.0,2014,47,Siskiyou,41.423840000000006,-122.37432
487.0,2014,55,Tuolumne,37.76617,-120.45087
459.0,2014,31,Placer,0.0,0.0
403.0,2014,23,Mendocino,0.0,0.0
400.0,2014,27,Monterey,36.6313,-121.4819
389.0,2014,4,Butte,0.0,0.0
380.0,2014,37,San Diego,33.312,-117.162
350.0,2014,33,Riverside,0.0,0.0
333.0,2014,12,Humboldt,40.884415000000004,-123.773779
320.0,2014,20,Madera,37.311915,-119.604124
311.0,2014,22,Mariposa,37.0,40.34
300.0,2014,22,Mariposa,0.0,0.0
300.0,2014,24,Merced,0.0,0.0
274.0,2014,19,Los Angeles,34.266999999999996,-117.867
269.0,2014,55,Tuolumne,37.787,-120.45200000000001
247.0,2014,29,Nevada,39.113682,-120.999508
225.0,2014,52,Tehama,40.009827,-122.345078
217.0,2014,37,San Diego,33.078948,-116.576454
210.0,2014,12,Humboldt,41.13399999999999,-123.75299999999999
190.0,2014,19,Los Angeles,34.235,-117.771
175.0,2014,17,Lake,39.1647,-122.5983
143.0,2014,45,Shasta,40.6569,-122.2215
130.0,2014,22,Mariposa,37.7103,-120.197
125.0,2014,43,Santa Clara,0.0,0.0
125.0,2014,37,San Diego,32.81,-116.49
120.0,2014,5,Calaveras,120.679019,38.178241
120.0,2014,31,Placer,0.0,0.0
113.0,2014,14,Inyo,37.399,-118.352
106.0,2014,10,Fresno,36.8266,-119.3415
105.0,2014,37,San Diego,0.0,0.0
101.0,2014,25,Modoc,41.507,-121.266
100.0,2014,17,Lake,0.0,0.0
100.0,2014,33,Riverside,0.0,0.0
94.0,2014,9,El Dorado,38.59,-120.02799999999999
90.0,2014,22,Mariposa,0.0,0.0
85.0,2014,5,Calaveras,38.058,-120.66
84.0,2014,29,Nevada,39.3918,-120.0805
80.0,2014,43,Santa Clara,0.0,0.0
80.0,2014,7,Contra Costa,37.5359,-121.5118
79.0,2014,22,Mariposa,0.0,0.0
78.0,2014,33,Riverside,0.0,0.0
75.0,2014,45,Shasta,40.5719,-121.3415
75.0,2014,27,Monterey,36.103,-121.117
72.0,2014,4,Butte,39.4664,-121.6129
70.0,2014,55,Tuolumne,37.8316,-120.3434
70.0,2014,15,Kern,0.0,0.0
70.0,2014,48,Solano,121.999,38.453
65.0,2014,14,Inyo,0.0,0.0
62.0,2014,23,Mendocino,0.0,0.0
60.0,2014,4,Butte,0.0,0.0
57.0,2014,33,Riverside,33.5982,-116.1985
56.0,2014,37,San Diego,0.0,0.0
50.0,2014,45,Shasta,40.39,-122.721
48.0,2014,36,San Bernardino,33.93869,-117.70643000000001
47.0,2014,",40",San Luis Obispo,35.8218,-121.0226
40.0,2014,10,Fresno,36.991825,-119.52550600000001
38.0,2014,29,Nevada,39.1871,-121.2687
37.0,2014,12,Humboldt,0.0,0.0
37.0,2014,50,Stanislaus,0.0,0.0
31.0,2014,33,Riverside,0.0,0.0
30.0,2014,47,Siskiyou,0.0,0.0
30.0,2014,9,El Dorado,38.608336,-120.70323799999998
29.0,2014,37,San Diego,32.665,-116.22200000000001
27.0,2014,28,Napa,38.695961,-122.384054
25.0,2014,56,Ventura,0.0,0.0
25.0,2014,45,Shasta,40.0,29.24
25.0,2014,10,Fresno,36.742746999999994,-119.24149299999999
20.0,2014,9,El Dorado,38.9195001,-120.1140659
20.0,2014,37,San Diego,32.59154,-116.89516
18.0,2014,12,Humboldt,0.0,0.0
15.0,2014,53,Trinity,40.41,-123.24
14.0,2014,31,Placer,0.0,0.0
14.0,2014,33,Riverside,0.0,0.0
10.0,2014,20,Madera,37.0,18.4
6.0,2014,28,Napa,0.0,0.0
0.0,2014,47,Siskiyou,41.79600000000001,-123.374
151623.0,2015,10,Fresno,36.874,-118.905
77081.0,2015,53,Trinity,0.0,0.0
69438.0,2015,17,Lake,38.886353799999995,-122.47624750000001
36503.0,2015,53,Trinity,0.0,0.0
31359.0,2015,36,San Bernardino,34.16027778,-116.89277779999999
30361.0,2015,8,Del Norte,0.0,0.0
29416.0,2015,53,Trinity,0.0,0.0
25118.0,2015,"17,28",Lake,38.8142503,-122.48673190000001
25118.0,2015,"17,28",Napa,38.8142503,-122.48673190000001
10570.0,2015,18,Lassen,40.938,-120.105
7509.0,2015,8,Del Norte,0.0,0.0
7000.0,2015,"14,26",Inyo,0.0,0.0
7000.0,2015,"14,26",Mono,0.0,0.0
6980.0,2015,54,Tulare,36.24,-118.54
5702.0,2015,20,Madera,37.279722,-119.50013999999999
4883.0,2015,12,Humboldt,0.0,0.0
4863.0,2015,25,Modoc,41.398999999999994,-121.39200000000001
4250.0,2015,36,San Bernardino,34.339,-117.478
3676.0,2015,26,Mono,0.0,0.0
2700.0,2015,1,Alameda,37.3845,-121.3732
2446.0,2015,40,San Luis Obispo,35.3477,-120.6269
2304.0,2015,29,Nevada,39.192088,-120.88231299999998
1850.0,2015,37,San Diego,0.0,0.0
1791.0,2015,40,San Luis Obispo,0.0,0.0
1542.0,2015,53,Trinity,40.924,-123.16799999999999
1450.0,2015,24,Merced,0.0,0.0
1333.0,2015,24,Merced,0.0,0.0
1086.0,2015,27,Monterey,36.3699644,-121.589554
1049.0,2015,33,Riverside,33.884313,-117.64275900000001
1042.0,2015,4,Butte,39.5218,-121.3363
920.0,2015,20,Madera,37.165766999999995,-119.52394299999999
860.0,2015,4,Butte,0.0,0.0
673.0,2015,17,Lake,55.23,-122.0
670.0,2015,35,San Benito,36.70854,-121.32733999999999
543.0,2015,33,Riverside,33.5736,-116.5387
509.0,2015,26,Mono,0.0,0.0
500.0,2015,20,Madera,0.0,0.0
430.0,2015,54,Tulare,36.085212,-118.82423500000002
415.0,2015,22,Mariposa,0.0,0.0
415.0,2015,19,Los Angeles,34.361007,-118.535793
400.0,2015,4,Butte,39.43963,-121.38793999999999
374.0,2015,19,Los Angeles,0.0,0.0
355.0,2015,3,Amador,0.0,0.0
300.0,2015,19,Los Angeles,0.0,0.0
300.0,2015,1,Alameda,0.0,0.0
282.0,2015,56,Ventura,0.0,0.0
275.0,2015,24,Merced,37.08312,-121.06963
242.0,2015,1,Alameda,0.0,0.0
227.0,2015,23,Mendocino,0.0,0.0
215.0,2015,43,Santa Clara,0.0,0.0
215.0,2015,17,Lake,38.925764,-122.879272
214.0,2015,30,Orange,33.7626,-117.7274
212.0,2015,45,Shasta,40.415108000000004,-122.439939
211.0,2015,42,Santa Barbara,0.0,0.0
204.0,2015,55,Tuolumne,37.823,-120.15643999999999
200.0,2015,19,Los Angeles,34.367,-117.68299999999999
200.0,2015,47,Siskiyou,41.485,-121.851
195.0,2015,7,Contra Costa,37.81629,-121.68113000000001
186.0,2015,56,Ventura,0.0,0.0
181.0,2015,47,Siskiyou,41.8048,-122.5029
171.0,2015,37,San Diego,32.9421,-116.8534
170.0,2015,10,Fresno,40.400196,-120.553075
170.0,2015,52,Tehama,39.8448,-122.3638
167.0,2015,15,Kern,0.0,0.0
167.0,2015,37,San Diego,33.383889,-116.86861100000002
164.0,2015,56,Ventura,0.0,0.0
158.0,2015,12,Humboldt,41.295667,-123.784067
158.0,2015,58,Yuba,39.2688,-121.26471000000001
150.0,2015,48,Solano,38.4113,-122.0789
150.0,2015,33,Riverside,0.0,0.0
146.0,2015,12,Humboldt,40.1058823,-124.0720419
137.0,2015,32,Plumas,40.05083333,-120.70166670000002
135.0,2015,20,Madera,37.072561,-119.6958
128.0,2015,53,Trinity,40.724897999999996,-122.96173999999999
122.0,2015,39,San Joaquin,0.0,0.0
116.0,2015,25,Modoc,41.29226,-121.17211699999999
114.0,2015,5,Calaveras,38.052,-120.5577
112.0,2015,55,Tuolumne,37.83618,-120.61691
111.0,2015,18,Lassen,0.0,0.0
110.0,2015,34,Sacramento,0.0,0.0
110.0,2015,52,Tehama,40.3506868,-121.77867990000001
110.0,2015,31,Placer,0.0,0.0
109.0,2015,45,Shasta,40.475120000000004,-122.52541000000001
108.0,2015,55,Tuolumne,38.04684,-120.30188000000001
104.0,2015,4,Butte,39.8707,-121.8938
100.0,2015,36,San Bernardino,34.165974,-117.24387800000001
95.0,2015,27,Monterey,36.5696373,-121.75560290000001
95.0,2015,40,San Luis Obispo,35.7183,-121.0157
90.0,2015,45,Shasta,40.49865,-122.20109
86.0,2015,54,Tulare,36.49845,-118.9009
80.0,2015,37,San Diego,32.6449163,-116.94543870000001
80.0,2015,33,Riverside,0.0,0.0
77.0,2015,25,Modoc,40.856421999999995,-121.101623
75.0,2015,45,Shasta,40.67868,-121.93243999999999
75.0,2015,45,Shasta,40.509552,-122.19922700000001
75.0,2015,9,El Dorado,38.775999999999996,-120.404
75.0,2015,4,Butte,0.0,0.0
72.0,2015,4,Butte,26.42,-121.0
69.0,2015,47,Siskiyou,0.0,0.0
67.0,2015,15,Kern,35.77937,-120.19481999999999
65.0,2015,36,San Bernardino,0.0,0.0
60.0,2015,10,Fresno,0.0,0.0
60.0,2015,18,Lassen,40.875667,-121.033667
60.0,2015,33,Riverside,0.0,0.0
60.0,2015,22,Mariposa,0.0,0.0
60.0,2015,3,Amador,38.260777000000004,-121.135426
59.0,2015,45,Shasta,40.3929,-122.40546
58.0,2015,47,Siskiyou,0.0,0.0
55.0,2015,36,San Bernardino,34.23,-116.883
55.0,2015,37,San Diego,33.4115972,-117.2886249
55.0,2015,52,Tehama,40.0133,-122.552
54.0,2015,36,San Bernardino,34.0783472,-117.04878629999999
53.0,2015,1,Alameda,0.0,0.0
52.0,2015,42,Santa Barbara,34.9522,-120.2903
50.0,2015,56,Ventura,34.15,-118.87944399999999
50.0,2015,23,Mendocino,39.433009999999996,-123.36316000000001
45.0,2015,15,Kern,0.0,0.0
45.0,2015,1,Alameda,0.0,0.0
45.0,2015,10,Fresno,0.0,0.0
43.0,2015,25,Modoc,0.0,0.0
42.0,2015,43,Santa Clara,0.0,0.0
40.0,2015,18,Lassen,40.400196,-120.553075
40.0,2015,50,Stanislaus,37.24523,-121.20324
40.0,2015,48,Solano,38.1029,-122.1578
38.0,2015,28,Napa,38.5287,-122.3415
36.0,2015,28,Napa,0.0,0.0
35.0,2015,53,Trinity,40.0,41.46
35.0,2015,9,El Dorado,0.0,0.0
35.0,2015,23,Mendocino,39.7806004,-123.24821399999999
30.0,2015,29,Nevada,39.080999999999996,-121.194
30.0,2015,18,Lassen,41.12362,-121.19425600000001
30.0,2015,58,Yuba,39.33303,-121.18735
29.0,2015,56,Ventura,0.0,0.0
26.0,2015,31,Placer,38.9361,-121.1548
25.0,2015,37,San Diego,32.682547,-116.51683999999999
25.0,2015,35,San Benito,36.8727,-121.5681
25.0,2015,37,San Diego,33.21407,-116.73472
25.0,2015,9,El Dorado,0.0,0.0
25.0,2015,22,Mariposa,0.0,0.0
25.0,2015,17,Lake,0.0,0.0
25.0,2015,33,Riverside,0.0,0.0
24.0,2015,47,Siskiyou,41.999340999999994,-121.891226
23.0,2015,23,Mendocino,39.0263,-123.303
22.0,2015,17,Lake,38.831478000000004,-122.53428000000001
21.0,2015,42,Santa Barbara,34.4828,-119.63216000000001
21.0,2015,33,Riverside,33.986204,-117.43942
20.0,2015,12,Humboldt,41.1513,-123.8292
19.0,2015,28,Napa,38.519132,-122.181878
18.0,2015,45,Shasta,40.5953,-122.4397
16.0,2015,12,Humboldt,40.1093,-123.774
0.0,2015,53,Trinity,0.0,0.0
0.0,2015,2,Alpine,38.598056,-119.751944
132127.0,2016,27,Monterey,36.45994,-121.89938000000001
48019.0,2016,15,Kern,35.6115,-118.45628
46344.0,2016,40,San Luis Obispo,35.70595,-120.98316000000001
36274.0,2016,36,San Bernardino,34.30372,-117.49342
33867.0,2016,47,Siskiyou,41.851000000000006,-123.118
32606.0,2016,42,Santa Barbara,0.0,0.0
29322.0,2016,15,Kern,35.7506,-118.5678
12518.0,2016,42,Santa Barbara,34.63445,-120.54421
8110.0,2016,36,San Bernardino,34.28771,-117.27338
7609.0,2016,37,San Diego,32.60729,-116.63028
7474.0,2016,42,Santa Barbara,34.775999999999996,-119.64299999999999
7050.0,2016,10,Fresno,36.099740000000004,-120.51057
5731.0,2016,57,Yolo,38.52513,-122.06788
5646.0,2016,"9,31",El Dorado,38.96741,-120.9375
5646.0,2016,"9,31",Placer,38.96741,-120.9375
5443.0,2016,14,Inyo,37.75985,-118.95308999999999
5399.0,2016,19,Los Angeles,0.0,0.0
4824.0,2016,19,Los Angeles,34.31,-118.335
4474.0,2016,43,Santa Clara,37.106320000000004,-121.85318000000001
4347.0,2016,54,Tulare,35.984,-118.551
3929.0,2016,17,Lake,38.89741,-122.60663999999998
3876.0,2016,27,Monterey,36.38123,-121.20058999999999
3712.0,2016,40,San Luis Obispo,0.0,0.0
2944.0,2016,10,Fresno,36.0749,-120.452041
2860.0,2016,47,Siskiyou,41.623000000000005,-123.557
2819.0,2016,26,Mono,0.0,0.0
2652.0,2016,25,Modoc,41.2649,-120.3178
2575.0,2016,18,Lassen,40.3915,-120.7845
2520.0,2016,27,Monterey,36.01542,-121.25028999999999
2304.0,2016,56,Ventura,34.701,-119.14399999999999
2241.0,2016,10,Fresno,37.01591,-119.50506999999999
2100.0,2016,10,Fresno,36.94536,-119.25958999999999
1785.0,2016,15,Kern,35.20993,-118.72272
1547.0,2016,49,Sonoma,38.80017,-122.82895
1470.0,2016,33,Riverside,0.0,0.0
1246.0,2016,24,Merced,37.07147,-121.20155
1245.0,2016,37,San Diego,33.393,-117.35093
1109.0,2016,19,Los Angeles,34.36763,-118.57245
1080.0,2016,55,Tuolumne,37.79635,-120.32484
850.0,2016,4,Butte,39.6871,-121.571
710.0,2016,47,Siskiyou,41.7813,-122.611
650.0,2016,26,Mono,37.97,-119.14
599.0,2016,12,Humboldt,41.284859999999995,-123.82268
554.0,2016,15,Kern,34.913000000000004,118.9082
550.0,2016,4,Butte,39.6708,-121.7192
518.0,2016,15,Kern,35.2013,-118.7212
464.0,2016,52,Tehama,40.0353,-122.56938999999998
450.0,2016,5,Calaveras,38.1874,-120.6381
441.0,2016,45,Shasta,40.36873,-122.72913
400.0,2016,58,Yuba,36.16965,-121.38775
395.0,2016,54,Tulare,36.1648,-118.73906000000001
380.0,2016,25,Modoc,41.4657,-120.9066
372.0,2016,3,Amador,38.385,-121.003611
360.0,2016,52,Tehama,40.30594,-122.1295
341.0,2016,5,Calaveras,38.08056,-120.81393999999999
310.0,2016,5,Calaveras,38.02845,-120.61153
306.0,2016,15,Kern,0.0,0.0
304.0,2016,15,Kern,35.4976,-118.5097
300.0,2016,51,Sutter,39.188321,-121.78003000000001
278.0,2016,10,Fresno,36.88286,-119.654
277.0,2016,57,Yolo,38.699709999999996,-122.15456999999999
248.0,2016,32,Plumas,39.92,-121.32
237.0,2016,35,San Benito,0.0,0.0
221.0,2016,15,Kern,35.68313,-118.21793000000001
215.0,2016,42,Santa Barbara,34.75134,-120.55297
215.0,2016,17,Lake,39.12366,-122.50373
211.0,2016,1,Alameda,37.74369,-121.58677
210.0,2016,3,Amador,38.26874,-120.90265
188.0,2016,10,Fresno,36.92244,-119.39618999999999
176.0,2016,9,El Dorado,38.934490000000004,-120.10744
173.0,2016,33,Riverside,0.0,0.0
169.0,2016,31,Placer,38.8390117,-121.3090268
158.0,2016,10,Fresno,36.84479,-119.34487
156.0,2016,19,Los Angeles,34.275999999999996,-118.354
151.0,2016,10,Fresno,0.0,0.0
150.0,2016,8,Del Norte,37.75972,-120.02962600000001
150.0,2016,30,Orange,33.6542,-117.5221
150.0,2016,40,San Luis Obispo,35.619609999999994,-120.39993
147.0,2016,39,San Joaquin,37.62215,-121.36665
145.0,2016,10,Fresno,36.14161,-120.62048
140.0,2016,50,Stanislaus,0.0,0.0
139.0,2016,33,Riverside,33.476894,-117.140883
138.0,2016,15,Kern,35.607479999999995,-118.94811000000001
132.0,2016,10,Fresno,36.787690000000005,-119.38248
130.0,2016,4,Butte,39.4403,-121.42647
123.0,2016,10,Fresno,37.0099,-119.5792
122.0,2016,26,Mono,0.0,0.0
120.0,2016,50,Stanislaus,37.17072,-121.42238
114.0,2016,43,Santa Clara,37.41896,-121.79668999999998
112.0,2016,4,Butte,39.595,-121.6008
103.0,2016,20,Madera,37.256009999999996,-119.65776000000001
100.0,2016,45,Shasta,40.0,-121.93923000000001
100.0,2016,43,Santa Clara,0.0,0.0
100.0,2016,15,Kern,35.24504,-118.60343999999999
100.0,2016,50,Stanislaus,0.0,0.0
100.0,2016,27,Monterey,35.85093,-120.81081
100.0,2016,37,San Diego,32.9612,-116.7945
95.0,2016,35,San Benito,5487.0,-120.841536
91.0,2016,4,Butte,39.33035,-121.78973
88.0,2016,4,Butte,39.79547,-121.71661999999999
88.0,2016,52,Tehama,40.07846,-122.2071
88.0,2016,31,Placer,38.86804,-121.37704
87.0,2016,34,Sacramento,38.517771999999994,-121.103642
86.0,2016,40,San Luis Obispo,35.70821,-120.82266000000001
85.0,2016,20,Madera,37.3228,-119.7738
85.0,2016,55,Tuolumne,37.927613,-120.52883600000001
84.0,2016,57,Yolo,38.8866,-122.04726000000001
83.0,2016,5,Calaveras,0.0,0.0
83.0,2016,35,San Benito,36.499140000000004,-121.04993
80.0,2016,52,Tehama,40.19611,-122.26736000000001
80.0,2016,20,Madera,0.0,0.0
80.0,2016,52,Tehama,39.7947,-121.85700000000001
78.0,2016,56,Ventura,36.92244,-119.39618999999999
75.0,2016,45,Shasta,40.68192,-122.4096
70.0,2016,10,Fresno,36.6543,-119.5327
70.0,2016,27,Monterey,36.2833,-121.3306
70.0,2016,37,San Diego,33.41639,-117.08828999999999
69.0,2016,17,Lake,39.0863,-122.7891
65.0,2016,28,Napa,38.40958,-122.43172
61.0,2016,15,Kern,35.77135,-120.251
57.0,2016,48,Solano,38.33475,-122.02564
57.0,2016,5,Calaveras,37.98171,-120.64241000000001
56.0,2016,47,Siskiyou,0.0,0.0
52.0,2016,27,Monterey,36.1934,-120.9293
50.0,2016,23,Mendocino,39.7299,-123.5044
50.0,2016,36,San Bernardino,34.3183,-117.3189
50.0,2016,9,El Dorado,38.79549,-121.00299
50.0,2016,56,Ventura,0.0,0.0
49.0,2016,4,Butte,39.43351,-121.6051
47.0,2016,29,Nevada,39.20427,-121.05948000000001
47.0,2016,30,Orange,33.578720000000004,-117.77395
45.0,2016,3,Amador,38.5212,-120.8416
45.0,2016,17,Lake,36.099740000000004,-120.51057
45.0,2016,56,Ventura,34.27619,-118.63264
43.0,2016,52,Tehama,39.93965,-122.40142
43.0,2016,15,Kern,0.0,0.0
42.0,2016,18,Lassen,0.0,0.0
40.0,2016,34,Sacramento,38.558,-121.1309
40.0,2016,33,Riverside,0.0,0.0
40.0,2016,7,Contra Costa,38.012640000000005,-122.1885
38.0,2016,29,Nevada,39.39051,-120.51886999999999
38.0,2016,20,Madera,37.24006,-119.4741
36.0,2016,23,Mendocino,39.8748511,-123.42670109999999
36.0,2016,17,Lake,38.68403,-122.26015
35.0,2016,37,San Diego,33.22558,-117.14546999999999
35.0,2016,45,Shasta,40.61213,-122.47091
35.0,2016,4,Butte,0.0,0.0
35.0,2016,5,Calaveras,37.96311,-120.67335
33.0,2016,5,Calaveras,38.22017,-120.8678
32.0,2016,47,Siskiyou,41.6314,-122.7933
32.0,2016,55,Tuolumne,37.81434,-120.69521
32.0,2016,34,Sacramento,38.3131,-121.06452
30.0,2016,4,Butte,39.8851,-121.6998
30.0,2016,14,Inyo,36.58972,-118.15588999999999
30.0,2016,35,San Benito,36.80296,-121.40303999999999
30.0,2016,4,Butte,39.624016999999995,-121.59509299999999
30.0,2016,24,Merced,37.2171,-121.08036000000001
28.0,2016,37,San Diego,33.254355,-117.158475
28.0,2016,37,San Diego,33.00056,-116.9571
26.0,2016,3,Amador,38.2581,-120.8657
26.0,2016,47,Siskiyou,41.961909999999996,-122.59328000000001
25.0,2016,43,Santa Clara,37.11831,-121.69783999999999
25.0,2016,43,Santa Clara,37.06531,-121.68576999999999
25.0,2016,9,El Dorado,0.0,0.0
25.0,2016,17,Lake,0.0,0.0
25.0,2016,9,El Dorado,38.64107,-120.6955
25.0,2016,27,Monterey,35.8378273,-121.0381507
24.0,2016,45,Shasta,40.61388,-122.46777
23.0,2016,12,Humboldt,40.4572,-124.05803999999999
23.0,2016,47,Siskiyou,41.71847,-122.36923999999999
21.0,2016,12,Humboldt,40.9878,-123.77832
20.0,2016,36,San Bernardino,34.25858,-117.4415
20.0,2016,17,Lake,39.1408865,-122.9148951
20.0,2016,56,Ventura,0.0,0.0
19.0,2016,3,Amador,0.0,0.0
15.0,2016,56,Ventura,33.11645,-116.58542
11.0,2016,52,Tehama,0.0,0.0
11.0,2016,45,Shasta,0.0,0.0
10.0,2016,54,Tulare,36.217,-118.551
0.0,2016,2,Alpine,38.575540000000004,-120.00606
0.0,2016,19,Los Angeles,0.0,0.0
0.0,2016,40,San Luis Obispo,35.01382,-119.58206000000001
0.0,2016,19,Los Angeles,0.0,0.0
0.0,2016,54,Tulare,35.84883,-118.08591000000001
0.0,2016,19,Los Angeles,34.6888731,-118.78925929999998
281893.0,2017,"42,56",Santa Barbara,34.415209999999995,-119.09123999999998
281893.0,2017,"42,56",Ventura,34.415209999999995,-119.09123999999998
83733.0,2017,18,Lassen,40.07045,-120.14013
83120.0,2017,25,Modoc,0.0,0.0
81826.0,2017,22,Mariposa,37.61757,-120.21321
78698.0,2017,47,Siskiyou,41.841,-123.47399999999999
56556.0,2017,"28,49",Napa,38.4041,-122.5209
56556.0,2017,"28,49",Sonoma,38.4041,-122.5209
51624.0,2017,"28,48",Napa,38.39206,-122.24367
51624.0,2017,"28,48",Solano,38.39206,-122.24367
48889.0,2017,16,Kings,35.93273,-120.20013999999999
39715.0,2017,47,Siskiyou,42.038999999999994,-123.21799999999999
36807.0,2017,"28,49",Napa,38.60895,-122.62879
36807.0,2017,"28,49",Sonoma,38.60895,-122.62879
36556.0,2017,54,Tulare,36.15356,-118.74103000000001
36523.0,2017,23,Mendocino,39.24873,-123.16635
28687.0,2017,40,San Luis Obispo,35.0179,-120.3223
27276.0,2017,47,Siskiyou,41.59,-123.501
21846.0,2017,53,Trinity,40.76025,-123.10003
18900.0,2017,54,Tulare,36.27138,-118.48555
18618.0,2017,18,Lassen,40.69573,-119.93498999999998
18430.0,2017,42,Santa Barbara,34.550959999999996,-119.9494
17357.0,2017,49,Sonoma,38.76549,-122.90938999999999
16031.0,2017,54,Tulare,0.0,0.0
15619.0,2017,19,Los Angeles,34.31283,-118.35863
13417.0,2017,53,Trinity,40.2275,-123.03583
12407.0,2017,20,Madera,37.44663,-119.64622
10343.0,2017,10,Fresno,36.12089,-120.37116
9989.0,2017,58,Yuba,39.321979999999996,-121.4021
9217.0,2017,30,Orange,33.87041,-117.70975
8925.0,2017,26,Mono,38.655,-119.55425
8417.0,2017,4,Butte,39.624959999999994,-121.52966
8094.0,2017,22,Mariposa,37.644,-119.618
7697.0,2017,25,Modoc,41.466,-120.321
7194.0,2017,19,Los Angeles,34.22957,-118.2674
7000.0,2017,22,Mariposa,37.538000000000004,-119.598
6309.0,2017,33,Riverside,33.530045,-116.594422
6151.0,2017,4,Butte,39.39455,-121.40613
6049.0,2017,19,Los Angeles,34.45283,-118.58188
6042.0,2017,18,Lassen,40.43962,-120.22215
6033.0,2017,4,Butte,39.453520000000005,-121.41221999999999
5738.0,2017,10,Fresno,36.07228,-120.26561000000001
5247.0,2017,50,Stanislaus,38.329,-119.78200000000001
4736.0,2017,53,Trinity,40.175979999999996,-123.36882
4310.0,2017,32,Plumas,39.9034,-120.9761
4100.0,2017,37,San Diego,33.3237,-117.163
4016.0,2017,4,Butte,39.577009999999994,-121.30208999999999
3874.0,2017,33,Riverside,33.974709999999995,-117.09983999999999
3142.0,2017,47,Siskiyou,41.853,-123.676
2940.0,2017,15,Kern,35.77896,-118.89627
2662.0,2017,30,Orange,33.8668,-117.68598
2575.0,2017,32,Plumas,39.75312,-120.75485
2312.0,2017,16,Kings,36.05187,-120.05403999999999
2295.0,2017,54,Tulare,36.257,-118.296
2289.0,2017,54,Tulare,36.0226,-118.94252
2269.0,2017,57,Yolo,38.49521,-122.0251
2207.0,2017,17,Lake,39.013870000000004,-122.64543
2056.0,2017,37,San Diego,32.65597,-116.80527
1868.0,2017,49,Sonoma,0.0,0.0
1816.0,2017,"27,40",Monterey,35.86949,-120.57893999999999
1816.0,2017,"27,40",San Luis Obispo,35.86949,-120.57893999999999
1800.0,2017,24,Merced,36.96655,-120.89261
1749.0,2017,50,Stanislaus,38.12,-119.941
1660.0,2017,49,Sonoma,38.14242,-122.47301000000002
1649.0,2017,10,Fresno,35.959109999999995,-120.55578999999999
1626.0,2017,15,Kern,35.59904,-119.08312
1598.0,2017,40,San Luis Obispo,35.4025,-120.4992
1538.0,2017,10,Fresno,36.269125,-120.620791
1522.0,2017,15,Kern,35.53456,-118.66733
1503.0,2017,36,San Bernardino,34.2976,-116.82600000000001
1431.0,2017,20,Madera,37.0825,-119.8011
1350.0,2017,15,Kern,35.543,-118.654
1350.0,2017,33,Riverside,34.00566,-117.30693000000001
1319.0,2017,15,Kern,35.76,-118.406
1286.0,2017,34,Sacramento,38.5181,-121.104
1200.0,2017,15,Kern,35.382979999999996,-118.80123
1088.0,2017,37,San Diego,33.402411,-117.402445
1083.0,2017,15,Kern,34.94373,-119.44751000000001
1044.0,2017,33,Riverside,33.98212,-117.30819
1035.0,2017,20,Madera,37.216159999999995,-119.48066999999999
1020.0,2017,32,Plumas,39.75371,-120.1397
1000.0,2017,37,San Diego,33.34988,-117.39818000000001
995.0,2017,45,Shasta,40.98352,-121.81623
976.0,2017,10,Fresno,36.530836,-120.20659199999999
900.0,2017,23,Mendocino,39.30125,-123.28825
867.0,2017,58,Yuba,39.1234,-121.32956999999999
866.0,2017,33,Riverside,33.602470000000004,-117.34192
859.0,2017,18,Lassen,39.888000000000005,-120.066
821.0,2017,29,Nevada,39.245490000000004,-121.12791999999999
800.0,2017,19,Los Angeles,34.55607,-118.60703000000001
775.0,2017,40,San Luis Obispo,35.7908,-120.77485
760.0,2017,19,Los Angeles,34.37443,-118.49343
747.0,2017,46,Sierra,39.439721999999996,-120.027222
690.0,2017,55,Tuolumne,37.905545000000004,-120.40813500000002
680.0,2017,22,Mariposa,37.37397,-119.83556000000002
670.0,2017,36,San Bernardino,34.14575,-117.17813000000001
630.0,2017,22,Mariposa,37.3762,-119.9646
562.0,2017,25,Modoc,41.85763,-121.29581
545.0,2017,33,Riverside,33.950359999999996,-116.88066
530.0,2017,18,Lassen,41.119890000000005,-120.74968
506.0,2017,15,Kern,35.4605,-118.85896000000001
486.0,2017,37,San Diego,33.3906,-117.32348
469.0,2017,47,Siskiyou,41.3975,-122.8428
460.0,2017,40,San Luis Obispo,35.40357,-120.28036999999999
460.0,2017,36,San Bernardino,34.09773,-117.10566999999999
450.0,2017,10,Fresno,36.616986,-120.36934699999999
444.0,2017,42,Santa Barbara,34.67403,-120.4393
429.0,2017,20,Madera,37.14624,-120.01550900000001
426.0,2017,9,El Dorado,38.848,-120.287
422.0,2017,19,Los Angeles,34.09454,-118.48178
416.0,2017,54,Tulare,36.22265,-119.06598000000001
410.0,2017,25,Modoc,41.72163,-121.30451000000001
400.0,2017,37,San Diego,32.84796,-116.85396000000001
400.0,2017,10,Fresno,36.45491,-120.2445
392.0,2017,29,Nevada,39.34292,-121.12003999999999
391.0,2017,44,Santa Cruz,37.18356,-122.07011999999999
380.0,2017,25,Modoc,41.167159999999996,-120.58341999999999
370.0,2017,26,Mono,38.46111,-119.48284
370.0,2017,7,Contra Costa,38.02929,-122.25544
357.0,2017,10,Fresno,36.27306,-120.65185
340.0,2017,40,San Luis Obispo,35.42433,-120.47322
339.0,2017,54,Tulare,36.458090000000006,-118.87676
338.0,2017,15,Kern,34.92907,-118.9267
325.0,2017,36,San Bernardino,34.084920000000004,-117.03826000000001
319.0,2017,8,Del Norte,41.478,-123.506
300.0,2017,33,Riverside,33.59257,-117.14979
288.0,2017,15,Kern,35.41283,-118.84466
260.0,2017,36,San Bernardino,34.16564,-117.33333999999999
255.0,2017,37,San Diego,33.34659,-116.66107
245.0,2017,40,San Luis Obispo,35.122690000000006,-120.39386999999999
237.0,2017,10,Fresno,36.24653,-120.31598000000001
236.0,2017,9,El Dorado,38.538332000000004,-121.039267
231.0,2017,7,Contra Costa,37.87808,-121.78676999999999
225.0,2017,22,Mariposa,37.4591,-119.921
225.0,2017,40,San Luis Obispo,35.34541,-120.76463999999999
225.0,2017,40,San Luis Obispo,35.21177,-119.87525
206.0,2017,15,Kern,35.598040000000005,-118.47939
205.0,2017,33,Riverside,33.853229999999996,-117.48195
200.0,2017,17,Lake,39.44543,-122.85193999999998
200.0,2017,1,Alameda,37.725429999999996,-121.90516000000001
200.0,2017,37,San Diego,32.65003,-116.42907
200.0,2017,33,Riverside,33.689091999999995,-117.396404
194.0,2017,52,Tehama,40.02261,-121.91425
190.0,2017,42,Santa Barbara,34.9465,-119.8036
186.0,2017,32,Plumas,39.9864,-120.89746000000001
186.0,2017,10,Fresno,36.704679,-120.405077
184.0,2017,15,Kern,35.3091,-118.70100000000001
183.0,2017,15,Kern,35.19008,-118.76151999999999
180.0,2017,45,Shasta,40.471059999999994,-122.43608
170.0,2017,36,San Bernardino,34.412040000000005,-117.03031000000001
168.0,2017,33,Riverside,33.87679,-117.00258000000001
168.0,2017,46,Sierra,39.711009999999995,-120.02325
166.0,2017,4,Butte,39.37192,-121.53865
157.0,2017,18,Lassen,40.80968,-120.48641
157.0,2017,20,Madera,37.127590000000005,-120.0193
155.0,2017,1,Alameda,37.63358,-121.49925
155.0,2017,47,Siskiyou,41.9808,-121.9741
153.0,2017,33,Riverside,33.98639,-117.21314
150.0,2017,4,Butte,39.746790000000004,-121.67261
150.0,2017,40,San Luis Obispo,35.7751,-120.23656000000001
150.0,2017,40,San Luis Obispo,35.6871,-120.3187
150.0,2017,20,Madera,36.90967,-119.79315
150.0,2017,36,San Bernardino,34.30104,-117.45646
148.0,2017,53,Trinity,40.46836,-123.51619
146.0,2017,23,Mendocino,39.02482,-123.1362
143.0,2017,4,Butte,40.07613,-121.56858000000001
140.0,2017,9,El Dorado,38.559707,-120.70013
136.0,2017,9,El Dorado,38.5758,-120.915
135.0,2017,19,Los Angeles,34.792882,-118.85194299999999
135.0,2017,54,Tulare,35.8556,-118.74542
134.0,2017,4,Butte,39.69717,-121.75417
130.0,2017,5,Calaveras,38.40234,-120.52953000000001
130.0,2017,37,San Diego,32.6001,-116.76997
130.0,2017,40,San Luis Obispo,35.78286,-120.22646999999999
128.0,2017,45,Shasta,40.69554,-122.0122
126.0,2017,10,Fresno,36.5355,-120.6585
125.0,2017,22,Mariposa,37.62823,-120.30046000000002
124.0,2017,55,Tuolumne,37.90014,-120.36005
122.0,2017,33,Riverside,34.009026,-117.239099
120.0,2017,40,San Luis Obispo,35.31886,-120.50886000000001
120.0,2017,33,Riverside,33.882870000000004,-116.99651000000001
117.0,2017,5,Calaveras,38.291129999999995,-120.62177
116.0,2017,1,Alameda,37.7393,-121.85663000000001
114.0,2017,28,Napa,38.493359999999996,-122.2483
111.0,2017,10,Fresno,36.93332,-119.43376
111.0,2017,4,Butte,39.384159999999994,-121.5786
105.0,2017,40,San Luis Obispo,35.3024,-120.65279
105.0,2017,33,Riverside,33.950382,-116.884446
103.0,2017,4,Butte,39.76243,-121.74121000000001
102.0,2017,10,Fresno,36.361129999999996,-120.32685
101.0,2017,43,Santa Clara,37.39801,-121.8179
100.0,2017,37,San Diego,32.64962,-116.37345
100.0,2017,49,Sonoma,38.46123,-122.58152
100.0,2017,17,Lake,39.0199,-122.57486999999999
100.0,2017,48,Solano,38.43658,-121.97233
100.0,2017,43,Santa Clara,36.99092,-121.59898999999999
100.0,2017,10,Fresno,36.09486,-120.52188999999998
100.0,2017,43,Santa Clara,37.14653,-121.68165
100.0,2017,36,San Bernardino,34.19076,-117.26969
99.0,2017,36,San Bernardino,34.035344,-116.940661
92.0,2017,33,Riverside,33.57139,-116.8247
91.0,2017,10,Fresno,36.95104,-119.65621000000002
91.0,2017,4,Butte,39.52499,-121.64896999999999
90.0,2017,20,Madera,37.09773,-120.02027
87.0,2017,17,Lake,39.15016,-122.57600000000001
86.0,2017,56,Ventura,34.34949,-119.30918
85.0,2017,33,Riverside,117.337331,34.015741999999996
85.0,2017,12,Humboldt,40.117940000000004,-123.76098999999999
85.0,2017,36,San Bernardino,34.20152,-117.14466000000002
85.0,2017,43,Santa Clara,37.3344,-121.71752
82.0,2017,27,Monterey,35.86596,-120.64583999999999
81.0,2017,37,San Diego,33.38613,-117.46708999999998
80.0,2017,9,El Dorado,38.869036,-119.61865
79.0,2017,32,Plumas,40.13278,-120.9204
79.0,2017,54,Tulare,35.89423,-119.00334
78.0,2017,43,Santa Clara,36.96607,-121.55552
78.0,2017,52,Tehama,40.38944,-122.13088
76.0,2017,29,Nevada,39.19325,-121.08406000000001
76.0,2017,10,Fresno,36.8005,-119.35901000000001
74.0,2017,40,San Luis Obispo,35.5956,-120.56068
74.0,2017,9,El Dorado,38.7803,-120.97111000000001
74.0,2017,36,San Bernardino,34.07612,-117.06765
73.0,2017,40,San Luis Obispo,35.786159999999995,-120.96513999999999
72.0,2017,33,Riverside,33.75526,-117.25075
70.0,2017,40,San Luis Obispo,35.4403,-120.2913
70.0,2017,6,Colusa,39.012240000000006,-122.20127
70.0,2017,43,Santa Clara,37.25014,-121.68562
70.0,2017,10,Fresno,36.60736,-120.5828
69.0,2017,10,Fresno,36.7279,-119.28241000000001
68.0,2017,34,Sacramento,38.337070000000004,-121.11113
67.0,2017,18,Lassen,40.03392,-120.1064
65.0,2017,50,Stanislaus,37.82934,-120.68992
63.0,2017,33,Riverside,33.819759999999995,-117.18552
63.0,2017,22,Mariposa,37.36914,-120.0088
62.0,2017,37,San Diego,33.20988,-116.46988999999999
62.0,2017,17,Lake,38.94599,-122.81135
62.0,2017,50,Stanislaus,37.64898,-120.4925
60.0,2017,52,Tehama,40.32063,-122.83208
59.0,2017,54,Tulare,36.18815,-118.78928
59.0,2017,5,Calaveras,38.18303,-120.85322
58.0,2017,10,Fresno,36.7528,-119.2288
58.0,2017,17,Lake,39.42604,-123.03343999999998
58.0,2017,54,Tulare,36.644040000000004,-118.99943999999999
58.0,2017,40,San Luis Obispo,35.346,-120.62825
57.0,2017,52,Tehama,40.1583,-122.3209
57.0,2017,10,Fresno,36.81476,-119.51592
56.0,2017,47,Siskiyou,41.93006,-122.36545
55.0,2017,48,Solano,38.4446,-122.0041
55.0,2017,47,Siskiyou,41.99483,-121.90077
55.0,2017,19,Los Angeles,34.03941,-118.58623999999999
54.0,2017,47,Siskiyou,41.222,-122.292
54.0,2017,47,Siskiyou,41.222,-122.27498999999999
54.0,2017,43,Santa Clara,37.334540000000004,-121.76323000000001
51.0,2017,43,Santa Clara,37.44485,-121.84108
50.0,2017,15,Kern,35.215559999999996,-118.56578
50.0,2017,33,Riverside,33.8826,-117.00589
50.0,2017,19,Los Angeles,34.22551,-118.05545
50.0,2017,41,San Mateo,37.41591,-122.3001
50.0,2017,15,Kern,35.70639,-118.47306999999999
50.0,2017,42,Santa Barbara,34.72379,-120.13248999999999
50.0,2017,58,Yuba,39.06308,-121.303
50.0,2017,56,Ventura,34.20599,-118.98603
50.0,2017,33,Riverside,33.877390000000005,-117.16215
50.0,2017,37,San Diego,33.23281,-117.29508999999999
48.0,2017,20,Madera,36.94652,-120.90462
48.0,2017,33,Riverside,33.585770000000004,-116.07428999999999
47.0,2017,35,San Benito,36.38109,-121.00391
47.0,2017,40,San Luis Obispo,35.06472,-120.5634
46.0,2017,33,Riverside,33.6444,-117.3968
46.0,2017,36,San Bernardino,34.149,-117.189
46.0,2017,47,Siskiyou,41.8721,-122.4571
45.0,2017,33,Riverside,33.9885,-117.38417
45.0,2017,40,San Luis Obispo,35.28738,-120.44448
45.0,2017,45,Shasta,40.487120000000004,-121.85645
44.0,2017,1,Alameda,37.561809999999994,-121.56425
43.0,2017,52,Tehama,39.81517,-122.28165
43.0,2017,27,Monterey,36.17297,-120.87608999999999
42.0,2017,27,Monterey,35.96275,-121.08753
42.0,2017,52,Tehama,40.10282,-122.27378999999999
42.0,2017,25,Modoc,41.38247,-120.53443
41.0,2017,47,Siskiyou,41.99279,-122.9401
41.0,2017,19,Los Angeles,34.104459999999996,-118.70293999999998
41.0,2017,15,Kern,35.05076,-118.90003999999999
40.0,2017,33,Riverside,33.965140000000005,-117.4764
40.0,2017,33,Riverside,33.90327,-116.50151000000001
40.0,2017,36,San Bernardino,34.13534,-117.4982
40.0,2017,45,Shasta,40.70627,-122.24198999999999
40.0,2017,15,Kern,35.59302,-118.46734
40.0,2017,8,Del Norte,41.98128,-124.01168
40.0,2017,12,Humboldt,41.02705,-123.63721000000001
40.0,2017,52,Tehama,40.29831,-122.70448999999999
40.0,2017,17,Lake,38.86056,-122.62382
40.0,2017,27,Monterey,36.66684,-121.74826000000002
39.0,2017,55,Tuolumne,37.896778000000005,-120.50413400000001
39.0,2017,58,Yuba,39.065220000000004,-121.3519
39.0,2017,48,Solano,38.07481,-122.23003999999999
38.0,2017,21,Marin,37.9775,-122.65749
38.0,2017,55,Tuolumne,37.85137,-120.45268
37.0,2017,45,Shasta,40.774,-122.309
36.0,2017,22,Mariposa,37.65963,-120.34801999999999
36.0,2017,37,San Diego,33.1683,-116.77342
35.0,2017,33,Riverside,33.74925,-117.10301000000001
35.0,2017,21,Marin,38.08055,-122.77846000000001
35.0,2017,33,Riverside,33.993159999999996,-117.48405
35.0,2017,34,Sacramento,38.458220000000004,-120.92161999999999
35.0,2017,15,Kern,35.373509999999996,-118.84133999999999
35.0,2017,33,Riverside,33.96419,-117.20506999999999
34.0,2017,36,San Bernardino,34.21829,-117.40625
34.0,2017,33,Riverside,33.73547,-117.33363999999999
34.0,2017,12,Humboldt,40.036970000000004,-123.64214
34.0,2017,35,San Benito,36.855959999999996,-121.30983
33.0,2017,33,Riverside,33.763304,-117.314994
33.0,2017,33,Riverside,33.584036,-116.97203600000002
33.0,2017,15,Kern,35.60633,-118.4642
32.0,2017,53,Trinity,40.804,-123.375
32.0,2017,53,Trinity,40.79902,-123.39253000000001
32.0,2017,33,Riverside,33.626129999999996,-117.07975
32.0,2017,27,Monterey,35.90092,-120.93371
32.0,2017,27,Monterey,35.902149,-120.98368400000001
31.0,2017,27,Monterey,36.5858,-121.80377
31.0,2017,10,Fresno,36.099681,-120.443545
31.0,2017,15,Kern,35.60001,-118.4683
30.0,2017,19,Los Angeles,34.52055,-118.62881999999999
30.0,2017,12,Humboldt,40.27582,-123.64281000000001
30.0,2017,33,Riverside,33.968959999999996,-117.25411000000001
29.0,2017,9,El Dorado,38.77921,-120.46234
29.0,2017,52,Tehama,40.29118,-122.42606
28.0,2017,4,Butte,39.8255,-121.7127
28.0,2017,25,Modoc,41.4844,-120.36658999999999
28.0,2017,8,Del Norte,41.93323,-124.19628999999999
28.0,2017,33,Riverside,33.79925,-117.11658999999999
27.0,2017,25,Modoc,41.644690000000004,-120.31813999999999
27.0,2017,33,Riverside,33.82165,-116.96078999999999
26.0,2017,58,Yuba,39.03168,-121.40947
26.0,2017,33,Riverside,33.71025,-117.31924
26.0,2017,33,Riverside,33.94788,-116.59719
25.0,2017,37,San Diego,33.18716,-116.50896999999999
25.0,2017,40,San Luis Obispo,35.76343,-121.04445
25.0,2017,37,San Diego,32.59252,-116.61608999999999
25.0,2017,45,Shasta,40.719229999999996,-122.02525
25.0,2017,37,San Diego,32.7789,-116.8516
25.0,2017,20,Madera,37.02081,-119.95136000000001
25.0,2017,19,Los Angeles,34.29931,-118.37539
25.0,2017,37,San Diego,32.679,-116.29296000000001
23.0,2017,33,Riverside,33.50488,-117.02131999999999
22.0,2017,1,Alameda,37.77982,-122.169
22.0,2017,5,Calaveras,38.20176,-120.67848000000001
22.0,2017,28,Napa,38.68347,-122.2654
21.0,2017,40,San Luis Obispo,35.411120000000004,-120.00353
21.0,2017,17,Lake,39.01748,-122.49327
21.0,2017,54,Tulare,36.108579999999996,-118.81979
21.0,2017,4,Butte,39.364000000000004,-121.4143
21.0,2017,45,Shasta,0.0,0.0
21.0,2017,35,San Benito,36.355779999999996,-120.99552
20.0,2017,12,Humboldt,40.88516,-123.96843999999999
20.0,2017,49,Sonoma,38.51937,-123.24713
20.0,2017,52,Tehama,40.20077,-122.24731000000001
20.0,2017,55,Tuolumne,37.659859999999995,-120.31156999999999
20.0,2017,36,San Bernardino,34.139,-117.199
20.0,2017,23,Mendocino,39.13207,-123.10226999999999
20.0,2017,33,Riverside,33.52584,-116.85226000000002
20.0,2017,7,Contra Costa,37.86549,-122.2102
20.0,2017,16,Kings,35.983000000000004,-119.91508
20.0,2017,27,Monterey,35.77082,-120.92482
19.0,2017,33,Riverside,33.88994,-116.91023
19.0,2017,29,Nevada,39.06414,-121.13736999999999
19.0,2017,33,Riverside,33.797216,-117.12453799999999
19.0,2017,12,Humboldt,40.39799,-123.57562
19.0,2017,50,Stanislaus,37.81827,-120.65763999999999
19.0,2017,47,Siskiyou,40.703775,-122.64507900000001
19.0,2017,15,Kern,35.717040000000004,-118.30601000000001
18.0,2017,49,Sonoma,38.26294,-122.71998
18.0,2017,4,Butte,39.53944,-121.54722
18.0,2017,10,Fresno,36.61332,-120.7109
18.0,2017,27,Monterey,36.1727,-120.86681999999999
17.0,2017,22,Mariposa,37.41231,-119.87465
17.0,2017,45,Shasta,40.92602,-121.5935
17.0,2017,45,Shasta,40.69259,-122.17383999999998
17.0,2017,40,San Luis Obispo,35.556667,-120.47399999999999
17.0,2017,27,Monterey,36.2771,-120.94328
17.0,2017,33,Riverside,33.88466,-116.99229
16.0,2017,15,Kern,35.188,-119.2877
16.0,2017,36,San Bernardino,34.04412,-116.55326000000001
16.0,2017,10,Fresno,36.96642,-119.58292
15.0,2017,52,Tehama,39.87983,-122.5415
15.0,2017,29,Nevada,39.16826,-120.95498
15.0,2017,25,Modoc,41.455890000000004,-120.56933000000001
15.0,2017,27,Monterey,35.946999999999996,-120.87491999999999
15.0,2017,5,Calaveras,38.199059999999996,-120.83483999999999
15.0,2017,33,Riverside,33.56777,-116.08003000000001
14.0,2017,42,Santa Barbara,34.71796,-120.27077
14.0,2017,42,Santa Barbara,34.605358,-120.414875
14.0,2017,4,Butte,39.8629,-121.6268
14.0,2017,27,Monterey,35.80375,-120.52508
14.0,2017,33,Riverside,33.97155,-117.44148
13.0,2017,50,Stanislaus,37.89532,-120.84748
13.0,2017,9,El Dorado,38.69775,-120.73756999999999
13.0,2017,9,El Dorado,38.67474,-121.06088000000001
13.0,2017,36,San Bernardino,34.304722,-117.3125
12.0,2017,4,Butte,39.44257,-121.60683
12.0,2017,37,San Diego,0.0,0.0
12.0,2017,40,San Luis Obispo,35.6879,-120.3317
12.0,2017,33,Riverside,33.7866,-117.5048
12.0,2017,24,Merced,37.21812,-121.07761
11.0,2017,49,Sonoma,38.702890000000004,-122.90217
11.0,2017,33,Riverside,33.913089,-117.09623300000001
10.0,2017,52,Tehama,40.247890000000005,-122.255
10.0,2017,22,Mariposa,37.768879999999996,-120.15846
10.0,2017,10,Fresno,37.10067,-119.32108999999998
10.0,2017,3,Amador,38.34421,-120.72273999999999
10.0,2017,19,Los Angeles,34.23925,-117.85181999999999
10.0,2017,29,Nevada,39.36902,-120.97586000000001
10.0,2017,45,Shasta,40.48972,-122.38618999999998
10.0,2017,33,Riverside,33.77896,-117.24091000000001
10.0,2017,4,Butte,39.50475,-121.33785
10.0,2017,33,Riverside,33.91806,-116.99321
10.0,2017,29,Nevada,39.08382,-121.06656000000001
10.0,2017,33,Riverside,33.90965,-116.9669
10.0,2017,33,Riverside,117.138741,33.939428
10.0,2017,15,Kern,35.564124,-118.79651299999999
10.0,2017,33,Riverside,33.87107,-116.88096999999999
10.0,2017,58,Yuba,39.23205,-121.376
10.0,2017,15,Kern,34.87128,-118.35296000000001
10.0,2017,33,Riverside,33.94673,-117.17773000000001
10.0,2017,27,Monterey,36.44141,-121.34695
0.0,2017,49,Sonoma,38.36685,-122.64001
0.0,2017,28,Napa,38.318020000000004,-122.39052
0.0,2017,22,Mariposa,37.73596,-119.78256
0.0,2017,47,Siskiyou,41.702,-123.508
0.0,2017,25,Modoc,41.338,-120.304
0.0,2017,11,Glenn,39.75425,-122.17657
0.0,2017,18,Lassen,40.6361,-120.9643
0.0,2017,47,Siskiyou,41.86609,-122.73031
0.0,2017,37,San Diego,33.43513,-117.58252
0.0,2017,47,Siskiyou,41.841,-123.47399999999999
0.0,2017,54,Tulare,36.51912,-119.50606
0.0,2017,40,San Luis Obispo,35.85253,-120.80411000000001
0.0,2017,4,Butte,39.51158,-121.55633
410203.0,2018,"6,11,17,23",Colusa,39.243283,-123.10336699999999
410203.0,2018,"6,11,17,23",Glenn,39.243283,-123.10336699999999
410203.0,2018,"6,11,17,23",Lake,39.243283,-123.10336699999999
410203.0,2018,"6,11,17,23",Mendocino,39.243283,-123.10336699999999
229651.0,2018,"45,53",Shasta,40.65428,-122.62357
229651.0,2018,"45,53",Trinity,40.65428,-122.62357
153336.0,2018,4,Butte,39.8134,-121.4347
96949.0,2018,"19,56",Los Angeles,34.235,-118.70128000000001
96949.0,2018,"19,56",Ventura,34.235,-118.70128000000001
96901.0,2018,22,Mariposa,37.6549,-119.88581
90288.0,2018,"28,57",Napa,38.80583,-122.18183
90288.0,2018,"28,57",Yolo,38.80583,-122.18183
63311.0,2018,"45,53",Shasta,40.9425,-122.43
63311.0,2018,"45,53",Trinity,40.9425,-122.43
48920.0,2018,"6,17,23",Colusa,39.04786,-123.11971000000001
48920.0,2018,"6,17,23",Lake,39.04786,-123.11971000000001
48920.0,2018,"6,17,23",Mendocino,39.04786,-123.11971000000001
46150.0,2018,45,Shasta,40.896,-122.219
39387.0,2018,25,Modoc,41.38544,-121.04386000000001
38008.0,2018,47,Siskiyou,41.893332,-122.534655
36450.0,2018,55,Tuolumne,38.349000000000004,-119.929
23136.0,2018,30,Orange,33.698879999999996,-117.52055
18703.0,2018,18,Lassen,40.633536,-120.86809099999999
15185.0,2018,17,Lake,39.0674,-122.59848000000001
13139.0,2018,33,Riverside,0.0,0.0
12300.0,2018,39,San Joaquin,38.052054999999996,-120.94548200000001
6974.0,2018,26,Mono,38.347395,-119.45186000000001
4564.0,2018,24,Merced,37.393390000000004,-120.34206999999999
4531.0,2018,56,Ventura,34.22685,-118.93444
4500.0,2018,48,Solano,0.0,0.0
4064.0,2018,20,Madera,37.571,-119.118
3889.0,2018,52,Tehama,40.22027778,-122.18
3716.0,2018,52,Tehama,40.35068,-121.77866999999999
3674.0,2018,12,Humboldt,41.079440000000005,-123.688056
3380.0,2018,19,Los Angeles,34.48229,-118.60858
2995.0,2018,16,Kings,35.97896,-119.98329
2956.0,2018,52,Tehama,39.94355,-122.3571
2950.0,2018,15,Kern,35.37444,-118.83556000000002
2883.0,2018,14,Inyo,36.6734,-118.21881
2490.0,2018,28,Napa,38.69601,-122.44468
2290.0,2018,11,Glenn,39.64978,-122.58218000000001
2225.0,2018,27,Monterey,35.847778000000005,-120.343056
2162.0,2018,48,Solano,38.431278000000006,-122.043747
2100.0,2018,25,Modoc,41.29363,-120.11461000000001
2070.0,2018,14,Inyo,37.40208,-118.50235
1900.0,2018,45,Shasta,40.99344,-121.52225
1756.0,2018,24,Merced,36.85156,-120.77206000000001
1751.0,2018,53,Trinity,40.616251,-123.52018999999999
1678.0,2018,45,Shasta,40.50318,-122.42308
1500.0,2018,48,Solano,38.21396,-121.9424
1500.0,2018,40,San Luis Obispo,35.736290000000004,-120.75593
1352.0,2018,19,Los Angeles,34.5486,-118.31138
1350.0,2018,36,San Bernardino,34.095568,-116.95880600000001
1314.0,2018,35,San Benito,36.40755,-120.99322
1265.0,2018,14,Inyo,36.71537,-118.08448999999999
1261.0,2018,33,Riverside,33.62924,-117.05991999999999
1200.0,2018,51,Sutter,39.186144,-121.79288500000001
1120.0,2018,31,Placer,39.268611,-120.65833300000001
1014.0,2018,42,Santa Barbara,35.11416667,-120.09222220000001
993.0,2018,15,Kern,35.387408,-118.81793400000001
972.0,2018,23,Mendocino,39.82877,-123.08488999999999
962.0,2018,4,Butte,39.77124,-121.76858999999999
856.0,2018,52,Tehama,40.33682,-121.93908
825.0,2018,3,Amador,38.42623,-120.95408
822.0,2018,57,Yolo,38.59694444,-121.9938889
700.0,2018,31,Placer,38.824259999999995,-121.451307
668.0,2018,54,Tulare,35.79012,-118.7393
650.0,2018,27,Monterey,36.00912,-120.82226000000001
646.0,2018,18,Lassen,40.3768,-120.36403
640.0,2018,1,Alameda,37.75646,-121.60646000000001
573.0,2018,55,Tuolumne,37.83388,-120.61746000000001
550.0,2018,4,Butte,39.36529,-121.51706999999999
513.0,2018,35,San Benito,36.378333000000005,-120.90116699999999
504.0,2018,37,San Diego,32.833674,-116.7311
484.0,2018,1,Alameda,37.75375,-121.57918000000001
441.0,2018,18,Lassen,40.316137,-120.45053
400.0,2018,27,Monterey,36.35502,-121.1563
375.0,2018,27,Monterey,35.95515,-120.86256000000002
367.0,2018,15,Kern,35.51777778,-118.6525
365.0,2018,37,San Diego,33.078920000000004,-116.91845
360.0,2018,20,Madera,37.387890000000006,-119.68911999999999
347.0,2018,4,Butte,39.59872,-121.78208000000001
338.0,2018,14,Inyo,37.735461,-118.97044299999999
328.0,2018,45,Shasta,40.529090000000004,-122.17456999999999
320.0,2018,43,Santa Clara,37.449425,-121.88807
316.0,2018,9,El Dorado,38.539806,-121.059979
300.0,2018,53,Trinity,40.60402,-122.9144
300.0,2018,20,Madera,37.10181,-119.623981
300.0,2018,37,San Diego,33.389425,-117.50240500000001
293.0,2018,15,Kern,0.0,0.0
290.0,2018,5,Calaveras,38.061298,-120.872244
289.0,2018,20,Madera,37.197039000000004,-120.002619
282.0,2018,33,Riverside,33.836101,-117.607577
278.0,2018,35,San Benito,36.65351,-121.0454
268.0,2018,7,Contra Costa,37.947140000000005,-121.9921
268.0,2018,52,Tehama,40.18395,-122.27573999999998
265.0,2018,37,San Diego,32.63046,-116.46673999999999
261.0,2018,52,Tehama,40.34256,-121.43025
260.0,2018,40,San Luis Obispo,35.33916,-120.71488000000001
258.0,2018,42,Santa Barbara,34.0232,-119.76576000000001
250.0,2018,37,San Diego,33.076239,-116.90298500000002
247.0,2018,7,Contra Costa,37.89612,-121.85847
224.0,2018,47,Siskiyou,41.70877,-122.47293
215.0,2018,47,Siskiyou,41.085,-123.051
215.0,2018,35,San Benito,36.37532,-120.862579
207.0,2018,37,San Diego,33.41476,-117.24043999999999
205.0,2018,33,Riverside,33.571763,-116.50005800000001
200.0,2018,15,Kern,34.91482,-118.92485
200.0,2018,24,Merced,37.339240000000004,-120.24315
191.0,2018,4,Butte,39.491737,-121.637759
186.0,2018,56,Ventura,34.26734825,-118.64381589999999
185.0,2018,24,Merced,37.05876,-121.176354
175.0,2018,19,Los Angeles,37.97638,-122.5275
175.0,2018,30,Orange,33.551320000000004,-117.72044
172.0,2018,42,Santa Barbara,34.576944,-119.61416000000001
170.0,2018,52,Tehama,40.12791,-122.19792
167.0,2018,27,Monterey,36.18401,-120.69955
167.0,2018,18,Lassen,40.34822,-120.82497
166.0,2018,19,Los Angeles,34.2325,-117.84611100000001
163.0,2018,55,Tuolumne,37.80785,-120.30187
160.0,2018,48,Solano,38.45673,-121.94658000000001
155.0,2018,45,Shasta,40.36888889,-122.89055559999998
155.0,2018,30,Orange,33.787838,-117.746625
154.0,2018,33,Riverside,33.925862,-117.654299
152.0,2018,21,Marin,38.02447,-122.727
150.0,2018,56,Ventura,34.30166667,-119.09916670000001
150.0,2018,27,Monterey,35.97677,-121.24898
150.0,2018,9,El Dorado,38.94388,-120.92611000000001
147.0,2018,36,San Bernardino,34.18075,-117.43184
136.0,2018,5,Calaveras,38.08424,-120.46078
135.0,2018,28,Napa,38.51943,-122.18353
128.0,2018,19,Los Angeles,34.380390000000006,-118.60441000000002
127.0,2018,11,Glenn,39.46543,-122.65581999999999
127.0,2018,47,Siskiyou,41.65935,-122.48556
125.0,2018,36,San Bernardino,34.15475,-117.24436599999999
120.0,2018,54,Tulare,36.47766,-119.10433
117.0,2018,32,Plumas,39.996944,-121.27
116.0,2018,35,San Benito,36.59036,-120.82355
116.0,2018,43,Santa Clara,37.06367,-121.53586000000001
115.0,2018,22,Mariposa,37.707234,-120.19916200000002
114.0,2018,15,Kern,35.56888889,-118.80138889999999
113.0,2018,42,Santa Barbara,34.463889,-119.83138899999999
110.0,2018,42,Santa Barbara,34.62412,-120.22298
108.0,2018,10,Fresno,36.75581,-119.42172
106.0,2018,23,Mendocino,38.8802,-123.0496
103.0,2018,17,Lake,39.02017,-122.57496
103.0,2018,52,Tehama,40.31759,-122.21032
100.0,2018,37,San Diego,33.0971179,-117.02425290000001
100.0,2018,54,Tulare,36.21634,-118.82988999999999
100.0,2018,36,San Bernardino,34.22526,-117.40966999999999
100.0,2018,40,San Luis Obispo,35.56922,-120.12441000000001
96.0,2018,27,Monterey,35.9352,-121.11936000000001
95.0,2018,15,Kern,35.1234,-118.72905
90.0,2018,23,Mendocino,39.038859,-123.38493000000001
89.0,2018,18,Lassen,40.946659999999994,-121.27049
88.0,2018,18,Lassen,40.83116,-120.19336000000001
88.0,2018,20,Madera,37.179167,-119.43166699999999
88.0,2018,24,Merced,37.056944,-121.01638
80.0,2018,40,San Luis Obispo,-120.258,-120.258
80.0,2018,17,Lake,39.06715,-122.59788999999999
80.0,2018,5,Calaveras,37.95766,-120.68902
77.0,2018,42,Santa Barbara,34.54305556,-120.31805559999998
76.0,2018,45,Shasta,40.5939,-122.17173000000001
76.0,2018,10,Fresno,36.696878999999996,-119.30449899999999
75.0,2018,6,Colusa,39.2976,-122.51201200000001
75.0,2018,11,Glenn,39.65578,-122.58666000000001
73.0,2018,33,Riverside,33.67815,-117.32281
70.0,2018,43,Santa Clara,37.22545,-121.79189
70.0,2018,43,Santa Clara,37.660740000000004,-121.67143999999999
70.0,2018,52,Tehama,40.394073,-122.135924
70.0,2018,33,Riverside,33.504964,-117.148204
68.0,2018,24,Merced,37.08529,-121.09353999999999
67.0,2018,9,El Dorado,38.645,-120.87416699999999
67.0,2018,23,Mendocino,39.279833,-123.258319
66.0,2018,9,El Dorado,38.82128,-121.03918
64.0,2018,35,San Benito,36.64832,-121.03253000000001
63.0,2018,43,Santa Clara,37.1769444,-121.68694440000002
63.0,2018,45,Shasta,40.741186,-122.649626
63.0,2018,33,Riverside,33.56349,-116.732032
63.0,2018,47,Siskiyou,41.83359,-122.99271999999999
63.0,2018,50,Stanislaus,37.32744,-121.10903
62.0,2018,15,Kern,34.86022,-118.87881000000002
62.0,2018,19,Los Angeles,34.53765,-118.75495
62.0,2018,39,San Joaquin,38.24033,-121.09199
60.0,2018,52,Tehama,40.346652,-122.308479
60.0,2018,17,Lake,38.8275,-122.3625
60.0,2018,20,Madera,37.14663,-119.91223000000001
60.0,2018,40,San Luis Obispo,35.58354,-120.62413500000001
60.0,2018,40,San Luis Obispo,35.663607,-120.67031100000001
60.0,2018,42,Santa Barbara,34.74245,-120.18236
59.0,2018,37,San Diego,33.35505,-117.03133999999999
58.0,2018,40,San Luis Obispo,35.17693,-120.48861000000001
56.0,2018,18,Lassen,40.95234,-121.21597
56.0,2018,7,Contra Costa,37.79718,-121.85311000000002
56.0,2018,20,Madera,37.0979,-119.75307
53.0,2018,36,San Bernardino,34.24138,-117.42431
53.0,2018,18,Lassen,40.336420000000004,-120.93005
53.0,2018,22,Mariposa,37.47677,-119.84298999999999
52.0,2018,25,Modoc,41.50105,-120.61108
51.0,2018,40,San Luis Obispo,35.30151,-120.64398
51.0,2018,45,Shasta,40.824,-121.90215
51.0,2018,43,Santa Clara,37.163594,-121.702547
50.0,2018,17,Lake,38.91152,-122.86854
50.0,2018,52,Tehama,40.27754,-122.11375
50.0,2018,27,Monterey,35.96689,-121.28185
48.0,2018,1,Alameda,37.699259999999995,-122.02805
45.0,2018,7,Contra Costa,37.86339,-122.12351000000001
45.0,2018,21,Marin,38.07135,-122.76751000000002
43.0,2018,4,Butte,39.57202,-121.43131000000001
40.0,2018,33,Riverside,33.56921,-116.154398
40.0,2018,22,Mariposa,37.28365,-119.97546000000001
40.0,2018,7,Contra Costa,37.779209,-121.908976
40.0,2018,4,Butte,39.549167,-121.521111
39.0,2018,35,San Benito,36.796,-121.40603999999999
38.0,2018,45,Shasta,40.60866,-122.38366
38.0,2018,37,San Diego,32.78031,-117.06782
37.0,2018,40,San Luis Obispo,35.64917,-120.71907
37.0,2018,47,Siskiyou,41.58233,-122.33769
36.0,2018,17,Lake,38.981389,-122.97222
36.0,2018,33,Riverside,33.640051,-117.08535400000001
35.0,2018,23,Mendocino,39.62194,-123.28773999999999
35.0,2018,33,Riverside,33.759722,-117.460278
35.0,2018,45,Shasta,40.95673,-121.6002
35.0,2018,35,San Benito,36.83036,-121.36446000000001
34.0,2018,15,Kern,35.17156,-118.51651000000001
34.0,2018,1,Alameda,37.711729999999996,-121.55604
34.0,2018,54,Tulare,36.42638,-118.70443
33.0,2018,4,Butte,39.84151,-121.62168
33.0,2018,52,Tehama,40.00293,-122.44008000000001
33.0,2018,36,San Bernardino,34.17711,-117.15381000000001
33.0,2018,54,Tulare,0.0,0.0
32.0,2018,10,Fresno,36.938674,-119.3127769
32.0,2018,33,Riverside,33.97902,-117.20533999999999
32.0,2018,18,Lassen,41.08583,-121.05722
32.0,2018,17,Lake,38.886518,-122.476381
31.0,2018,45,Shasta,40.62693,-122.23449
30.0,2018,43,Santa Clara,37.33563,-121.75815
30.0,2018,7,Contra Costa,37.996179999999995,-122.14097
30.0,2018,1,Alameda,37.533026,-121.79733
30.0,2018,33,Riverside,33.85852,-117.43521000000001
30.0,2018,40,San Luis Obispo,35.685390000000005,-120.95156999999999
30.0,2018,34,Sacramento,38.595865,-121.17693
30.0,2018,10,Fresno,35.92436,-119.94083
28.0,2018,37,San Diego,32.557565999999994,-116.8663
27.0,2018,47,Siskiyou,41.791859,-122.513883
26.0,2018,54,Tulare,35.826333,-118.9821
25.0,2018,33,Riverside,33.80406,-116.93188
25.0,2018,7,Contra Costa,38.015322999999995,-121.998967
25.0,2018,40,San Luis Obispo,35.71859,-120.64028
24.0,2018,17,Lake,38.918420000000005,-122.85276
23.0,2018,33,Riverside,33.946896,-117.066643
23.0,2018,7,Contra Costa,37.99113,-121.86473000000001
23.0,2018,52,Tehama,40.201826000000004,-122.29388
22.0,2018,22,Mariposa,37.69965,-120.0545
21.0,2018,33,Riverside,33.86439,-117.48143999999999
20.0,2018,7,Contra Costa,37.81111,-121.7944
20.0,2018,1,Alameda,37.61158,-121.94181999999999
20.0,2018,43,Santa Clara,37.07793,-121.600023
20.0,2018,1,Alameda,37.627119,-121.806775
20.0,2018,33,Riverside,33.524412,-116.821724
20.0,2018,4,Butte,39.602703000000005,-121.617698
20.0,2018,19,Los Angeles,34.110516,-118.42788600000002
20.0,2018,32,Plumas,39.89075,-120.18498999999998
18.0,2018,37,San Diego,33.40178,-117.27467
18.0,2018,33,Riverside,33.887440000000005,-117.16232
17.0,2018,44,Santa Cruz,37.0125,-122.046
17.0,2018,3,Amador,38.265645,-120.892404
17.0,2018,33,Riverside,33.742,-117.28188999999999
16.0,2018,29,Nevada,39.10494,-121.07038999999999
16.0,2018,12,Humboldt,41.34453,-123.85404
16.0,2018,43,Santa Clara,37.21803,-121.76828
15.0,2018,47,Siskiyou,41.940459999999995,-122.43933
15.0,2018,25,Modoc,41.521229999999996,-120.72362
15.0,2018,33,Riverside,33.467999,-117.00382900000001
15.0,2018,33,Riverside,33.711263,-116.16405800000001
14.0,2018,37,San Diego,33.05737,-116.77153999999999
14.0,2018,40,San Luis Obispo,35.70086,-120.97339
14.0,2018,18,Lassen,39.99309,-120.02136999999999
14.0,2018,57,Yolo,38.64953,-122.01762
13.0,2018,45,Shasta,40.678889,-122.40055600000001
13.0,2018,37,San Diego,33.04898,-116.78928
13.0,2018,10,Fresno,36.10499,-120.55323999999999
12.0,2018,45,Shasta,40.496179999999995,-122.51597
12.0,2018,9,El Dorado,38.7448,-120.65671999999999
12.0,2018,36,San Bernardino,34.171786,-117.35606000000001
12.0,2018,20,Madera,37.227909999999994,-119.50461000000001
12.0,2018,21,Marin,37.97638,-122.5275
12.0,2018,37,San Diego,33.40769,-117.22973999999999
12.0,2018,47,Siskiyou,41.64805,-122.98442
12.0,2018,40,San Luis Obispo,35.75737,-120.91793
12.0,2018,28,Napa,38.16303,-122.23058999999999
12.0,2018,1,Alameda,37.73835,-121.6039
12.0,2018,37,San Diego,33.12213,-116.58758999999999
11.0,2018,4,Butte,39.66492,-121.51772
11.0,2018,20,Madera,37.198170000000005,-119.80413999999999
11.0,2018,33,Riverside,33.47413,-117.31468000000001
11.0,2018,45,Shasta,40.4635,-121.77418999999999
10.0,2018,44,Santa Cruz,37.12857,-122.12036
10.0,2018,12,Humboldt,40.888785,-124.00184899999999
10.0,2018,4,Butte,39.93427,-121.54103
10.0,2018,33,Riverside,33.627006,-117.17173100000001
10.0,2018,28,Napa,38.272290000000005,-122.26388999999999
10.0,2018,47,Siskiyou,41.632373,-122.37985
10.0,2018,37,San Diego,32.619855,-116.764733
10.0,2018,4,Butte,39.6139,-121.954098
10.0,2018,40,San Luis Obispo,35.05747,-120.39295
10.0,2018,27,Monterey,35.77017,-120.57833000000001
10.0,2018,49,Sonoma,38.245151,-122.44408
10.0,2018,37,San Diego,32.75072,-116.92403999999999
10.0,2018,52,Tehama,39.80827,-122.3307
10.0,2018,33,Riverside,33.450140000000005,-117.22215
10.0,2018,33,Riverside,33.53924,-116.10231
0.0,2018,4,Butte,39.71217,-121.77385
0.0,2018,12,Humboldt,40.70258,-123.55011999999999
0.0,2018,"42,56",Santa Barbara,0.0,0.0
0.0,2018,"42,56",Ventura,0.0,0.0
1806.0,2019,56,Ventura,34.282179,-118.803389
1300.0,2019,22,Mariposa,37.536069,-120.17701799999999
1011.0,2019,33,Riverside,33.9925,-117.05916699999999
605.0,2019,52,Tehama,40.001709999999996,-122.25421000000001
494.0,2019,33,Riverside,34.01778,-117.4625
355.0,2019,31,Placer,38.838992,-121.325842
289.0,2019,"27,40",Monterey,35.790690000000005,-120.73102
289.0,2019,"27,40",San Luis Obispo,35.790690000000005,-120.73102
149.0,2019,22,Mariposa,37.241427,-120.027731
137.0,2019,10,Fresno,36.319291,-120.46018899999999
107.0,2019,18,Lassen,40.900458,-121.320838
75.0,2019,33,Riverside,33.8615,-116.897333
40.0,2019,7,Contra Costa,37.828267,-122.103867
37.0,2019,37,San Diego,33.259861,-117.02733300000001
35.0,2019,1,Alameda,37.62782,-121.68598
35.0,2019,50,Stanislaus,37.420988,-121.371276
30.0,2019,45,Shasta,40.463936,-122.435492
27.0,2019,5,Calaveras,38.115224,-120.78068
26.0,2019,36,San Bernardino,34.202883,-116.4449
25.0,2019,37,San Diego,32.794768,-116.839743
22.0,2019,9,El Dorado,38.538467,-120.96510500000001
22.0,2019,1,Alameda,37.093243,-121.586846
15.0,2019,7,Contra Costa,38.045866,-122.245186
12.0,2019,33,Riverside,33.463991,-116.914799
10.0,2019,23,Mendocino,39.613783000000005,-123.45878200000001
10.0,2019,44,Santa Cruz,37.178353,-122.07743
77758.0,2019,49,Sonoma,38.792458,-122.78005300000001
54612.0,2019,32,Plumas,40.061389,-120.68055600000001
14217.0,2019,25,Modoc,41.79591,-121.260305
10296.0,2019,14,Inyo,37.034,-118.345
9999.0,2019,56,Ventura,34.302212,-118.997115
8838.0,2019,52,Tehama,40.12,-122.64
8799.0,2019,19,Los Angeles,34.329879999999996,-118.48161
5737.0,2019,25,Modoc,41.748000000000005,-121.056
5563.0,2019,22,Mariposa,37.604638,-119.96606000000001
5332.0,2019,52,Tehama,40.109,-122.789
4840.0,2019,26,Mono,37.826,-118.87200000000001
4615.0,2019,19,Los Angeles,34.472778000000005,-118.36805600000001
3435.0,2019,9,El Dorado,38.724000000000004,-120.145
3380.0,2019,18,Lassen,40.593,-120.581
3126.0,2019,42,Santa Barbara,34.5025,-119.785
2546.0,2019,27,Monterey,36.284259999999996,-120.94771000000001
2534.0,2019,52,Tehama,40.036379,-122.637837
2512.0,2019,57,Yolo,38.88978,-122.23921999999999
2500.0,2019,15,Kern,35.72057,-119.62762
2438.0,2019,18,Lassen,39.892222,-120.02972199999999
2422.0,2019,50,Stanislaus,37.46577,-121.28312
1975.0,2019,14,Inyo,36.284,-118.228
1926.0,2019,33,Riverside,33.528469,-117.27315700000001
1872.0,2019,47,Siskiyou,41.862237,-122.66225800000001
1764.0,2019,40,San Luis Obispo,35.66318,-120.41128
1507.0,2019,62,Mexico,32.573437,-116.65873500000001
1350.0,2019,51,Sutter,39.28926,-121.85906000000001
1301.0,2019,61,State of Oregon,42.033,-122.175
1165.0,2019,59,State of Nevada,39.631945,-119.76988100000001
1127.0,2019,40,San Luis Obispo,35.343761,-119.91371699999999
1020.0,2019,18,Lassen,40.943799,-120.27529799999999
974.0,2019,40,San Luis Obispo,35.63111111,-120.26916670000001
835.0,2019,40,San Luis Obispo,35.307590000000005,-119.96498000000001
757.0,2019,7,Contra Costa,37.908362,-121.872941
756.0,2019,54,Tulare,36.40193,-119.030621
745.0,2019,19,Los Angeles,34.098191,-118.47871699999999
703.0,2019,23,Mendocino,39.224309999999996,-123.12886999999999
604.0,2019,31,Placer,38.751647999999996,-121.43263600000002
600.0,2019,45,Shasta,40.715556,-122.24194399999999
600.0,2019,50,Stanislaus,37.259879999999995,-121.09375
526.0,2019,28,Napa,38.165873,-122.211671
525.0,2019,33,Riverside,33.919507,-117.103765
520.0,2019,33,Riverside,33.4853,-117.043723
496.0,2019,4,Butte,39.45296,-121.41261899999999
448.0,2019,37,San Diego,32.575556,-117.02666699999999
448.0,2019,15,Kern,35.60989,-118.41203999999999
423.0,2019,22,Mariposa,37.532028000000004,-120.208019
420.0,2019,42,Santa Barbara,34.484722,-120.19083300000001
381.0,2019,54,Tulare,36.150999999999996,-118.185
350.0,2019,33,Riverside,33.975405,-117.20706799999999
328.0,2019,33,Riverside,33.985972,-117.414111
316.0,2019,27,Monterey,35.908333,-120.984167
300.0,2019,4,Butte,39.622137,-121.693472
283.0,2019,39,San Joaquin,37.632059999999996,-121.53838200000001
280.0,2019,53,Trinity,41.150392,-122.63410800000001
280.0,2019,27,Monterey,36.008889,-121.466944
279.0,2019,56,Ventura,34.71011,-119.3547
263.0,2019,18,Lassen,40.679318,-120.39276799999999
260.0,2019,18,Lassen,44.733999999999995,-120.60600000000001
257.0,2019,54,Tulare,36.18479,-118.99229
250.0,2019,33,Riverside,33.9369,-117.3063
244.0,2019,53,Trinity,40.062304,-123.222196
244.0,2019,22,Mariposa,37.524378000000006,-120.29655100000001
240.0,2019,1,Alameda,37.708743,-121.841879
227.0,2019,47,Siskiyou,41.492974200000006,-123.2129356
225.0,2019,23,Mendocino,39.005262,-123.195306
220.0,2019,40,San Luis Obispo,35.214364,-120.45588300000001
214.0,2019,33,Riverside,33.911,-116.980528
213.0,2019,20,Madera,37.016944,-119.93416699999999
210.0,2019,24,Merced,37.312877,-120.242411
210.0,2019,43,Santa Clara,37.21638,-121.70768000000001
208.0,2019,15,Kern,34.900833299999995,-118.91833329999999
207.0,2019,47,Siskiyou,39.28926,-121.85906000000001
202.0,2019,50,Stanislaus,37.944751000000004,-120.84371999999999
200.0,2019,36,San Bernardino,34.183,-117.285
200.0,2019,7,Contra Costa,37.99136,-121.64118
200.0,2019,56,Ventura,34.23955,-119.20187
200.0,2019,37,San Diego,32.787656,-116.806941
200.0,2019,42,Santa Barbara,34.630919,-120.18736799999999
193.0,2019,18,Lassen,40.072739,-120.158273
190.0,2019,50,Stanislaus,37.32585,-121.110146
190.0,2019,27,Monterey,35.95191,-120.8092
183.0,2019,48,Solano,38.158333,-122.118889
172.0,2019,15,Kern,35.03855,-119.19453999999999
167.0,2019,33,Riverside,33.635,-116.801111
167.0,2019,35,San Benito,36.600167,-120.8405
161.0,2019,16,Kings,35.81778,-120.09715
156.0,2019,45,Shasta,40.484328999999995,-122.159393
156.0,2019,19,Los Angeles,34.677864,-118.75239499999999
156.0,2019,36,San Bernardino,33.997528,-117.76976599999999
155.0,2019,54,Tulare,36.28001,-119.10973999999999
150.0,2019,7,Contra Costa,38.03545,-122.2241
150.0,2019,37,San Diego,32.767649,-116.79603200000001
148.0,2019,31,Placer,38.738170000000004,-121.39419
145.0,2019,36,San Bernardino,34.183624,-117.274276
144.0,2019,43,Santa Clara,37.45899,-121.22093000000001
140.0,2019,48,Solano,38.07205,-122.22463
139.0,2019,1,Alameda,37.71734,-121.55866999999999
131.0,2019,18,Lassen,40.562,-120.544
131.0,2019,56,Ventura,34.366111,-118.96
130.0,2019,18,Lassen,40.886677,-120.336977
130.0,2019,23,Mendocino,39.831762,-123.84601299999999
130.0,2019,33,Riverside,33.650237,-116.17253400000001
128.0,2019,43,Santa Clara,37.467744,-121.842751
128.0,2019,25,Modoc,41.909,-120.306
121.0,2019,10,Fresno,36.669090000000004,-119.3046
120.0,2019,37,San Diego,33.396840000000005,-117.29665
120.0,2019,40,San Luis Obispo,35.57376,-120.11738000000001
115.0,2019,15,Kern,35.65189,-118.92545
105.0,2019,19,Los Angeles,34.675542,-118.34223899999999
103.0,2019,25,Modoc,41.43783,-120.23976
100.0,2019,42,Santa Barbara,34.665699,-119.94973999999999
100.0,2019,37,San Diego,32.566389,-116.7525
98.0,2019,33,Riverside,33.900994,-117.170588
97.0,2019,37,San Diego,33.055124,-116.742508
96.0,2019,33,Riverside,33.812837200000004,-117.1228851
95.0,2019,40,San Luis Obispo,35.004721999999994,-120.435278
94.0,2019,33,Riverside,33.740219,-117.33372800000001
91.0,2019,56,Ventura,34.156389000000004,-118.950833
91.0,2019,47,Siskiyou,41.749666999999995,-123.00083300000001
90.0,2019,39,San Joaquin,37.962557000000004,-121.468074
90.0,2019,45,Shasta,40.41404,-122.66779
85.0,2019,9,El Dorado,38.898915,-120.946657
84.0,2019,34,Sacramento,38.3525,-121.12361100000001
83.0,2019,55,Tuolumne,37.838333,-120.625556
83.0,2019,47,Siskiyou,41.834365999999996,-122.65656899999999
81.0,2019,48,Solano,38.455,-121.969167
81.0,2019,36,San Bernardino,34.42386,-117.10318000000001
81.0,2019,33,Riverside,33.514658000000004,-116.7884
80.0,2019,4,Butte,39.551423,-121.80053799999999
80.0,2019,33,Riverside,33.77777348,-117.487578
80.0,2019,37,San Diego,32.57394,-116.760465
80.0,2019,43,Santa Clara,37.433192,-121.807258
80.0,2019,33,Riverside,33.569379999999995,-116.07896000000001
80.0,2019,58,Yuba,39.24678,-121.32399
80.0,2019,58,Yuba,39.24678,-121.32399
75.0,2019,17,Lake,39.100408,-122.496548
74.0,2019,43,Santa Clara,37.189040000000006,-121.69496799999999
70.0,2019,58,Yuba,39.15641,-121.56363
68.0,2019,52,Tehama,39.847708000000004,-122.1604
67.0,2019,21,Marin,37.896231,-122.636471
67.0,2019,5,Calaveras,38.20177,-120.827386
66.0,2019,27,Monterey,35.906482000000004,-120.99291399999998
65.0,2019,31,Placer,39.115359999999995,-120.76088
64.0,2019,28,Napa,38.481258000000004,-122.143942
63.0,2019,11,Glenn,41.70611111,-123.4375
63.0,2019,52,Tehama,39.98097,-122.30736999999999
62.0,2019,41,San Mateo,37.166674,-122.361112
60.0,2019,43,Santa Clara,37.219716999999996,-121.761974
58.0,2019,4,Butte,39.470333000000004,-121.412333
58.0,2019,7,Contra Costa,37.968494,-121.678172
55.0,2019,18,Lassen,40.387772,-120.304341
55.0,2019,33,Riverside,33.57039,-116.1466
53.0,2019,17,Lake,38.955024,-122.833831
52.0,2019,40,San Luis Obispo,35.189783,-120.1755
52.0,2019,37,San Diego,32.87833333,-116.88
50.0,2019,37,San Diego,32.564583,-116.83458300000001
50.0,2019,7,Contra Costa,37.97911,-122.11092
50.0,2019,34,Sacramento,38.622058,-121.11409499999999
50.0,2019,28,Napa,38.63047,-122.47282
50.0,2019,4,Butte,39.85484,-121.905
47.0,2019,43,Santa Clara,37.32555556,-121.76444440000002
47.0,2019,54,Tulare,35.89593,-118.94106000000001
46.0,2019,45,Shasta,40.46968,-122.54364
46.0,2019,52,Tehama,39.97083,-122.48277
45.0,2019,33,Riverside,33.69078,-114.57265
44.0,2019,39,San Joaquin,38.017138,-120.945044
43.0,2019,27,Monterey,35.97059,-120.88241000000001
42.0,2019,19,Los Angeles,34.055768,-118.55409099999999
42.0,2019,45,Shasta,40.4988,-122.19911
38.0,2019,58,Yuba,39.06066,-121.35014
35.0,2019,43,Santa Clara,37.034183,-121.45597
35.0,2019,9,El Dorado,38.652475,-120.82616499999999
35.0,2019,47,Siskiyou,41.838,-122.845
35.0,2019,43,Santa Clara,37.44422,-121.84082
34.0,2019,33,Riverside,33.854597,-117.27014399999999
34.0,2019,33,Riverside,33.4506,-116.857817
33.0,2019,57,Yolo,39.171091,-121.423281
33.0,2019,54,Tulare,36.23012,-118.85712
30.0,2019,40,San Luis Obispo,35.709176,-120.31285600000001
30.0,2019,48,Solano,38.07944444,-122.2561111
30.0,2019,45,Shasta,40.55924,-122.25408999999999
30.0,2019,45,Shasta,40.41741,-122.767256
30.0,2019,1,Alameda,37.75427,-121.57382
30.0,2019,33,Riverside,0.0,0.0
30.0,2019,12,Humboldt,40.61805556,-123.67555559999998
29.0,2019,43,Santa Clara,37.066483000000005,-121.219163
29.0,2019,15,Kern,35.287372999999995,-118.623651
28.0,2019,17,Lake,38.910498,-122.642572
28.0,2019,37,San Diego,32.62305556,-116.91416670000001
27.0,2019,31,Placer,38.752629999999996,-121.39258999999998
26.0,2019,33,Riverside,33.81678,-117.18194
25.0,2019,17,Lake,38.88913,-122.604425
25.0,2019,10,Fresno,36.154184,-120.634179
25.0,2019,"62,37",Mexico,32.557546,-116.87395500000001
25.0,2019,"62,37",San Diego,32.557546,-116.87395500000001
25.0,2019,1,Alameda,37.469,-121.3697
25.0,2019,54,Tulare,36.14246,-118.80582
24.0,2019,7,Contra Costa,37.99837,-122.16201000000001
24.0,2019,48,Solano,38.21416,-122.12213999999999
23.0,2019,7,Contra Costa,38.02503,-121.9763
22.0,2019,37,San Diego,32.557565999999994,-116.8663
21.0,2019,55,Tuolumne,37.949746999999995,-120.42005800000001
20.0,2019,6,Colusa,39.088333,-122.30916699999999
20.0,2019,33,Riverside,33.909791999999996,-117.004667
20.0,2019,17,Lake,38.99174,-122.7751
20.0,2019,33,Riverside,33.69055556,-116.95388899999999
20.0,2019,33,Riverside,33.80493,-117.15738
19.0,2019,33,Riverside,33.849906,-117.46136299999999
19.0,2019,33,Riverside,33.703546,-117.033598
19.0,2019,1,Alameda,37.718636,-121.65701100000001
18.0,2019,50,Stanislaus,37.429505999999996,-121.33646499999999
17.0,2019,35,San Benito,36.732865999999994,-121.39478000000001
17.0,2019,43,Santa Clara,37.494136,-121.534827
17.0,2019,4,Butte,39.76242,-121.73658999999999
17.0,2019,47,Siskiyou,41.64895,-122.35961999999999
16.0,2019,45,Shasta,40.612556,-122.03916699999999
16.0,2019,9,El Dorado,38.703889000000004,-120.890556
15.0,2019,47,Siskiyou,41.512917,-122.740333
15.0,2019,36,San Bernardino,34.353667,-117.343833
15.0,2019,37,San Diego,33.30267,-116.97771999999999
13.0,2019,9,El Dorado,38.757636,-120.75663999999999
12.0,2019,1,Alameda,37.606,-121.853
12.0,2019,4,Butte,39.32889,-121.23431000000001
11.0,2019,36,San Bernardino,34.033117,-117.21545
11.0,2019,52,Tehama,40.314187,-122.07005500000001
11.0,2019,50,Stanislaus,37.492002,-120.401028
11.0,2019,1,Alameda,37.545167,-121.596667
10.0,2019,37,San Diego,32.762706,-117.09744099999999
10.0,2019,52,Tehama,39.847708000000004,-122.160416
10.0,2019,3,Amador,38.332083000000004,-120.67131
10.0,2019,33,Riverside,33.496633,-116.631106
10.0,2019,4,Butte,39.423833,-121.57973799999999
10.0,2019,47,Siskiyou,41.946220000000004,-122.40156999999999
10.0,2019,4,Butte,39.83958,-121.95700000000001
9.0,2019,33,Riverside,33.827979,-117.499619
2.0,2019,29,Nevada,39.40972222,-121.00055559999998
,2019,57,Yolo,38.734634,-121.72969099999999
,2019,37,San Diego,33.351145,-117.403719
,2019,33,Riverside,33.45148,-116.05898
