Year,County,Acres Burned,Poverty Rate
2013,Alameda,478.0,
2015,Alameda,3340.0,
2016,Alameda,211.0,
2017,Alameda,537.0,
2018,Alameda,1288.0,
2019,Alameda,533.0,
2015,Alpine,0.0,
2016,Alpine,0.0,
2013,Amador,96.0,
2014,Amador,4240.0,
2015,Amador,415.0,
2016,Amador,672.0,
2017,Amador,10.0,
2018,Amador,842.0,
2019,Amador,10.0,
2013,Butte,3459.0,
2014,Butte,521.0,
2015,Butte,2553.0,
2016,Butte,1965.0,
2017,Butte,25618.0,
2018,Butte,155553.0,
2019,Butte,1033.0,
2013,Calaveras,77.0,
2014,Calaveras,205.0,
2015,Calaveras,114.0,
2016,Calaveras,1309.0,
2017,Calaveras,343.0,
2018,Calaveras,506.0,
2019,Calaveras,94.0,
2013,Colusa,28.0,
2017,Colusa,70.0,
2018,Colusa,459198.0,
2019,Colusa,20.0,
2013,Contra Costa,3877.0,
2014,Contra Costa,80.0,
2015,Contra Costa,195.0,
2016,Contra Costa,40.0,
2017,Contra Costa,621.0,
2018,Contra Costa,754.0,
2019,Contra Costa,1317.0,
2015,Del Norte,37870.0,
2016,Del Norte,150.0,
2017,Del Norte,387.0,
2013,El Dorado,889.0,
2014,El Dorado,102101.0,
2015,El Dorado,135.0,
2016,El Dorado,5922.0,
2017,El Dorado,1147.0,
2018,El Dorado,611.0,
2019,El Dorado,3606.0,
2013,Fresno,23411.0,
2014,Fresno,171.0,
2015,Fresno,151898.0,
2016,Fresno,15580.0,
2017,Fresno,22809.0,
2018,Fresno,259.0,
2019,Fresno,283.0,
2013,Glenn,443.0,
2017,Glenn,0.0,
2018,Glenn,412695.0,
2019,Glenn,63.0,
2013,Humboldt,12503.0,
2014,Humboldt,598.0,
2015,Humboldt,5223.0,
2016,Humboldt,643.0,
2017,Humboldt,228.0,
2018,Humboldt,3700.0,
2019,Humboldt,30.0,
2013,Inyo,406.0,
2014,Inyo,178.0,
2015,Inyo,7000.0,
2016,Inyo,5473.0,
2018,Inyo,6556.0,
2019,Inyo,12271.0,
2013,Kern,6464.0,
2014,Kern,9690.0,
2015,Kern,279.0,
2016,Kern,81371.0,
2017,Kern,13080.0,
2018,Kern,5108.0,
2019,Kern,3472.0,
2017,Kings,51221.0,
2018,Kings,2995.0,
2019,Kings,161.0,
2013,Lake,710.0,
2014,Lake,4575.0,
2015,Lake,95491.0,
2016,Lake,4339.0,
2017,Lake,2775.0,
2018,Lake,474693.0,
2019,Lake,201.0,
2013,Lassen,97.0,
2015,Lassen,10811.0,
2016,Lassen,2617.0,
2017,Lassen,110006.0,
2018,Lassen,20289.0,
2019,Lassen,7977.0,
2013,Los Angeles,31503.0,
2014,Los Angeles,2416.0,
2015,Los Angeles,1289.0,
2016,Los Angeles,11488.0,
2017,Los Angeles,31190.0,
2018,Los Angeles,102232.0,
2019,Los Angeles,14462.0,
2013,Madera,937.0,
2014,Madera,14780.0,
2015,Madera,7257.0,
2016,Madera,306.0,
2017,Madera,15772.0,
2018,Madera,5240.0,
2019,Madera,213.0,
2017,Marin,73.0,
2018,Marin,209.0,
2019,Marin,67.0,
2013,Mariposa,1708.0,
2014,Mariposa,12128.0,
2015,Mariposa,500.0,
2017,Mariposa,98706.0,
2018,Mariposa,97131.0,
2019,Mariposa,7679.0,
2013,Mendocino,240.0,
2014,Mendocino,13001.0,
2015,Mendocino,335.0,
2016,Mendocino,86.0,
2017,Mendocino,37589.0,
2018,Mendocino,460393.0,
2019,Mendocino,1068.0,
2013,Merced,124.0,
2014,Merced,300.0,
2015,Merced,3058.0,
2016,Merced,1276.0,
2017,Merced,1812.0,
2018,Merced,6861.0,
2019,Merced,210.0,
2019,Mexico,1532.0,
2013,Modoc,667.0,
2014,Modoc,16374.0,
2015,Modoc,5099.0,
2016,Modoc,3032.0,
2017,Modoc,92281.0,
2018,Modoc,41554.0,
2019,Modoc,20185.0,
2015,Mono,11185.0,
2016,Mono,3591.0,
2017,Mono,9295.0,
2018,Mono,6974.0,
2019,Mono,4840.0,
2013,Monterey,1235.0,
2014,Monterey,5315.0,
2015,Monterey,1181.0,
2016,Monterey,138770.0,
2017,Monterey,2212.0,
2018,Monterey,4123.0,
2019,Monterey,3730.0,
2013,Napa,641.0,
2014,Napa,4333.0,
2015,Napa,25211.0,
2016,Napa,65.0,
2017,Napa,145123.0,
2018,Napa,92935.0,
2019,Napa,640.0,
2013,Nevada,52.0,
2014,Nevada,369.0,
2015,Nevada,2334.0,
2016,Nevada,85.0,
2017,Nevada,1343.0,
2018,Nevada,16.0,
2019,Nevada,2.0,
2013,Orange,40.0,
2014,Orange,968.0,
2015,Orange,214.0,
2016,Orange,197.0,
2017,Orange,11879.0,
2018,Orange,23466.0,
2013,Placer,27677.0,
2014,Placer,593.0,
2015,Placer,136.0,
2016,Placer,5903.0,
2018,Placer,1820.0,
2019,Placer,1199.0,
2013,Plumas,513.0,
2015,Plumas,137.0,
2016,Plumas,248.0,
2017,Plumas,8170.0,
2018,Plumas,137.0,
2019,Plumas,54612.0,
2013,Riverside,53919.0,
2014,Riverside,630.0,
2015,Riverside,1928.0,
2016,Riverside,1822.0,
2017,Riverside,16576.0,
2018,Riverside,15615.0,
2019,Riverside,6872.0,
2013,Sacramento,163.0,
2015,Sacramento,110.0,
2016,Sacramento,159.0,
2017,Sacramento,1389.0,
2018,Sacramento,30.0,
2019,Sacramento,134.0,
2013,San Benito,354.0,
2015,San Benito,695.0,
2016,San Benito,445.0,
2017,San Benito,102.0,
2018,San Benito,2574.0,
2019,San Benito,184.0,
2013,San Bernardino,1850.0,
2014,San Bernardino,2191.0,
2015,San Bernardino,35883.0,
2016,San Bernardino,44454.0,
2017,San Bernardino,4065.0,
2018,San Bernardino,1820.0,
2019,San Bernardino,634.0,
2013,San Diego,13771.0,
2014,San Diego,26315.0,
2015,San Diego,2373.0,
2016,San Diego,9115.0,
2017,San Diego,10156.0,
2018,San Diego,2205.0,
2019,San Diego,1459.0,
2013,San Joaquin,303.0,
2015,San Joaquin,122.0,
2016,San Joaquin,147.0,
2018,San Joaquin,12362.0,
2019,San Joaquin,417.0,
2013,San Luis Obispo,815.0,
2014,San Luis Obispo,47.0,
2015,San Luis Obispo,4332.0,
2016,San Luis Obispo,50292.0,
2017,San Luis Obispo,35468.0,
2018,San Luis Obispo,2297.0,
2019,San Luis Obispo,5506.0,
2013,San Mateo,41.0,
2017,San Mateo,50.0,
2019,San Mateo,62.0,
2013,Santa Barbara,2154.0,
2014,Santa Barbara,632.0,
2015,Santa Barbara,284.0,
2016,Santa Barbara,52813.0,
2017,Santa Barbara,301035.0,
2018,Santa Barbara,1804.0,
2019,Santa Barbara,3846.0,
2013,Santa Clara,90.0,
2014,Santa Clara,205.0,
2015,Santa Clara,257.0,
2016,Santa Clara,4738.0,
2017,Santa Clara,639.0,
2018,Santa Clara,756.0,
2019,Santa Clara,859.0,
2017,Santa Cruz,391.0,
2018,Santa Cruz,27.0,
2019,Santa Cruz,10.0,
2013,Shasta,8406.0,
2014,Shasta,92739.0,
2015,Shasta,638.0,
2016,Shasta,686.0,
2017,Shasta,1515.0,
2018,Shasta,343503.0,
2019,Shasta,1040.0,
2017,Sierra,915.0,
2013,Siskiyou,14844.0,
2014,Siskiyou,123889.0,
2015,Siskiyou,532.0,
2016,Siskiyou,37574.0,
2017,Siskiyou,149780.0,
2018,Siskiyou,38738.0,
2019,Siskiyou,2557.0,
2013,Solano,152.0,
2014,Solano,70.0,
2015,Solano,190.0,
2016,Solano,57.0,
2017,Solano,51818.0,
2018,Solano,8322.0,
2019,Solano,458.0,
2013,Sonoma,3975.0,
2016,Sonoma,1547.0,
2017,Sonoma,114397.0,
2018,Sonoma,10.0,
2019,Sonoma,77758.0,
2013,Stanislaus,150.0,
2014,Stanislaus,37.0,
2015,Stanislaus,40.0,
2016,Stanislaus,360.0,
2017,Stanislaus,7155.0,
2018,Stanislaus,63.0,
2019,Stanislaus,3478.0,
2019,State of Nevada,1165.0,
2019,State of Oregon,1301.0,
2016,Sutter,300.0,
2018,Sutter,1200.0,
2019,Sutter,1350.0,
2013,Tehama,18864.0,
2014,Tehama,1090.0,
2015,Tehama,335.0,
2016,Tehama,1126.0,
2017,Tehama,588.0,
2018,Tehama,12465.0,
2019,Tehama,17507.0,
2014,Trinity,595.0,
2015,Trinity,144705.0,
2017,Trinity,40211.0,
2018,Trinity,295013.0,
2019,Trinity,524.0,
2013,Tulare,2194.0,
2015,Tulare,7496.0,
2016,Tulare,4752.0,
2017,Tulare,77178.0,
2018,Tulare,981.0,
2019,Tulare,1654.0,
2013,Tuolumne,258484.0,
2014,Tuolumne,826.0,
2015,Tuolumne,424.0,
2016,Tuolumne,1197.0,
2017,Tuolumne,911.0,
2018,Tuolumne,37186.0,
2019,Tuolumne,104.0,
2013,Ventura,28705.0,
2014,Ventura,25.0,
2015,Ventura,711.0,
2016,Ventura,2512.0,
2017,Ventura,282029.0,
2018,Ventura,101816.0,
2019,Ventura,12506.0,
2013,Yolo,163.0,
2014,Yolo,6488.0,
2016,Yolo,6092.0,
2017,Yolo,2269.0,
2018,Yolo,91124.0,
2019,Yolo,2545.0,
2013,Yuba,73.0,
2015,Yuba,188.0,
2016,Yuba,400.0,
2017,Yuba,10981.0,
2019,Yuba,268.0,
2010,Alameda ,,11.19210003
2010,Alpine ,,12.32993197
2010,Amador ,,7.096824692999999
2010,Butte ,,17.97059025
2010,Calaveras ,,8.203243901
2010,Colusa ,,14.67989605
2010,Contra Costa ,,8.893559677999999
2010,Del Norte ,,19.40922342
2010,El Dorado ,,7.8205894339999995
2010,Fresno ,,22.03800491
2010,Glenn ,,17.45122606
2010,Humboldt ,,17.26540306
2010,Imperial ,,20.10330136
2010,Inyo ,,11.81512423
2010,Kern ,,19.61117724
2010,Kings ,,17.01472982
2010,Lake ,,18.77708906
2010,Lassen ,,9.800176733999999
2010,Los Angeles ,,15.45991415
2010,Madera ,,18.04275136
2010,Marin ,,6.756207739
2010,Mariposa ,,12.49863313
2010,Mendocino ,,16.81392664
2010,Merced ,,21.43526699
2010,Modoc ,,17.79281624
2010,Mono ,,11.96691837
2010,Monterey ,,13.32138869
2010,Napa ,,9.659010377000001
2010,Nevada ,,8.901472715
2010,Orange ,,10.00989707
2010,Placer ,,6.5650846860000005
2010,Plumas ,,11.95076501
2010,Riverside ,,13.19567435
2010,Sacramento ,,13.67371397
2010,San Benito ,,11.60353813
2010,San Bernardino ,,14.51263585
2010,San Diego ,,11.95208684
2010,San Francisco ,,11.73381722
2010,San Joaquin ,,15.66210866
2010,San Luis Obispo ,,12.11814276
2010,San Mateo ,,6.920649074
2010,Santa Barbara ,,13.81152791
2010,Santa Clara ,,8.742460026
2010,Santa Cruz ,,12.24012363
2010,Shasta ,,16.26400461
2010,Sierra ,,10.84373143
2010,Siskiyou ,,16.75318863
2010,Solano ,,10.03750835
2010,Sonoma ,,10.12663301
2010,Stanislaus ,,16.18263937
2010,Sutter ,,14.12331407
2010,Tehama ,,19.81142629
2010,Trinity ,,14.54638348
2010,Tulare ,,22.59224413
2010,Tuolumne ,,10.56639441
2010,Ventura ,,9.126662382000001
2010,Yolo ,,16.23832846
2010,Yuba ,,19.33670601
2011,Alameda ,,11.58330189
2011,Alpine ,,14.5672665
2011,Amador ,,8.817069344
2011,Butte ,,19.280102499999998
2011,Calaveras ,,8.191029392
2011,Colusa ,,14.22266047
2011,Contra Costa ,,9.786118362
2011,Del Norte ,,18.60228984
2011,El Dorado ,,8.344544636
2011,Fresno ,,22.93446938
2011,Glenn ,,18.43222607
2011,Humboldt ,,17.84107497
2011,Imperial ,,21.86433061
2011,Inyo ,,11.524083000000001
2011,Kern ,,20.45633787
2011,Kings ,,17.09521778
2011,Lake ,,21.03211579
2011,Lassen ,,10.17685209
2011,Los Angeles ,,16.00027054
2011,Madera ,,18.56614821
2011,Marin ,,6.982199421
2011,Mariposa ,,14.27556042
2011,Mendocino ,,17.47843473
2011,Merced ,,22.65758697
2011,Modoc ,,18.94231772
2011,Mono ,,11.08732877
2011,Monterey ,,14.41836722
2011,Napa ,,9.533377162
2011,Nevada ,,10.2366046
2011,Orange ,,10.71834694
2011,Placer ,,7.153460591
2011,Plumas ,,13.2725832
2011,Riverside ,,14.00393718
2011,Sacramento ,,14.60546121
2011,San Benito ,,11.26054708
2011,San Bernardino ,,15.66921281
2011,San Diego ,,12.66200979
2011,San Francisco ,,12.13070955
2011,San Joaquin ,,16.27983895
2011,San Luis Obispo ,,12.44255631
2011,San Mateo ,,6.87036095
2011,Santa Barbara ,,13.61861679
2011,Santa Clara ,,9.099170956
2011,Santa Cruz ,,13.25433112
2011,Shasta ,,16.94003871
2011,Sierra ,,16.47848642
2011,Siskiyou ,,18.09251013
2011,Solano ,,10.33113065
2011,Sonoma ,,10.57191397
2011,Stanislaus ,,17.81395558
2011,Sutter ,,14.99596569
2011,Tehama ,,20.31594824
2011,Trinity ,,17.25621764
2011,Tulare ,,23.41977012
2011,Tuolumne ,,12.29008181
2011,Ventura ,,9.802573107999999
2011,Yolo ,,17.93663802
2011,Yuba ,,19.80311068
2012,Alameda ,,11.80732291
2012,Alpine ,,13.28320802
2012,Amador ,,9.273382057000001
2012,Butte ,,20.06169895
2012,Calaveras ,,10.20282594
2012,Colusa ,,15.03117821
2012,Contra Costa ,,10.10449153
2012,Del Norte ,,18.87984278
2012,El Dorado ,,8.002061616
2012,Fresno ,,24.39149419
2012,Glenn ,,19.17159342
2012,Humboldt ,,19.15543081
2012,Imperial ,,21.64081459
2012,Inyo ,,11.01548122
2012,Kern ,,21.54303208
2012,Kings ,,18.21202511
2012,Lake ,,23.36233686
2012,Lassen ,,10.75430288
2012,Los Angeles ,,16.85189995
2012,Madera ,,19.85194038
2012,Marin ,,7.268188274
2012,Mariposa ,,14.54955203
2012,Mendocino ,,19.05637325
2012,Merced ,,24.14761426
2012,Modoc ,,19.16186485
2012,Mono ,,9.399901276
2012,Monterey ,,15.40681261
2012,Napa ,,9.763326601000001
2012,Nevada ,,11.48993616
2012,Orange ,,11.55653509
2012,Placer ,,8.307386438
2012,Plumas ,,13.65050688
2012,Riverside ,,15.30140238
2012,Sacramento ,,16.20721511
2012,San Benito ,,12.62011647
2012,San Bernardino ,,17.19632597
2012,San Diego ,,13.49959684
2012,San Francisco ,,12.97225025
2012,San Joaquin ,,17.16620381
2012,San Luis Obispo ,,12.86645614
2012,San Mateo ,,7.333506197
2012,Santa Barbara ,,14.69331483
2012,Santa Clara ,,9.599064635
2012,Santa Cruz ,,13.93344515
2012,Shasta ,,17.34452117
2012,Sierra ,,16.66139741
2012,Siskiyou ,,19.27338661
2012,Solano ,,11.44711969
2012,Sonoma ,,11.36939039
2012,Stanislaus ,,18.99517583
2012,Sutter ,,16.77112509
2012,Tehama ,,20.00949367
2012,Trinity ,,17.35923465
2012,Tulare ,,24.46291615
2012,Tuolumne ,,12.16918757
2012,Ventura ,,10.20133837
2012,Yolo ,,17.92525626
2012,Yuba ,,20.12762306
2013,Alameda ,,12.27821173
2013,Alpine ,,15.79399142
2013,Amador ,,11.08973331
2013,Butte ,,19.92454952
2013,Calaveras ,,10.74047002
2013,Colusa ,,12.33267809
2013,Contra Costa ,,10.43100261
2013,Del Norte ,,19.06407589
2013,El Dorado ,,8.954481661
2013,Fresno ,,25.49837432
2013,Glenn ,,18.52855208
2013,Humboldt ,,19.76035004
2013,Imperial ,,21.852615
2013,Inyo ,,12.49323666
2013,Kern ,,22.02430076
2013,Kings ,,18.45710973
2013,Lake ,,24.6809835
2013,Lassen ,,11.62031865
2013,Los Angeles ,,17.55927969
2013,Madera ,,21.53002939
2013,Marin ,,7.508943894
2013,Mariposa ,,15.92381374
2013,Mendocino ,,19.68181766
2013,Merced ,,24.92781409
2013,Modoc ,,20.24714829
2013,Mono ,,8.419497783999999
2013,Monterey ,,16.21255965
2013,Napa ,,9.83988334
2013,Nevada ,,11.87302683
2013,Orange ,,12.22401681
2013,Placer ,,8.667580719
2013,Plumas ,,14.89329113
2013,Riverside ,,15.95272754
2013,Sacramento ,,17.30091896
2013,San Benito ,,11.83106121
2013,San Bernardino ,,18.24479864
2013,San Diego ,,14.07299893
2013,San Francisco ,,13.24842416
2013,San Joaquin ,,17.76097591
2013,San Luis Obispo ,,13.44682352
2013,San Mateo ,,7.525944324
2013,Santa Barbara ,,15.385407500000001
2013,Santa Clara ,,10.00856414
2013,Santa Cruz ,,14.06264161
2013,Shasta ,,17.18024791
2013,Sierra ,,19.15574033
2013,Siskiyou ,,20.70871627
2013,Solano ,,12.54811172
2013,Sonoma ,,11.70289803
2013,Stanislaus ,,20.09816311
2013,Sutter ,,16.45373311
2013,Tehama ,,19.40355149
2013,Trinity ,,18.91039742
2013,Tulare ,,25.81765343
2013,Tuolumne ,,13.5415144
2013,Ventura ,,10.91304521
2013,Yolo ,,18.38369058
2013,Yuba ,,21.20869733
2014,Alameda ,,12.64605838
2014,Alpine ,,14.89184692
2014,Amador ,,11.50999758
2014,Butte ,,21.05037504
2014,Calaveras ,,11.91424946
2014,Colusa ,,14.32038835
2014,Contra Costa ,,10.55934342
2014,Del Norte ,,19.48264804
2014,El Dorado ,,10.19315019
2014,Fresno ,,26.876810100000004
2014,Glenn ,,19.69021021
2014,Humboldt ,,20.25934933
2014,Imperial ,,21.99394439
2014,Inyo ,,13.25993817
2014,Kern ,,22.49798888
2014,Kings ,,19.97754145
2014,Lake ,,23.9763896
2014,Lassen ,,11.56013911
2014,Los Angeles ,,18.10538647
2014,Madera ,,21.83638129
2014,Marin ,,8.534590852000001
2014,Mariposa ,,16.17073443
2014,Mendocino ,,19.85458613
2014,Merced ,,25.05724191
2014,Modoc ,,20.26780932
2014,Mono ,,4.960191644
2014,Monterey ,,16.44941366
2014,Napa ,,10.01630126
2014,Nevada ,,12.33494919
2014,Orange ,,12.69160696
2014,Placer ,,8.856543796
2014,Plumas ,,15.58643576
2014,Riverside ,,16.61904655
2014,Sacramento ,,17.79184252
2014,San Benito ,,12.06581353
2014,San Bernardino ,,18.71642549
2014,San Diego ,,14.32090861
2014,San Francisco ,,13.06617519
2014,San Joaquin ,,18.96954568
2014,San Luis Obispo ,,13.90343711
2014,San Mateo ,,7.524900755
2014,Santa Barbara ,,15.97780121
2014,Santa Clara ,,9.782582135
2014,Santa Cruz ,,14.68995483
2014,Shasta ,,17.7100605
2014,Sierra ,,16.13116926
2014,Siskiyou ,,22.46899076
2014,Solano ,,12.64562738
2014,Sonoma ,,12.14258118
2014,Stanislaus ,,20.043458800000003
2014,Sutter ,,16.64510293
2014,Tehama ,,18.33638834
2014,Trinity ,,18.41657418
2014,Tulare ,,27.05427525
2014,Tuolumne ,,13.6971682
2014,Ventura ,,10.99702078
2014,Yolo ,,19.26558321
2014,Yuba ,,21.79882013
2015,Alameda ,,12.2801948
2015,Alpine ,,17.24137931
2015,Amador ,,11.32855791
2015,Butte ,,21.35655362
2015,Calaveras ,,12.48687649
2015,Colusa ,,14.820527199999999
2015,Contra Costa ,,10.75800042
2015,Del Norte ,,18.7383043
2015,El Dorado ,,10.34141895
2015,Fresno ,,26.35874195
2015,Glenn ,,20.41100289
2015,Humboldt ,,20.85252603
2015,Imperial ,,22.50990427
2015,Inyo ,,10.98895118
2015,Kern ,,22.61012595
2015,Kings ,,19.80158678
2015,Lake ,,24.31029646
2015,Lassen ,,10.91438199
2015,Los Angeles ,,17.93380571
2015,Madera ,,22.17420538
2015,Marin ,,8.114604663
2015,Mariposa ,,14.90246782
2015,Mendocino ,,20.02078955
2015,Merced ,,25.54787123
2015,Modoc ,,18.21646341
2015,Mono ,,4.835289128
2015,Monterey ,,16.21576833
2015,Napa ,,9.993228554
2015,Nevada ,,12.54641372
2015,Orange ,,12.69172794
2015,Placer ,,8.85306323
2015,Plumas ,,14.16745756
2015,Riverside ,,16.53523537
2015,Sacramento ,,17.89093157
2015,San Benito ,,10.77540525
2015,San Bernardino ,,18.98853764
2015,San Diego ,,14.11301432
2015,San Francisco ,,13.02673881
2015,San Joaquin ,,18.26113465
2015,San Luis Obispo ,,13.97020798
2015,San Mateo ,,7.910985387
2015,Santa Barbara ,,15.60559826
2015,Santa Clara ,,9.404496108
2015,Santa Cruz ,,14.50285578
2015,Shasta ,,17.71914922
2015,Sierra ,,14.49851043
2015,Siskiyou ,,22.84087026
2015,Solano ,,13.04371314
2015,Sonoma ,,11.54949321
2015,Stanislaus ,,20.08601221
2015,Sutter ,,17.57850641
2015,Tehama ,,19.49740309
2015,Trinity ,,19.15800494
2015,Tulare ,,27.70173093
2015,Tuolumne ,,12.962517800000002
2015,Ventura ,,10.92725904
2015,Yolo ,,19.14335327
2015,Yuba ,,21.59946621
2016,Alameda ,,11.8108642
2016,Alpine ,,18.66554054
2016,Amador ,,9.96672348
2016,Butte ,,20.75068006
2016,Calaveras ,,12.59517271
2016,Colusa ,,13.38420486
2016,Contra Costa ,,10.10194733
2016,Del Norte ,,18.89025626
2016,El Dorado ,,9.748087432
2016,Fresno ,,26.46206238
2016,Glenn ,,19.93851873
2016,Humboldt ,,20.44724889
2016,Imperial ,,22.6792016
2016,Inyo ,,10.39506712
2016,Kern ,,22.30526191
2016,Kings ,,19.07414432
2016,Lake ,,24.2852238
2016,Lassen ,,11.13789325
2016,Los Angeles ,,17.54055695
2016,Madera ,,20.89315754
2016,Marin ,,7.882926303
2016,Mariposa ,,16.14621706
2016,Mendocino ,,19.86751936
2016,Merced ,,23.64557115
2016,Modoc ,,16.41757998
2016,Mono ,,8.696889901
2016,Monterey ,,15.40884377
2016,Napa ,,8.582404862999999
2016,Nevada ,,11.99829682
2016,Orange ,,12.30938784
2016,Placer ,,8.616972186
2016,Plumas ,,12.50933134
2016,Riverside ,,16.20940216
2016,Sacramento ,,17.63516528
2016,San Benito ,,10.72160686
2016,San Bernardino ,,18.61607952
2016,San Diego ,,13.648183600000001
2016,San Francisco ,,12.25240567
2016,San Joaquin ,,17.42816775
2016,San Luis Obispo ,,13.35151428
2016,San Mateo ,,7.617111937000001
2016,Santa Barbara ,,15.22092878
2016,Santa Clara ,,9.135696764
2016,Santa Cruz ,,14.47268862
2016,Shasta ,,17.26571741
2016,Sierra ,,11.22483794
2016,Siskiyou ,,21.81002107
2016,Solano ,,12.39885846
2016,Sonoma ,,11.06823149
2016,Stanislaus ,,18.04486195
2016,Sutter ,,17.3311951
2016,Tehama ,,21.20606205
2016,Trinity ,,19.77996965
2016,Tulare ,,27.89351623
2016,Tuolumne ,,13.32244171
2016,Ventura ,,10.49519043
2016,Yolo ,,18.55192182
2016,Yuba ,,20.40678241
2017,Alameda ,,11.11882254
2017,Alpine ,,19.53449709
2017,Amador ,,9.553423042
2017,Butte ,,19.97140409
2017,Calaveras ,,12.59737666
2017,Colusa ,,13.86936077
2017,Contra Costa ,,9.667360222000001
2017,Del Norte ,,20.30099847
2017,El Dorado ,,9.72677891
2017,Fresno ,,25.0139973
2017,Glenn ,,19.34490782
2017,Humboldt ,,20.28267769
2017,Imperial ,,22.43647093
2017,Inyo ,,9.925803792
2017,Kern ,,21.74956529
2017,Kings ,,18.65257719
2017,Lake ,,22.4635307
2017,Lassen ,,10.02542104
2017,Los Angeles ,,16.7084054
2017,Madera ,,20.87801088
2017,Marin ,,7.86575874
2017,Mariposa ,,14.88843584
2017,Mendocino ,,18.798358800000003
2017,Merced ,,22.76113542
2017,Modoc ,,17.56681823
2017,Mono ,,9.80224783
2017,Monterey ,,14.06682857
2017,Napa ,,8.003262296
2017,Nevada ,,12.00044517
2017,Orange ,,11.99242922
2017,Placer ,,8.126458392
2017,Plumas ,,13.02606281
2017,Riverside ,,15.38066634
2017,Sacramento ,,16.464023
2017,San Benito ,,9.664058905
2017,San Bernardino ,,17.66954866
2017,San Diego ,,13.00470663
2017,San Francisco ,,11.46595423
2017,San Joaquin ,,16.75005144
2017,San Luis Obispo ,,13.00161717
2017,San Mateo ,,7.2016504029999995
2017,Santa Barbara ,,14.7841064
2017,Santa Clara ,,8.503703905
2017,Santa Cruz ,,14.12741571
2017,Shasta ,,17.86674417
2017,Sierra ,,12.16637782
2017,Siskiyou ,,20.48012865
2017,Solano ,,11.17818939
2017,Sonoma ,,10.52155634
2017,Stanislaus ,,17.02682925
2017,Sutter ,,16.53536717
2017,Tehama ,,20.56856452
2017,Trinity ,,19.52136228
2017,Tulare ,,26.74838549
2017,Tuolumne ,,12.75533869
2017,Ventura ,,10.12179271
2017,Yolo ,,18.66654124
2017,Yuba ,,18.21713735
2018,Alameda ,,10.39630103
2018,Alpine ,,19.80802792
2018,Amador ,,8.784266039
2018,Butte ,,19.55741495
2018,Calaveras ,,11.58837184
2018,Colusa ,,13.64610511
2018,Contra Costa ,,9.048601055
2018,Del Norte ,,19.90227538
2018,El Dorado ,,8.859376088
2018,Fresno ,,23.7255784
2018,Glenn ,,18.46793562
2018,Humboldt ,,19.85519415
2018,Imperial ,,22.85646114
2018,Inyo ,,9.908764169
2018,Kern ,,21.20280436
2018,Kings ,,18.71331001
2018,Lake ,,20.61482821
2018,Lassen ,,9.405162738
2018,Los Angeles ,,15.74517541
2018,Madera ,,19.70737938
2018,Marin ,,7.43041549
2018,Mariposa ,,13.88255416
2018,Mendocino ,,18.16133239
2018,Merced ,,22.17225681
2018,Modoc ,,16.05504587
2018,Mono ,,10.25821927
2018,Monterey ,,13.549717000000001
2018,Napa ,,7.947057568
2018,Nevada ,,11.2713438
2018,Orange ,,11.36164102
2018,Placer ,,7.970227086
2018,Plumas ,,11.47654955
2018,Riverside ,,14.50619019
2018,Sacramento ,,15.62770898
2018,San Benito ,,9.187760872
2018,San Bernardino ,,16.81548253
2018,San Diego ,,12.20739892
2018,San Francisco ,,10.6867009
2018,San Joaquin ,,15.60941367
2018,San Luis Obispo ,,12.5430353
2018,San Mateo ,,6.970173709
2018,Santa Barbara ,,14.19982061
2018,Santa Clara ,,7.795754864
2018,Santa Cruz ,,13.67194492
2018,Shasta ,,16.85568306
2018,Sierra ,,8.225255973
2018,Siskiyou ,,19.2328893
2018,Solano ,,10.13089184
2018,Sonoma ,,10.11615405
2018,Stanislaus ,,15.95880594
2018,Sutter ,,15.83465454
2018,Tehama ,,21.24564089
2018,Trinity ,,19.36712797
2018,Tulare ,,25.14479551
2018,Tuolumne ,,12.45086405
2018,Ventura ,,9.439555152999999
2018,Yolo ,,18.87783344
2018,Yuba ,,17.6148782
2019,Alameda ,,9.752866147
2019,Alpine ,,19.73051011
2019,Amador ,,8.980197247000001
2019,Butte ,,18.58761741
2019,Calaveras ,,11.30860834
2019,Colusa ,,12.92998975
2019,Contra Costa ,,8.631640506
2019,Del Norte ,,17.31223859
2019,El Dorado ,,8.295901105
2019,Fresno ,,22.16854694
2019,Glenn ,,17.22190449
2019,Humboldt ,,19.62189201
2019,Imperial ,,22.74475515
2019,Inyo ,,9.094954664
2019,Kern ,,20.27621527
2019,Kings ,,16.40774831
2019,Lake ,,18.30827946
2019,Lassen ,,9.182945032000001
2019,Los Angeles ,,14.68467709
2019,Madera ,,18.83319501
2019,Marin ,,7.058855211
2019,Mariposa ,,15.01722158
2019,Mendocino ,,17.48486655
2019,Merced ,,20.71508059
2019,Modoc ,,18.16548782
2019,Mono ,,11.970649900000002
2019,Monterey ,,12.55001038
2019,Napa ,,7.601899401
2019,Nevada ,,10.92660513
2019,Orange ,,10.733689300000002
2019,Placer ,,7.674988067999999
2019,Plumas ,,11.91854234
2019,Riverside ,,13.48899972
2019,Sacramento ,,14.4772271
2019,San Benito ,,8.382469856
2019,San Bernardino ,,15.523880300000002
2019,San Diego ,,11.30213358
2019,San Francisco ,,10.17531067
2019,San Joaquin ,,14.20153164
2019,San Luis Obispo ,,11.78778374
2019,San Mateo ,,6.656693896
2019,Santa Barbara ,,12.93890461
2019,Santa Clara ,,7.3948751470000005
2019,Santa Cruz ,,12.5634212
2019,Shasta ,,16.4179854
2019,Sierra ,,9.572368421
2019,Siskiyou ,,18.6389988
2019,Solano ,,9.306994335
2019,Sonoma ,,9.087744011
2019,Stanislaus ,,14.98819943
2019,Sutter ,,15.28160734
2019,Tehama ,,21.79559394
2019,Trinity ,,18.67716535
2019,Tulare ,,23.49263257
2019,Tuolumne ,,11.92154686
2019,Ventura ,,8.810133335
2019,Yolo ,,18.36606058
2019,Yuba ,,15.15453117
