,State,County,Population,Median Age,Household Income,Per Capita Income,Poverty Count,Poverty Rate,Year
56, California,Mariposa County,18290.0,47.9,49098.0,27064.0,2286.0,12.498633132859487,2010
51, California,Lake County,64371.0,44.1,39491.0,21531.0,12087.0,18.77708906184462,2010
50, California,Kings County,151122.0,30.8,48684.0,17875.0,25713.0,17.014729820939372,2010
49, California,Kern County,815693.0,30.6,47089.0,20100.0,159967.0,19.61117724437993,2010
48, California,Inyo County,18434.0,45.0,44808.0,26762.0,2178.0,11.8151242269719,2010
47, California,Imperial County,168052.0,31.6,38685.0,16395.0,33784.0,20.103301359103135,2010
46, California,Humboldt County,133058.0,37.1,40089.0,24025.0,22973.0,17.265403057313353,2010
45, California,Glenn County,27935.0,35.1,43074.0,19987.0,4875.0,17.451226060497582,2010
44, California,Fresno County,908830.0,30.4,46430.0,20329.0,200288.0,22.038004907408425,2010
43, California,El Dorado County,179053.0,42.6,70000.0,34393.0,14003.0,7.820589434413274,2010
42, California,Del Norte County,28471.0,37.9,36118.0,18974.0,5526.0,19.409223420322434,2010
54, California,Madera County,147738.0,33.2,46039.0,18724.0,26656.0,18.04275135713222,2010
40, California,Colusa County,21165.0,34.0,48016.0,21317.0,3107.0,14.679896054807465,2010
52, California,Lassen County,35081.0,37.2,50317.0,19756.0,3438.0,9.80017673384453,2010
41, California,Contra Costa County,1024809.0,38.1,78385.0,37818.0,91142.0,8.893559677949744,2010
38, California,Butte County,218635.0,37.2,43170.0,23404.0,39290.0,17.970590253161664,2010
39, California,Calaveras County,45994.0,48.5,54971.0,28408.0,3773.0,8.20324390137844,2010
57, California,Mendocino County,87487.0,41.2,43759.0,23357.0,14710.0,16.81392664052945,2010
55, California,Marin County,248601.0,44.0,89268.0,53940.0,16796.0,6.756207738504672,2010
30, California,Tulare County,429404.0,29.4,43851.0,17966.0,97012.0,22.59224413372954,2010
28, California,Tehama County,62575.0,39.2,38137.0,20198.0,12397.0,19.811426288453855,2010
32, California,Ventura County,809080.0,36.0,75348.0,32348.0,73842.0,9.126662381964701,2010
33, California,Yolo County,196418.0,30.1,57077.0,27420.0,31895.0,16.238328462768177,2010
34, California,Yuba County,71160.0,31.5,46807.0,19937.0,13760.0,19.33670601461495,2010
35, California,Alameda County,1477980.0,36.2,69384.0,33961.0,165417.0,11.192100028417164,2010
36, California,Alpine County,1176.0,40.9,63478.0,32159.0,145.0,12.329931972789115,2010
31, California,Tuolumne County,56074.0,46.6,47462.0,25483.0,5925.0,10.566394407390234,2010
37, California,Amador County,38327.0,47.2,54758.0,26329.0,2720.0,7.0968246927753285,2010
29, California,Trinity County,13701.0,48.5,38725.0,22073.0,1993.0,14.546383475658711,2010
25, California,Sonoma County,474047.0,39.5,63274.0,32597.0,48005.0,10.126633013182238,2010
0, California,Merced County,250699.0,29.3,43844.0,18041.0,53738.0,21.435266993486213,2010
24, California,Solano County,410042.0,36.5,68409.0,28649.0,41158.0,10.037508352802883,2010
23, California,Siskiyou County,44690.0,46.5,36981.0,22179.0,7487.0,16.75318863280376,2010
22, California,Sierra County,3366.0,50.8,52950.0,27389.0,365.0,10.843731431966726,2010
21, California,Shasta County,176906.0,41.3,43944.0,23772.0,28772.0,16.264004612619132,2010
20, California,Santa Cruz County,256901.0,36.6,65253.0,32862.0,31445.0,12.24012362738954,2010
19, California,Santa Clara County,1739396.0,35.8,86850.0,39804.0,152066.0,8.742460026353976,2010
17, California,San Mateo County,704327.0,39.0,85648.0,43958.0,48744.0,6.920649073512729,2010
16, California,San Luis Obispo County,265577.0,39.0,57365.0,29790.0,32183.0,12.11814276085655,2010
15, California,San Joaquin County,673613.0,32.3,54341.0,22851.0,105502.0,15.662108658829327,2010
14, California,San Francisco County,789172.0,38.3,71304.0,45478.0,92600.0,11.733817216018815,2010
13, California,San Diego County,3022468.0,34.5,63069.0,30715.0,361248.0,11.95208683764394,2010
27, California,Sutter County,93420.0,34.2,50944.0,22344.0,13194.0,14.123314065510597,2010
18, California,Santa Barbara County,416051.0,33.6,60078.0,29731.0,57463.0,13.811527913645202,2010
53, California,Los Angeles County,9758256.0,34.3,55476.0,27344.0,1508618.0,15.459914148593764,2010
12, California,San Bernardino County,2005287.0,31.2,55845.0,21867.0,291020.0,14.51263584713809,2010
26, California,Stanislaus County,509682.0,32.5,51094.0,22064.0,82480.0,16.182639371215778,2010
1, California,Modoc County,9605.0,45.4,34588.0,20536.0,1709.0,17.792816241540866,2010
7, California,Placer County,336477.0,39.8,74447.0,35680.0,22090.0,6.565084686323285,2010
11, California,San Benito County,54492.0,33.7,65771.0,25508.0,6323.0,11.603538134038024,2010
9, California,Riverside County,2109464.0,33.4,57768.0,24431.0,278358.0,13.195674351399218,2010
10, California,Sacramento County,1395144.0,34.6,56439.0,26953.0,190768.0,13.67371396787715,2010
5, California,Nevada County,98186.0,46.8,57121.0,30727.0,8740.0,8.901472715051026,2010
6, California,Orange County,2965525.0,35.7,74344.0,34017.0,296846.0,10.009897067129765,2010
4, California,Napa County,134051.0,39.4,67389.0,34310.0,12948.0,9.659010376647693,2010
3, California,Monterey County,407435.0,32.8,59271.0,25776.0,54276.0,13.321388687766147,2010
2, California,Mono County,13905.0,36.5,55087.0,27321.0,1664.0,11.966918374685365,2010
8, California,Plumas County,20392.0,48.5,44000.0,28732.0,2437.0,11.95076500588466,2010
15, California,Modoc County,9587.0,46.5,35402.0,20769.0,1816.0,18.942317721915092,2011
28, California,San Diego County,3060849.0,34.6,63857.0,30955.0,387565.0,12.66200978878736,2011
16, California,Inyo County,18457.0,45.1,49571.0,27532.0,2127.0,11.524083003738419,2011
9, California,San Benito County,54873.0,33.9,65570.0,26300.0,6179.0,11.260547081442605,2011
5, California,Stanislaus County,512469.0,32.6,50671.0,21820.0,91291.0,17.813955575849466,2011
12, California,Monterey County,411385.0,32.8,59737.0,25508.0,59315.0,14.418367222917706,2011
7, California,Tehama County,62985.0,39.4,38753.0,20689.0,12796.0,20.315948241644836,2011
8, California,Mono County,14016.0,36.5,60469.0,28789.0,1554.0,11.087328767123287,2011
4, California,Lassen County,35001.0,37.0,52484.0,19339.0,3562.0,10.176852089940287,2011
10, California,Sacramento County,1408480.0,34.7,56553.0,27180.0,205715.0,14.605461206406908,2011
11, California,El Dorado County,179878.0,43.1,68815.0,34385.0,15010.0,8.344544635808715,2011
6, California,Sonoma County,478551.0,39.7,64343.0,33119.0,50592.0,10.571913965282697,2011
19, California,Alameda County,1494876.0,36.4,70821.0,34937.0,173156.0,11.583301892598449,2011
26, California,Sutter County,94192.0,34.4,50010.0,22464.0,14125.0,14.995965687107185,2011
3, California,Contra Costa County,1037817.0,38.3,79135.0,38141.0,101562.0,9.786118361907736,2011
0, California,Merced County,253606.0,29.5,43945.0,18304.0,57461.0,22.65758696560807,2011
18, California,Imperial County,171343.0,31.8,39402.0,16593.0,37463.0,21.864330611697007,2011
27, California,San Joaquin County,680277.0,32.5,53764.0,22857.0,110748.0,16.279838947957963,2011
30, California,Yolo County,198889.0,30.1,57920.0,28631.0,35674.0,17.936638024224568,2011
24, California,Fresno County,920623.0,30.6,46903.0,20638.0,211140.0,22.93446937562933,2011
23, California,Kings County,152335.0,31.0,48838.0,18296.0,26042.0,17.09521777661076,2011
22, California,Colusa County,21297.0,33.5,49558.0,21271.0,3029.0,14.222660468610602,2011
21, California,San Francisco County,797983.0,38.4,72947.0,46777.0,96801.0,12.13070955145661,2011
20, California,Napa County,135377.0,39.5,68641.0,35309.0,12906.0,9.533377161556247,2011
25, California,Orange County,2989948.0,36.0,75762.0,34416.0,320473.0,10.718346941150816,2011
13, California,Sierra County,3277.0,51.5,50308.0,26137.0,540.0,16.47848642050656,2011
17, California,Santa Barbara County,419793.0,33.4,61896.0,30330.0,57170.0,13.61861679446775,2011
14, California,Lake County,64392.0,44.3,39525.0,22238.0,13543.0,21.032115790781464,2011
29, California,Tulare County,436234.0,29.5,43550.0,17986.0,102165.0,23.419770123374153,2011
45, California,Shasta County,177231.0,41.6,44058.0,23691.0,30023.0,16.940038706546822,2011
43, California,Placer County,343554.0,40.0,74645.0,35583.0,24576.0,7.153460591348085,2011
42, California,Marin County,250666.0,44.3,89605.0,54605.0,17502.0,6.98219942074314,2011
41, California,Santa Clara County,1762754.0,36.0,89064.0,40698.0,160396.0,9.099170956355794,2011
39, California,Riverside County,2154844.0,33.5,58365.0,24516.0,301763.0,14.003937175962623,2011
33, California,Alpine County,1167.0,40.4,59018.0,29576.0,170.0,14.567266495287061,2011
37, California,Trinity County,13711.0,49.3,37672.0,22551.0,2366.0,17.256217635475167,2011
36, California,Santa Cruz County,259402.0,36.7,66030.0,32975.0,34382.0,13.2543311154116,2011
35, California,Mendocino County,87525.0,41.4,44527.0,23585.0,15298.0,17.478434732933447,2011
34, California,Madera County,149611.0,33.2,47724.0,18817.0,27777.0,18.566148211027265,2011
44, California,Siskiyou County,44687.0,46.9,37865.0,22335.0,8085.0,18.092510125987424,2011
38, California,Los Angeles County,9787747.0,34.6,56266.0,27954.0,1566066.0,16.00027054234238,2011
2, California,Yuba County,71817.0,31.7,46617.0,20046.0,14222.0,19.803110684099863,2011
53, California,Ventura County,815745.0,36.2,76728.0,32740.0,79964.0,9.802573108017825,2011
40, California,San Bernardino County,2023452.0,31.4,55853.0,21932.0,317059.0,15.669212810583103,2011
56, California,Tuolumne County,55736.0,47.2,47359.0,26084.0,6850.0,12.29008181426726,2011
1, California,Mariposa County,18290.0,48.4,49174.0,27209.0,2611.0,14.275560415527611,2011
46, California,Solano County,411620.0,36.7,69914.0,29367.0,42525.0,10.331130654487149,2011
31, California,Humboldt County,133585.0,37.3,40376.0,24209.0,23833.0,17.841074970992253,2011
57, California,Amador County,38244.0,48.0,56180.0,28030.0,3372.0,8.817069344210857,2011
47, California,Del Norte County,28561.0,38.9,37588.0,19247.0,5313.0,18.602289835790064,2011
48, California,Glenn County,28027.0,35.3,43239.0,21254.0,5166.0,18.432226067720414,2011
52, California,Kern County,829254.0,30.6,48021.0,20167.0,169635.0,20.456337865117323,2011
50, California,Plumas County,20192.0,49.0,44151.0,28104.0,2680.0,13.272583201267828,2011
51, California,San Luis Obispo County,267871.0,39.1,58630.0,30204.0,33330.0,12.44255630508715,2011
32, California,Nevada County,98392.0,47.3,58077.0,31607.0,10072.0,10.236604602000163,2011
54, California,Calaveras County,45794.0,49.0,55256.0,28667.0,3751.0,8.191029392496834,2011
55, California,San Mateo County,711622.0,39.2,87633.0,45346.0,48891.0,6.870360950054945,2011
49, California,Butte County,219309.0,37.2,42971.0,23431.0,42283.0,19.280102503773215,2011
37, California,Riverside County,2192982.0,33.7,57096.0,23863.0,335557.0,15.301402382691695,2012
45, California,Del Norte County,28496.0,38.8,39626.0,20197.0,5380.0,18.879842784952274,2012
39, California,Santa Clara County,1788393.0,36.2,90747.0,41041.0,171669.0,9.599064635122145,2012
50, California,Santa Barbara County,423594.0,33.6,62723.0,30114.0,62240.0,14.693314825044736,2012
48, California,Modoc County,9545.0,46.8,37482.0,20916.0,1829.0,19.161864850707175,2012
27, California,Tulare County,441877.0,29.7,43803.0,18021.0,108096.0,24.462916150874566,2012
47, California,Lake County,64360.0,44.8,38147.0,21845.0,15036.0,23.362336855189557,2012
44, California,Solano County,414209.0,37.0,69006.0,29170.0,47415.0,11.44711969078412,2012
43, California,Shasta County,177693.0,41.9,44396.0,23639.0,30820.0,17.344521168532243,2012
42, California,Siskiyou County,44673.0,47.0,37948.0,22304.0,8610.0,19.27338660936136,2012
31, California,Alpine County,1197.0,43.2,59931.0,27135.0,159.0,13.283208020050125,2012
46, California,Glenn County,28078.0,36.5,42641.0,21689.0,5383.0,19.171593418334638,2012
49, California,Inyo County,18474.0,45.7,45000.0,27323.0,2035.0,11.015481216845297,2012
53, California,Napa County,136644.0,39.6,69571.0,35195.0,13341.0,9.763326600509354,2012
38, California,San Bernardino County,2041029.0,31.7,54750.0,21636.0,350982.0,17.196325970870575,2012
57, California,Fresno County,930517.0,30.7,45741.0,20391.0,226967.0,24.39149419086379,2012
55, California,Colusa County,21329.0,33.9,52165.0,21601.0,3206.0,15.031178208073515,2012
54, California,San Francisco County,807755.0,38.5,73802.0,47278.0,104784.0,12.972250249147327,2012
40, California,Marin County,252759.0,44.6,90962.0,55695.0,18371.0,7.268188274205864,2012
30, California,Nevada County,98521.0,48.0,57382.0,31899.0,11320.0,11.489936155743445,2012
51, California,Imperial County,173487.0,31.8,41255.0,16667.0,37544.0,21.640814585530904,2012
32, California,Madera County,150615.0,33.2,47937.0,18474.0,29900.0,19.851940377784416,2012
33, California,Mendocino County,87577.0,41.7,43721.0,23179.0,16689.0,19.056373248684014,2012
34, California,Santa Cruz County,262340.0,36.9,66571.0,32846.0,36553.0,13.933445147518487,2012
29, California,Humboldt County,134317.0,37.5,40830.0,23884.0,25729.0,19.15543080920509,2012
41, California,Placer County,350074.0,40.2,73356.0,34917.0,29082.0,8.307386438295904,2012
36, California,Los Angeles County,9840024.0,34.8,56241.0,27900.0,1658231.0,16.851899954715556,2012
52, California,Alameda County,1515136.0,36.6,71516.0,35434.0,178897.0,11.807322906986567,2012
35, California,Trinity County,13693.0,49.2,36569.0,23014.0,2377.0,17.359234645439276,2012
26, California,San Diego County,3100500.0,34.7,63373.0,30683.0,418555.0,13.49959683921948,2012
25, California,San Joaquin County,687036.0,32.6,53895.0,22696.0,117938.0,17.166203808825156,2012
14, California,Butte County,220101.0,37.3,43339.0,23556.0,44156.0,20.061698947301466,2012
15, California,Plumas County,19926.0,49.4,45358.0,28329.0,2720.0,13.650506875439124,2012
16, California,San Luis Obispo County,270121.0,39.3,59628.0,30218.0,34755.0,12.86645614372818,2012
17, California,Kern County,839153.0,30.7,47727.0,20216.0,180779.0,21.543032081158024,2012
23, California,Orange County,3021840.0,36.2,75566.0,34233.0,349220.0,11.556535091202711,2012
19, California,Calaveras County,45507.0,49.5,54686.0,28892.0,4643.0,10.202825938866548,2012
20, California,San Mateo County,721183.0,39.3,87751.0,45458.0,52888.0,7.333506197456124,2012
22, California,Amador County,37764.0,48.4,53462.0,26969.0,3502.0,9.273382056985488,2012
13, California,Sierra County,3163.0,51.6,42500.0,24121.0,527.0,16.6613974075245,2012
18, California,Ventura County,822794.0,36.4,76483.0,32826.0,83936.0,10.201338366589937,2012
56, California,Kings County,151982.0,31.2,48761.0,18566.0,27679.0,18.212025108236503,2012
2, California,Yuba County,72244.0,31.9,46641.0,20016.0,14541.0,20.127623055201816,2012
21, California,Tuolumne County,55205.0,48.0,48169.0,26043.0,6718.0,12.16918757358935,2012
12, California,Monterey County,416199.0,32.9,60143.0,24995.0,64123.0,15.4068126064695,2012
0, California,Merced County,256398.0,29.7,43565.0,18343.0,61914.0,24.147614255961436,2012
11, California,El Dorado County,180441.0,43.5,70117.0,34571.0,14439.0,8.00206161570818,2012
24, California,Sutter County,94615.0,34.5,50510.0,22816.0,15868.0,16.77112508587433,2012
5, California,Stanislaus County,515115.0,32.8,49866.0,21785.0,97847.0,18.99517583452239,2012
10, California,Sacramento County,1422348.0,34.9,55846.0,26856.0,230523.0,16.20721511191354,2012
8, California,Mono County,14181.0,37.1,61868.0,27135.0,1333.0,9.399901276355687,2012
9, California,San Benito County,55467.0,34.1,63939.0,25791.0,7000.0,12.62011646564624,2012
6, California,Sonoma County,483456.0,39.8,63565.0,32898.0,54966.0,11.369390389197775,2012
4, California,Lassen County,34628.0,37.4,51921.0,19924.0,3724.0,10.754302876285088,2012
3, California,Contra Costa County,1052047.0,38.5,78187.0,38106.0,106304.0,10.104491529370836,2012
28, California,Yolo County,200873.0,30.5,57260.0,28137.0,36007.0,17.925256256440637,2012
1, California,Mariposa County,18193.0,49.4,52584.0,27670.0,2647.0,14.549552025504315,2012
7, California,Tehama County,63200.0,39.6,40307.0,20259.0,12646.0,20.009493670886076,2012
37, California,Tehama County,63241.0,39.9,41924.0,20439.0,12271.0,19.403551493493147,2013
29, California,Amador County,37422.0,49.1,53684.0,27347.0,4150.0,11.089733311955534,2013
36, California,Sonoma County,487469.0,40.2,63356.0,32835.0,57048.0,11.702898030438858,2013
43, California,Sierra County,3127.0,51.3,39009.0,24996.0,599.0,19.15574032619124,2013
47, California,Napa County,137837.0,39.8,70443.0,34795.0,13563.0,9.839883340467363,2013
41, California,El Dorado County,180982.0,44.1,69297.0,34884.0,16206.0,8.954481661159674,2013
45, California,Imperial County,175201.0,31.8,41807.0,16763.0,38286.0,21.852614996489745,2013
44, California,Santa Barbara County,427288.0,33.5,62779.0,30352.0,65740.0,15.385407500327648,2013
48, California,San Francisco County,817501.0,38.5,75604.0,48486.0,108306.0,13.248424160949039,2013
42, California,Monterey County,420569.0,33.0,59168.0,24775.0,68185.0,16.21255965132951,2013
26, California,Calaveras County,45147.0,50.0,55295.0,29329.0,4849.0,10.740470020156378,2013
46, California,Alameda County,1535248.0,36.8,72112.0,35763.0,188501.0,12.278211728658823,2013
33, California,Contra Costa County,1065794.0,38.6,78756.0,38219.0,111173.0,10.43100261401359,2013
52, California,Orange County,3051771.0,36.4,75422.0,34057.0,373049.0,12.224016808600645,2013
35, California,Stanislaus County,518321.0,33.0,49297.0,21663.0,104173.0,20.09816310741799,2013
49, California,Colusa County,21366.0,33.9,52158.0,21579.0,2635.0,12.332678086679772,2013
34, California,Lassen County,34018.0,37.3,53107.0,19931.0,3953.0,11.620318654829797,2013
56, California,Modoc County,9468.0,46.9,36212.0,21200.0,1917.0,20.247148288973385,2013
53, California,Sutter County,94787.0,34.8,50408.0,23602.0,15596.0,16.453733106860646,2013
57, California,Inyo County,18482.0,45.7,44796.0,27441.0,2309.0,12.493236662698843,2013
27, California,San Mateo County,729543.0,39.3,88202.0,45732.0,54905.0,7.525944324049439,2013
28, California,Tuolumne County,54728.0,48.0,48426.0,25943.0,7411.0,13.541514398479755,2013
30, California,Merced County,258707.0,30.0,42591.0,18177.0,64490.0,24.927814090844084,2013
31, California,Mariposa County,18061.0,50.1,49820.0,26988.0,2876.0,15.923813742317702,2013
32, California,Yuba County,72574.0,31.9,44902.0,19244.0,15392.0,21.20869732962218,2013
40, California,Sacramento County,1435207.0,35.1,55064.0,26739.0,248304.0,17.300918961515656,2013
50, California,Kings County,151806.0,31.1,48133.0,18429.0,28019.0,18.45710973215815,2013
38, California,Mono County,14217.0,37.2,61757.0,28046.0,1197.0,8.419497784342688,2013
51, California,Fresno County,939605.0,30.9,45563.0,20208.0,239584.0,25.498374316867196,2013
39, California,San Benito County,56115.0,34.5,66237.0,25914.0,6639.0,11.831061213579257,2013
14, California,Marin County,254643.0,44.8,90839.0,56791.0,19121.0,7.508943894000621,2013
12, California,San Bernardino County,2056915.0,31.9,54090.0,21332.0,375280.0,18.24479864262743,2013
13, California,Santa Clara County,1812208.0,36.4,91702.0,41513.0,181376.0,10.008564138332906,2013
15, California,Placer County,355924.0,40.4,72725.0,34886.0,30850.0,8.667580719479439,2013
21, California,Butte County,220542.0,37.0,43752.0,23787.0,43942.0,19.924549518912496,2013
17, California,Shasta County,177966.0,42.1,44651.0,23670.0,30575.0,17.180247912522617,2013
18, California,Solano County,417258.0,37.1,67177.0,28929.0,52358.0,12.548111719847192,2013
19, California,Del Norte County,28357.0,39.1,37909.0,19072.0,5406.0,19.06407588955108,2013
20, California,Glenn County,28054.0,37.2,43023.0,22148.0,5198.0,18.528552078135025,2013
54, California,San Joaquin County,693177.0,32.9,53380.0,22589.0,123115.0,17.76097591235716,2013
16, California,Siskiyou County,44503.0,47.1,37709.0,22293.0,9216.0,20.708716266319126,2013
9, California,Trinity County,13638.0,49.8,36890.0,22905.0,2579.0,18.91039741897639,2013
3, California,Humboldt County,134613.0,37.5,41426.0,23540.0,26600.0,19.760350040486433,2013
55, California,Lake County,64260.0,45.1,36548.0,21537.0,15860.0,24.680983504512916,2013
11, California,Riverside County,2228528.0,33.9,56529.0,23591.0,355511.0,15.952727540331555,2013
23, California,San Luis Obispo County,272094.0,39.5,58697.0,29954.0,36588.0,13.446823524223246,2013
10, California,Los Angeles County,9893481.0,35.1,55909.0,27749.0,1737224.0,17.55927969134423,2013
22, California,Plumas County,19586.0,49.9,45794.0,29806.0,2917.0,14.893291126314715,2013
25, California,Ventura County,829017.0,36.6,76544.0,32930.0,90471.0,10.913045208964352,2013
7, California,Mendocino County,87497.0,41.8,43469.0,23306.0,17221.0,19.68181766231985,2013
6, California,Madera County,151435.0,33.2,45625.0,17847.0,32604.0,21.530029385544953,2013
8, California,Santa Cruz County,264808.0,36.9,66519.0,32295.0,37239.0,14.06264161203589,2013
4, California,Nevada County,98509.0,48.5,57353.0,32346.0,11696.0,11.873026830035835,2013
0, California,San Diego County,3138265.0,34.8,62962.0,30668.0,441648.0,14.07299893412443,2013
2, California,Yolo County,202288.0,30.7,55918.0,27730.0,37188.0,18.38369057976746,2013
1, California,Tulare County,446644.0,29.9,42708.0,17894.0,115313.0,25.817653433159293,2013
24, California,Kern County,848204.0,30.8,48552.0,20295.0,186811.0,22.02430075783656,2013
5, California,Alpine County,1165.0,44.3,58636.0,25527.0,184.0,15.793991416309012,2013
7, California,San Francisco County,829072.0,38.6,78378.0,49986.0,108328.0,13.066175193469325,2014
29, California,Tulare County,451108.0,30.1,42863.0,17888.0,122044.0,27.054275251159368,2014
3, California,Santa Barbara County,431555.0,33.6,63409.0,30526.0,68953.0,15.977801207262111,2014
4, California,Imperial County,177026.0,31.9,41772.0,16409.0,38935.0,21.993944392349146,2014
5, California,Alameda County,1559308.0,36.9,73775.0,36439.0,197191.0,12.64605837974281,2014
12, California,Sutter County,95067.0,35.0,51527.0,23828.0,15824.0,16.64510292740909,2014
2, California,Inyo County,18439.0,45.3,45625.0,27028.0,2445.0,13.259938174521395,2014
8, California,Colusa County,21424.0,34.1,50503.0,22211.0,3068.0,14.320388349514563,2014
10, California,Fresno County,948844.0,31.2,45201.0,20231.0,255019.0,26.8768100973395,2014
11, California,Orange County,3086331.0,36.7,75998.0,34416.0,391705.0,12.691606959849738,2014
13, California,San Joaquin County,701050.0,33.2,53253.0,22642.0,132986.0,18.969545681477783,2014
6, California,Napa County,139253.0,40.3,70925.0,35092.0,13948.0,10.016301264604712,2014
9, California,Kings County,151390.0,31.2,47341.0,18518.0,30244.0,19.97754144923707,2014
24, California,Sierra County,3019.0,53.5,43107.0,28030.0,487.0,16.131169261344816,2014
21, California,Tehama County,63284.0,40.0,42369.0,21002.0,11604.0,18.336388344605272,2014
30, California,Yolo County,204162.0,31.0,55508.0,28080.0,39333.0,19.26558321333059,2014
14, California,Merced County,261609.0,30.2,43066.0,18464.0,65552.0,25.05724191446013,2014
26, California,El Dorado County,181465.0,44.4,68507.0,35128.0,18497.0,10.193150194252334,2014
25, California,Sacramento County,1450277.0,35.3,55615.0,27071.0,258031.0,17.791842523876472,2014
1, California,Modoc County,9335.0,47.1,38560.0,21830.0,1892.0,20.26780931976433,2014
22, California,Mono County,14193.0,37.2,61814.0,29578.0,704.0,4.960191643768055,2014
20, California,Sonoma County,491790.0,40.5,63799.0,33361.0,59716.0,12.142581183025275,2014
19, California,Stanislaus County,522794.0,33.3,49573.0,21729.0,104786.0,20.043458800215763,2014
18, California,Lassen County,33356.0,37.3,53351.0,19847.0,3856.0,11.560139105408322,2014
17, California,Contra Costa County,1081232.0,38.7,79799.0,38770.0,114171.0,10.559343415659175,2014
28, California,San Diego County,3183143.0,34.9,63996.0,31043.0,455855.0,14.320908611394461,2014
16, California,Yuba County,73059.0,32.1,45470.0,19586.0,15926.0,21.7988201316744,2014
23, California,San Benito County,56888.0,34.8,67874.0,26317.0,6864.0,12.06581352833638,2014
15, California,Mariposa County,17946.0,50.2,50560.0,28327.0,2902.0,16.17073442549872,2014
50, California,Plumas County,19286.0,50.6,48032.0,29167.0,3006.0,15.586435756507312,2014
27, California,Monterey County,424927.0,33.3,58582.0,25048.0,69898.0,16.44941366399405,2014
40, California,San Bernardino County,2078586.0,32.2,54100.0,21384.0,389037.0,18.716425493099635,2014
39, California,Riverside County,2266899.0,34.2,56592.0,23660.0,376737.0,16.619046547728857,2014
38, California,Trinity County,13515.0,50.0,36862.0,23145.0,2489.0,18.416574176840548,2014
36, California,Mendocino County,87612.0,42.0,43290.0,23712.0,17395.0,19.854586129753915,2014
0, California,Lake County,64209.0,45.2,35997.0,21310.0,15395.0,23.97638960270367,2014
34, California,Madera County,152452.0,33.3,45490.0,17797.0,33290.0,21.83638128722483,2014
33, California,Alpine County,1202.0,43.6,61343.0,24375.0,179.0,14.891846921797004,2014
32, California,Nevada County,98606.0,48.8,56949.0,32117.0,12163.0,12.334949191732754,2014
56, California,Tuolumne County,54347.0,48.2,48493.0,26063.0,7444.0,13.697168196956595,2014
42, California,Marin County,256802.0,45.1,91529.0,58004.0,21917.0,8.534590852096168,2014
35, California,Los Angeles County,9974203.0,35.3,55870.0,27987.0,1805868.0,18.10538646546496,2014
57, California,Amador County,37159.0,49.6,52964.0,27373.0,4277.0,11.509997577975726,2014
41, California,Santa Clara County,1841569.0,36.6,93854.0,42666.0,180153.0,9.782582135124994,2014
45, California,Shasta County,178520.0,41.9,44556.0,23763.0,31616.0,17.710060497423257,2014
53, California,Ventura County,835790.0,36.9,77335.0,33308.0,91912.0,10.997020782732504,2014
44, California,Siskiyou County,44261.0,47.3,37495.0,22482.0,9945.0,22.468990759359254,2014
46, California,Solano County,421624.0,37.2,67341.0,29132.0,53317.0,12.6456273836404,2014
47, California,Del Norte County,28066.0,39.2,39302.0,19424.0,5468.0,19.48264804389653,2014
48, California,Glenn County,28019.0,36.7,40106.0,21698.0,5517.0,19.690210214497306,2014
49, California,Butte County,221578.0,36.9,43165.0,24430.0,46643.0,21.05037503723294,2014
37, California,Santa Cruz County,267203.0,36.9,66923.0,33050.0,39252.0,14.689954828351478,2014
51, California,San Luis Obispo County,274184.0,39.5,59454.0,30392.0,38121.0,13.903437107927523,2014
54, California,Calaveras County,44921.0,50.3,54936.0,29296.0,5352.0,11.914249460163399,2014
55, California,San Mateo County,739837.0,39.4,91421.0,47198.0,55672.0,7.524900755166341,2014
43, California,Placer County,361518.0,40.7,73747.0,35711.0,32018.0,8.856543795882915,2014
31, California,Humboldt County,134876.0,37.4,42153.0,23516.0,27325.0,20.259349328271895,2014
52, California,Kern County,857730.0,31.0,48574.0,20467.0,192972.0,22.49798887761883,2014
42, California,Tuolumne County,54079.0,48.6,50306.0,27054.0,7010.0,12.962517798036206,2015
52, California,Colusa County,21396.0,34.0,52168.0,21897.0,3171.0,14.820527201346046,2015
50, California,Napa County,140295.0,40.3,71379.0,36475.0,14020.0,9.993228554118108,2015
49, California,Alameda County,1584983.0,37.1,75619.0,37285.0,194639.0,12.280194803351202,2015
53, California,Kings County,150998.0,31.4,46481.0,18707.0,29900.0,19.80158677598379,2015
45, California,Modoc County,9184.0,47.8,37860.0,21001.0,1673.0,18.216463414634145,2015
44, California,Lake County,64158.0,45.5,35578.0,21407.0,15597.0,24.310296455625174,2015
43, California,Amador County,36995.0,50.0,54171.0,27473.0,4191.0,11.328557913231517,2015
29, California,Placer County,366280.0,41.0,73948.0,36022.0,32427.0,8.853063230315605,2015
48, California,Imperial County,178206.0,32.2,41079.0,16143.0,40114.0,22.50990426809423,2015
39, California,Ventura County,840833.0,37.1,77348.0,33435.0,91880.0,10.927259039547687,2015
47, California,Santa Barbara County,435850.0,33.6,63985.0,30589.0,68017.0,15.60559825628083,2015
41, California,San Mateo County,748731.0,39.5,93623.0,48278.0,59232.0,7.91098538727527,2015
54, California,Fresno County,956749.0,31.4,45233.0,20408.0,252187.0,26.35874194799263,2015
51, California,San Francisco County,840763.0,38.5,81294.0,52220.0,109524.0,13.02673880748796,2015
38, California,Kern County,865736.0,31.1,49026.0,20644.0,195744.0,22.61012595063622,2015
31, California,Shasta County,178942.0,42.2,44620.0,24107.0,31707.0,17.71914922153547,2015
40, California,Calaveras County,44767.0,50.7,53233.0,29553.0,5590.0,12.486876493845914,2015
37, California,San Luis Obispo County,276517.0,39.3,60691.0,31060.0,38630.0,13.97020797997953,2015
57, California,San Joaquin County,708554.0,33.5,53274.0,22645.0,129390.0,18.261134648876443,2015
28, California,Marin County,258349.0,45.4,93257.0,60236.0,20964.0,8.114604662684973,2015
30, California,Siskiyou County,43895.0,47.8,37170.0,22561.0,10026.0,22.84087025857159,2015
32, California,Solano County,425753.0,37.3,66828.0,29185.0,55534.0,13.043713138838717,2015
33, California,Del Norte County,27788.0,38.8,40847.0,19560.0,5207.0,18.738304304016122,2015
34, California,Glenn County,28029.0,37.2,39349.0,21313.0,5721.0,20.41100288986407,2015
35, California,Butte County,222564.0,36.8,43444.0,24259.0,47532.0,21.35655362053162,2015
46, California,Inyo County,18373.0,45.7,45955.0,27850.0,2019.0,10.98895117835955,2015
56, California,Sutter County,95247.0,35.4,52017.0,23689.0,16743.0,17.578506409650696,2015
36, California,Plumas County,18966.0,51.3,47333.0,30842.0,2687.0,14.167457555625857,2015
27, California,Santa Clara County,1868149.0,36.8,96310.0,43880.0,175690.0,9.404496108179808,2015
5, California,Stanislaus County,527367.0,33.5,50125.0,21922.0,105927.0,20.086012207817326,2015
19, California,Alpine County,1131.0,43.6,52917.0,21415.0,195.0,17.24137931034483,2015
14, California,San Diego County,3223096.0,35.1,64309.0,31266.0,454876.0,14.113014319151524,2015
15, California,Tulare County,454033.0,30.3,42031.0,17876.0,125775.0,27.70173093145212,2015
16, California,Yolo County,207320.0,30.9,54989.0,28116.0,39688.0,19.143353270306772,2015
17, California,Humboldt County,135034.0,37.4,42197.0,23367.0,28158.0,20.85252603048121,2015
18, California,Nevada County,98570.0,49.0,56521.0,32442.0,12367.0,12.546413716140814,2015
21, California,Mendocino County,87544.0,42.2,42980.0,24059.0,17527.0,20.020789545828382,2015
20, California,Madera County,153187.0,33.5,45073.0,17970.0,33968.0,22.174205382963308,2015
22, California,Santa Cruz County,269278.0,37.0,67256.0,33241.0,39053.0,14.50285578472805,2015
23, California,Trinity County,13373.0,50.3,34974.0,22975.0,2562.0,19.15800493531743,2015
24, California,Los Angeles County,10038388.0,35.6,56196.0,28337.0,1800265.0,17.9338057066533,2015
55, California,Orange County,3116069.0,37.1,76509.0,34817.0,395483.0,12.69172794312321,2015
13, California,Sierra County,3021.0,54.5,42833.0,29986.0,438.0,14.498510427010924,2015
25, California,Riverside County,2298032.0,34.5,56603.0,23783.0,379985.0,16.535235366609342,2015
11, California,El Dorado County,182093.0,44.9,69584.0,35588.0,18831.0,10.341418945264234,2015
0, California,Merced County,263885.0,30.4,42462.0,18204.0,67417.0,25.547871231786573,2015
10, California,Sacramento County,1465832.0,35.5,55987.0,27315.0,262251.0,17.890931566509668,2015
9, California,San Benito County,57557.0,35.0,71077.0,27239.0,6202.0,10.775405250447383,2015
8, California,Mono County,14146.0,38.5,56944.0,29437.0,684.0,4.835289127668599,2015
6, California,Sonoma County,495078.0,40.8,64240.0,34235.0,57179.0,11.549493211170764,2015
7, California,Tehama County,63152.0,40.5,41001.0,21263.0,12313.0,19.497403090955157,2015
4, California,Lassen County,32645.0,37.0,51555.0,19274.0,3563.0,10.9143819880533,2015
2, California,Yuba County,73437.0,32.1,46892.0,20471.0,15862.0,21.599466209131638,2015
1, California,Mariposa County,17789.0,50.6,47681.0,28316.0,2651.0,14.902467817190399,2015
26, California,San Bernardino County,2094769.0,32.5,53433.0,21352.0,397766.0,18.98853763827897,2015
12, California,Monterey County,428441.0,33.5,58783.0,24994.0,69475.0,16.215768332162423,2015
3, California,Contra Costa County,1096068.0,38.8,80185.0,39313.0,117915.0,10.758000416032582,2015
16, California,Siskiyou County,43668.0,47.9,38524.0,23542.0,9524.0,21.81002106805899,2016
23, California,San Luis Obispo County,278680.0,39.0,64014.0,32335.0,37208.0,13.35151428161332,2016
17, California,Shasta County,179228.0,42.3,45582.0,25094.0,30945.0,17.26571741022608,2016
10, California,Los Angeles County,10057155.0,35.8,57952.0,29301.0,1764081.0,17.54055694677073,2016
6, California,Madera County,153366.0,33.5,45742.0,19021.0,32043.0,20.893157544697,2016
13, California,Santa Clara County,1885056.0,36.8,101173.0,46034.0,172213.0,9.135696764446255,2016
8, California,Santa Cruz County,270931.0,37.0,70088.0,34732.0,39211.0,14.472688618135244,2016
9, California,Trinity County,13180.0,50.6,35270.0,22387.0,2607.0,19.77996965098634,2016
5, California,Alpine County,1184.0,42.8,62375.0,26783.0,221.0,18.66554054054054,2016
11, California,Riverside County,2323892.0,34.8,57972.0,24443.0,376689.0,16.20940215810373,2016
12, California,San Bernardino County,2106754.0,32.7,54469.0,21857.0,392195.0,18.616079523285585,2016
7, California,Mendocino County,87409.0,42.3,43510.0,25278.0,17366.0,19.867519362994656,2016
20, California,Glenn County,27976.0,36.9,41699.0,20362.0,5578.0,19.93851873034029,2016
30, California,Lake County,64076.0,45.8,36132.0,21799.0,15561.0,24.28522379674137,2016
18, California,Solano County,429596.0,37.5,69227.0,30251.0,53265.0,12.398858462369295,2016
4, California,Nevada County,98639.0,49.5,57429.0,33385.0,11835.0,11.998296819716339,2016
19, California,Del Norte County,27628.0,38.1,42363.0,20282.0,5219.0,18.89025626176343,2016
0, California,San Diego County,3253356.0,35.3,66529.0,32482.0,444024.0,13.648183598720829,2016
27, California,San Mateo County,754748.0,39.5,98546.0,50262.0,57490.0,7.617111936699402,2016
26, California,Calaveras County,44787.0,51.2,53502.0,30577.0,5641.0,12.595172706365686,2016
25, California,Ventura County,843110.0,37.3,78593.0,34331.0,88486.0,10.49519042592307,2016
24, California,Kern County,871337.0,31.2,49788.0,21094.0,194354.0,22.30526191358797,2016
22, California,Plumas County,18754.0,51.7,50125.0,31292.0,2346.0,12.509331342646902,2016
21, California,Butte County,223877.0,36.9,44366.0,25077.0,46456.0,20.750680060926314,2016
28, California,Tuolumne County,53864.0,48.2,50731.0,29431.0,7176.0,13.322441705034903,2016
14, California,Marin County,259358.0,45.7,100310.0,63608.0,20445.0,7.882926302639595,2016
3, California,Humboldt County,135182.0,37.6,42685.0,24038.0,27641.0,20.447248894083533,2016
15, California,Placer County,370571.0,41.5,76926.0,37914.0,31932.0,8.616972186166754,2016
29, California,Amador County,36963.0,50.3,57032.0,27496.0,3684.0,9.966723480236993,2016
2, California,Yolo County,209671.0,30.9,57663.0,28996.0,38898.0,18.551921820375732,2016
45, California,Mariposa County,17645.0,50.6,49265.0,27832.0,2849.0,16.146217058656845,2016
44, California,Merced County,265001.0,30.6,44397.0,19130.0,62661.0,23.645571148788118,2016
43, California,San Joaquin County,714860.0,33.7,55045.0,23477.0,124587.0,17.428167753126488,2016
41, California,Orange County,3132211.0,37.3,78145.0,35939.0,385556.0,12.309387841368286,2016
34, California,Imperial County,178807.0,32.2,42560.0,16311.0,40552.0,22.679201597252906,2016
38, California,Colusa County,21361.0,34.7,54946.0,25745.0,2859.0,13.384204859323065,2016
37, California,San Francisco County,850282.0,38.4,87701.0,55567.0,104180.0,12.252405672471015,2016
36, California,Napa County,140823.0,40.7,74609.0,38057.0,12086.0,8.582404862842008,2016
35, California,Alameda County,1605217.0,37.2,79831.0,39042.0,189590.0,11.810864200914892,2016
40, California,Fresno County,963160.0,31.6,45963.0,21057.0,254872.0,26.462062378005733,2016
39, California,Kings County,150261.0,31.4,47241.0,19123.0,28661.0,19.074144322212682,2016
47, California,Contra Costa County,1107925.0,39.1,82881.0,40792.0,111922.0,10.101947333980188,2016
54, California,Sacramento County,1479300.0,35.7,57509.0,28292.0,260877.0,17.63516528087609,2016
42, California,Sutter County,95406.0,35.6,52943.0,24335.0,16535.0,17.33119510303335,2016
57, California,Sierra County,2931.0,55.2,43984.0,31873.0,329.0,11.224837939269873,2016
31, California,Modoc County,9033.0,47.1,41194.0,21899.0,1483.0,16.417579984501273,2016
46, California,Yuba County,73897.0,32.2,48739.0,21418.0,15080.0,20.406782413359135,2016
33, California,Santa Barbara County,439395.0,33.7,65161.0,31098.0,66880.0,15.220928777068469,2016
32, California,Inyo County,18326.0,45.4,47278.0,28678.0,1905.0,10.395067117756193,2016
48, California,Lassen County,31945.0,36.4,51457.0,20072.0,3558.0,11.137893254030365,2016
49, California,Stanislaus County,530561.0,33.8,51591.0,22915.0,95739.0,18.04486194801352,2016
53, California,San Benito County,58051.0,35.1,73814.0,27848.0,6224.0,10.721606862930871,2016
51, California,Tehama County,63015.0,40.6,40687.0,21521.0,13363.0,21.206062048718557,2016
52, California,Mono County,14051.0,38.9,58937.0,31059.0,1222.0,8.696889901074657,2016
1, California,Tulare County,455769.0,30.4,42789.0,18257.0,127130.0,27.893516233004,2016
55, California,El Dorado County,183000.0,45.2,72586.0,37089.0,17839.0,9.748087431693989,2016
56, California,Monterey County,430201.0,33.7,60889.0,25947.0,66289.0,15.408843773027026,2016
50, California,Sonoma County,497776.0,41.2,66833.0,35639.0,55095.0,11.068231493683905,2016
49, California,Orange County,3155816.0,37.5,81851.0,37603.0,378459.0,11.992429216405519,2017
36, California,Placer County,374985.0,41.6,80488.0,39734.0,30473.0,8.126458391669,2017
43, California,Butte County,225207.0,36.9,46516.0,26304.0,44977.0,19.97140408601864,2017
37, California,Siskiyou County,43530.0,47.9,40884.0,24605.0,8915.0,20.480128646910178,2017
48, California,Kern County,878744.0,31.3,50826.0,21716.0,191123.0,21.74956528863924,2017
0, California,Merced County,267390.0,30.8,46338.0,20120.0,60861.0,22.76113542017278,2017
44, California,Kings County,150183.0,31.5,49742.0,19835.0,28013.0,18.652577189162557,2017
45, California,Plumas County,18724.0,52.1,50266.0,32056.0,2439.0,13.0260628070925,2017
42, California,Glenn County,27935.0,36.8,46260.0,21029.0,5404.0,19.344907821729013,2017
41, California,Colusa County,21479.0,34.7,56481.0,25676.0,2979.0,13.869360770985613,2017
47, California,Fresno County,971616.0,31.8,48730.0,22234.0,243040.0,25.0139972993446,2017
46, California,San Luis Obispo County,280119.0,39.0,67175.0,33972.0,36420.0,13.001617169845673,2017
33, California,San Bernardino County,2121220.0,32.9,57156.0,22867.0,374810.0,17.669548655962135,2017
35, California,Marin County,260814.0,46.1,104703.0,66748.0,20515.0,7.865758739944941,2017
57, California,San Diego County,3283665.0,35.4,70588.0,34350.0,427031.0,13.004706631157564,2017
56, California,Amador County,37306.0,50.6,60636.0,29628.0,3564.0,9.55342304186994,2017
54, California,Tuolumne County,53899.0,48.6,54325.0,31570.0,6875.0,12.75533868902948,2017
53, California,San Mateo County,763450.0,39.6,105667.0,53516.0,54981.0,7.201650402776868,2017
52, California,Sutter County,95583.0,35.7,54347.0,24849.0,15805.0,16.535367167801805,2017
28, California,Mendocino County,87497.0,42.4,46528.0,27093.0,16448.0,18.798358800873174,2017
29, California,Santa Cruz County,273263.0,37.3,73663.0,36388.0,38605.0,14.12741571306763,2017
30, California,Trinity County,13037.0,51.4,36563.0,23575.0,2545.0,19.521362276597376,2017
31, California,Los Angeles County,10105722.0,36.0,61015.0,30798.0,1688505.0,16.708405396467466,2017
32, California,Riverside County,2355002.0,35.0,60807.0,25700.0,362215.0,15.380666343383147,2017
39, California,Solano County,434981.0,37.7,72950.0,31934.0,48623.0,11.178189392180348,2017
40, California,Del Norte County,27442.0,38.7,41287.0,20809.0,5571.0,20.30099846949931,2017
34, California,Santa Clara County,1911226.0,37.0,106761.0,48689.0,162525.0,8.503703905241975,2017
55, California,San Joaquin County,724153.0,33.9,57813.0,24694.0,121296.0,16.750051439405762,2017
12, California,Imperial County,179957.0,32.2,44779.0,17303.0,40376.0,22.436470934723296,2017
38, California,Shasta County,178919.0,41.8,47258.0,26455.0,31967.0,17.866744169149168,2017
50, California,Ventura County,847834.0,37.5,81972.0,35771.0,85816.0,10.121792709421891,2017
13, California,Mono County,14058.0,38.3,60595.0,30888.0,1378.0,9.802247830416844,2017
14, California,San Benito County,58671.0,35.4,80760.0,30012.0,5670.0,9.66405890473999,2017
15, California,Alameda County,1629615.0,37.3,85743.0,41363.0,181194.0,11.11882254397511,2017
16, California,Sacramento County,1495400.0,35.9,60239.0,29693.0,246203.0,16.464023003878562,2017
23, California,Yolo County,212605.0,30.9,61621.0,30615.0,39686.0,18.666541238446886,2017
19, California,Monterey County,433168.0,33.9,63249.0,27168.0,60933.0,14.066828574594615,2017
20, California,San Francisco County,864263.0,38.3,96265.0,59508.0,99096.0,11.465954229210322,2017
22, California,Tulare County,458809.0,30.6,44871.0,18962.0,122724.0,26.748385493745765,2017
11, California,Tehama County,63247.0,41.1,42512.0,22631.0,13009.0,20.56856451689408,2017
18, California,Napa County,141005.0,40.8,79637.0,40632.0,11285.0,8.003262295663275,2017
17, California,El Dorado County,185015.0,45.5,74885.0,38156.0,17996.0,9.726778909818123,2017
3, California,Modoc County,9017.0,47.8,39296.0,22052.0,1584.0,17.566818232228012,2017
21, California,Sierra County,2885.0,55.0,44190.0,31750.0,351.0,12.166377816291162,2017
10, California,Sonoma County,500943.0,41.4,71769.0,37767.0,52707.0,10.521556344733831,2017
26, California,Alpine County,1203.0,44.9,63438.0,27448.0,235.0,19.534497090606816,2017
9, California,Santa Barbara County,442996.0,33.7,68023.0,32872.0,65493.0,14.784106402766616,2017
51, California,Calaveras County,45057.0,51.6,54800.0,31652.0,5676.0,12.597376656235435,2017
4, California,Yuba County,74644.0,32.4,51776.0,22814.0,13598.0,18.217137345265527,2017
8, California,Stanislaus County,535684.0,33.9,54260.0,24007.0,91210.0,17.026829250080272,2017
7, California,Lassen County,31470.0,36.2,54083.0,20974.0,3155.0,10.025421035907213,2017
27, California,Madera County,154440.0,33.7,48210.0,19975.0,32244.0,20.87801087801088,2017
5, California,Contra Costa County,1123678.0,39.2,88456.0,42898.0,108630.0,9.667360222412471,2017
2, California,Mariposa County,17658.0,51.1,51385.0,28241.0,2629.0,14.88843583644807,2017
1, California,Lake County,64095.0,45.8,40446.0,23345.0,14398.0,22.4635306966222,2017
24, California,Humboldt County,135490.0,37.7,43718.0,25208.0,27481.0,20.282677688390287,2017
25, California,Nevada County,98838.0,49.8,60610.0,35581.0,11861.0,12.000445172909204,2017
6, California,Inyo County,18195.0,45.6,51500.0,30323.0,1806.0,9.925803792250619,2017
34, California,Santa Cruz County,273765.0,37.4,78041.0,39001.0,37429.0,13.671944916260296,2018
41, California,Solano County,438530.0,37.9,77609.0,33700.0,44427.0,10.130891843203429,2018
35, California,Trinity County,12862.0,51.8,38497.0,25964.0,2491.0,19.367127973876535,2018
45, California,Lassen County,31185.0,36.0,56362.0,21897.0,2933.0,9.405162738496072,2018
44, California,Yuba County,75493.0,32.5,52624.0,23867.0,13298.0,17.614878200627874,2018
46, California,Sonoma County,501317.0,41.7,76753.0,39929.0,50714.0,10.116154050231689,2018
42, California,Colusa County,21464.0,35.1,56704.0,27336.0,2929.0,13.646105106224375,2018
40, California,Shasta County,179085.0,41.8,50905.0,27983.0,30186.0,16.85568305553229,2018
38, California,Marin County,260295.0,46.5,110217.0,69275.0,19341.0,7.4304154901169825,2018
37, California,San Bernardino County,2135413.0,33.1,60164.0,23956.0,359080.0,16.815482531950494,2018
36, California,Riverside County,2383286.0,35.3,63948.0,27142.0,345724.0,14.506190192868166,2018
43, California,Tehama County,63373.0,40.9,42899.0,23126.0,13464.0,21.245640888075364,2018
39, California,Placer County,380077.0,41.9,84357.0,41508.0,30293.0,7.9702270855642405,2018
24, California,San Benito County,59416.0,35.5,81977.0,31475.0,5459.0,9.187760872492259,2018
33, California,Madera County,155013.0,33.9,52884.0,21394.0,30549.0,19.707379381084166,2018
47, California,Imperial County,180216.0,32.4,45834.0,17590.0,41191.0,22.856461135526256,2018
54, California,Los Angeles County,10098052.0,36.2,64251.0,32469.0,1589956.0,15.745175406108029,2018
56, California,Siskiyou County,43540.0,48.0,44200.0,28130.0,8374.0,19.23288929719798,2018
55, California,Santa Clara County,1922200.0,37.0,116178.0,52451.0,149850.0,7.795754864218083,2018
51, California,Yolo County,214977.0,31.0,65923.0,32598.0,40583.0,18.877833442647354,2018
57, California,Del Norte County,27424.0,38.6,45258.0,22832.0,5458.0,19.90227537922987,2018
26, California,El Dorado County,186661.0,45.8,80582.0,40382.0,16537.0,8.859376088202678,2018
27, California,Monterey County,433212.0,34.1,66676.0,28836.0,58699.0,13.549716997682427,2018
28, California,San Francisco County,870044.0,38.2,104552.0,64157.0,92979.0,10.686700902483093,2018
29, California,San Diego County,3302833.0,35.6,74855.0,36156.0,403190.0,12.207398920865815,2018
30, California,Tulare County,460477.0,30.8,47518.0,20421.0,115786.0,25.144795505530134,2018
32, California,Alpine County,1146.0,44.3,64688.0,29041.0,227.0,19.80802792321117,2018
8, California,Glenn County,27897.0,36.6,47395.0,21736.0,5152.0,18.467935620317597,2018
7, California,Lake County,64148.0,45.6,42475.0,25404.0,13224.0,20.61482820976492,2018
31, California,Humboldt County,135768.0,38.0,45528.0,26747.0,26957.0,19.855194154734548,2018
48, California,Alameda County,1643700.0,37.4,92574.0,44283.0,170884.0,10.396301028168157,2018
12, California,San Luis Obispo County,281455.0,39.1,70699.0,35832.0,35303.0,12.543035298715603,2018
13, California,Fresno County,978130.0,32.0,51261.0,23284.0,232067.0,23.725578399599236,2018
14, California,Kern County,883053.0,31.5,52479.0,22553.0,187232.0,21.202804361686105,2018
15, California,Orange County,3164182.0,37.8,85398.0,39590.0,359503.0,11.361641018120956,2018
18, California,Sutter County,95872.0,35.7,56955.0,26070.0,15181.0,15.834654539385848,2018
17, California,Calaveras County,45235.0,52.1,58151.0,32494.0,5242.0,11.588371835967724,2018
19, California,San Mateo County,765935.0,39.6,113776.0,57375.0,53387.0,6.970173709257313,2018
20, California,Tuolumne County,53932.0,48.4,56493.0,33685.0,6715.0,12.450864051027219,2018
21, California,San Joaquin County,732212.0,34.1,61145.0,26145.0,114294.0,15.609413667080027,2018
53, California,Mendocino County,87422.0,42.8,49233.0,27395.0,15877.0,18.16133238772849,2018
16, California,Ventura County,848112.0,37.9,84017.0,36891.0,80058.0,9.439555153092988,2018
23, California,Mono County,14174.0,38.3,63018.0,33421.0,1454.0,10.258219274728376,2018
10, California,Kings County,150075.0,31.7,53865.0,21186.0,28084.0,18.713310011660838,2018
0, California,Merced County,269075.0,30.9,50129.0,21634.0,59660.0,22.17225680572331,2018
52, California,Nevada County,99092.0,50.1,63240.0,37145.0,11169.0,11.271343801719613,2018
22, California,Amador County,37829.0,50.5,61198.0,30100.0,3323.0,8.784266039282032,2018
49, California,Napa County,140530.0,41.1,84753.0,42677.0,11168.0,7.9470575677791215,2018
50, California,Sierra County,2930.0,55.5,48125.0,31972.0,241.0,8.225255972696246,2018
25, California,Sacramento County,1510023.0,36.0,63902.0,31311.0,235982.0,15.62770898191617,2018
9, California,Butte County,227075.0,37.1,48443.0,27537.0,44410.0,19.557414951007377,2018
11, California,Plumas County,18699.0,52.2,53270.0,32710.0,2146.0,11.476549548104177,2018
2, California,Modoc County,8938.0,47.7,45149.0,23235.0,1435.0,16.05504587155963,2018
3, California,Contra Costa County,1133247.0,39.4,93712.0,45524.0,102543.0,9.048601055198029,2018
4, California,Inyo County,18085.0,45.7,52874.0,31540.0,1792.0,9.908764169200996,2018
5, California,Stanislaus County,539301.0,34.0,57387.0,25101.0,86066.0,15.958805935831753,2018
6, California,Santa Barbara County,443738.0,33.7,71657.0,34229.0,63010.0,14.199820614867331,2018
1, California,Mariposa County,17540.0,51.4,51199.0,29776.0,2435.0,13.882554161915621,2018
2, California,Modoc County,8907.0,47.8,45507.0,22843.0,1618.0,18.165487818569666,2019
3, California,Contra Costa County,1142251.0,39.7,99716.0,48178.0,98595.0,8.631640506333547,2019
4, California,Inyo County,17977.0,45.8,57316.0,32590.0,1635.0,9.094954664293263,2019
5, California,Stanislaus County,543194.0,34.1,60704.0,26258.0,81415.0,14.988199427828732,2019
14, California,San Diego County,3316073.0,35.8,78980.0,38073.0,374787.0,11.30213357787962,2019
7, California,Tehama County,63912.0,41.0,44514.0,24301.0,13930.0,21.795593941669797,2019
9, California,San Benito County,60376.0,35.7,86958.0,33174.0,5061.0,8.38246985557175,2019
10, California,Sacramento County,1524553.0,36.2,67151.0,32751.0,220713.0,14.477227095417476,2019
25, California,Shasta County,179212.0,41.5,54667.0,29720.0,29423.0,16.417985402763208,2019
8, California,Mono County,14310.0,37.7,62260.0,34552.0,1713.0,11.970649895178196,2019
1, California,Mariposa County,17420.0,51.7,48820.0,28757.0,2616.0,15.017221584385764,2019
11, California,El Dorado County,188563.0,45.9,83377.0,42749.0,15643.0,8.295901104670588,2019
16, California,Humboldt County,135940.0,38.4,48041.0,28769.0,26674.0,19.621892011181405,2019
12, California,Monterey County,433410.0,34.4,71015.0,30073.0,54393.0,12.550010382778432,2019
18, California,Madera County,155433.0,34.1,57585.0,22853.0,29273.0,18.833195010068646,2019
27, California,Colusa County,21454.0,35.3,59401.0,26932.0,2774.0,12.929989745502004,2019
15, California,Tulare County,461898.0,31.0,49687.0,21380.0,108512.0,23.49263257255931,2019
17, California,Alpine County,1039.0,52.2,63750.0,36739.0,205.0,19.73051010587103,2019
19, California,Santa Cruz County,273962.0,37.8,82234.0,41312.0,34419.0,12.56342120440061,2019
20, California,Trinity County,12700.0,52.5,40846.0,26523.0,2372.0,18.677165354330707,2019
21, California,Riverside County,2411439.0,35.6,67005.0,28596.0,325279.0,13.488999721742909,2019
22, California,San Bernardino County,2149031.0,33.3,63362.0,25215.0,333613.0,15.52388029767835,2019
23, California,Marin County,259943.0,46.8,115246.0,72466.0,18349.0,7.058855210565393,2019
24, California,Placer County,385512.0,42.0,89691.0,43759.0,29588.0,7.674988067816306,2019
56, California,Siskiyou County,43468.0,47.8,45241.0,28615.0,8102.0,18.638998803717676,2019
6, California,Santa Barbara County,444829.0,33.8,74624.0,36039.0,57556.0,12.938904612783789,2019
46, California,Sonoma County,499772.0,42.1,81018.0,42178.0,45418.0,9.08774401126914,2019
37, California,Calaveras County,45514.0,52.0,63158.0,33456.0,5147.0,11.308608340290899,2019
29, California,Butte County,225817.0,37.1,52537.0,29506.0,41974.0,18.587617407015415,2019
28, California,Glenn County,27976.0,36.4,49633.0,22668.0,4818.0,17.221904489562483,2019
31, California,Plumas County,18660.0,52.3,55359.0,35198.0,2224.0,11.918542336548768,2019
32, California,San Luis Obispo County,282165.0,39.2,73518.0,37233.0,33261.0,11.787783743554304,2019
33, California,Fresno County,984521.0,32.2,53969.0,24422.0,218254.0,22.16854693805414,2019
34, California,Kern County,887641.0,31.6,53350.0,23326.0,179980.0,20.276215271714577,2019
35, California,Orange County,3168044.0,38.1,90234.0,41514.0,340048.0,10.733689304820262,2019
36, California,Ventura County,847263.0,38.1,88131.0,38595.0,74645.0,8.810133335221767,2019
37, California,Calaveras County,45514.0,52.0,63158.0,33456.0,5147.0,11.308608340290899,2019
38, California,Sutter County,96109.0,35.7,59050.0,27371.0,14687.0,15.281607341664152,2019
39, California,San Mateo County,767423.0,39.7,122641.0,61545.0,51085.0,6.656693896325756,2019
40, California,Tuolumne County,54045.0,48.4,60108.0,34702.0,6443.0,11.9215468590989,2019
41, California,San Joaquin County,742603.0,34.3,64432.0,27521.0,105461.0,14.201531639382011,2019
30, California,Kings County,150691.0,31.8,57848.0,22373.0,24725.0,16.407748306136398,2019
42, California,Amador County,38429.0,50.5,62772.0,31987.0,3451.0,8.980197246870853,2019
13, California,San Francisco County,874961.0,38.2,112449.0,68883.0,89030.0,10.175310670989907,2019
45, California,Lassen County,30818.0,36.6,56352.0,22134.0,2830.0,9.182945032124083,2019
47, California,Imperial County,180701.0,32.4,47622.0,18018.0,41100.0,22.744755148006927,2019
48, California,Alameda County,1656754.0,37.6,99406.0,47314.0,161581.0,9.752866146694078,2019
49, California,Napa County,139623.0,41.3,88596.0,45195.0,10614.0,7.601899400528566,2019
50, California,Sierra County,3040.0,54.8,52148.0,33747.0,291.0,9.572368421052632,2019
51, California,Yolo County,217352.0,31.0,70228.0,34515.0,39919.0,18.366060583753544,2019
52, California,Nevada County,99244.0,50.5,66096.0,39233.0,10844.0,10.926605134819233,2019
53, California,Mendocino County,87224.0,43.1,51416.0,29035.0,15251.0,17.48486655049069,2019
54, California,Los Angeles County,10081570.0,36.5,68044.0,34156.0,1480446.0,14.684677088985149,2019
55, California,Santa Clara County,1927470.0,37.1,124055.0,56248.0,142534.0,7.394875147213705,2019
56, California,Siskiyou County,43468.0,47.8,45241.0,28615.0,8102.0,18.638998803717676,2019
44, California,Yuba County,76360.0,32.8,58054.0,25583.0,11572.0,15.154531168150864,2019
57, California,Del Norte County,27495.0,39.5,45283.0,23674.0,4760.0,17.312238588834333,2019
38, California,Sutter County,96109.0,35.7,59050.0,27371.0,14687.0,15.281607341664152,2019
55, California,Santa Clara County,1927470.0,37.1,124055.0,56248.0,142534.0,7.394875147213705,2019
11, California,El Dorado County,188563.0,45.9,83377.0,42749.0,15643.0,8.295901104670588,2019
2, California,Modoc County,8907.0,47.8,45507.0,22843.0,1618.0,18.165487818569666,2019
3, California,Contra Costa County,1142251.0,39.7,99716.0,48178.0,98595.0,8.631640506333547,2019
4, California,Inyo County,17977.0,45.8,57316.0,32590.0,1635.0,9.094954664293263,2019
5, California,Stanislaus County,543194.0,34.1,60704.0,26258.0,81415.0,14.988199427828732,2019
6, California,Santa Barbara County,444829.0,33.8,74624.0,36039.0,57556.0,12.938904612783789,2019
7, California,Tehama County,63912.0,41.0,44514.0,24301.0,13930.0,21.795593941669797,2019
8, California,Mono County,14310.0,37.7,62260.0,34552.0,1713.0,11.970649895178196,2019
10, California,Sacramento County,1524553.0,36.2,67151.0,32751.0,220713.0,14.477227095417476,2019
12, California,Monterey County,433410.0,34.4,71015.0,30073.0,54393.0,12.550010382778432,2019
24, California,Placer County,385512.0,42.0,89691.0,43759.0,29588.0,7.674988067816306,2019
13, California,San Francisco County,874961.0,38.2,112449.0,68883.0,89030.0,10.175310670989907,2019
9, California,San Benito County,60376.0,35.7,86958.0,33174.0,5061.0,8.38246985557175,2019
15, California,Tulare County,461898.0,31.0,49687.0,21380.0,108512.0,23.49263257255931,2019
20, California,Trinity County,12700.0,52.5,40846.0,26523.0,2372.0,18.677165354330707,2019
43, California,Lake County,64195.0,45.6,47040.0,27362.0,11753.0,18.308279461017214,2019
52, California,Nevada County,99244.0,50.5,66096.0,39233.0,10844.0,10.926605134819233,2019
23, California,Marin County,259943.0,46.8,115246.0,72466.0,18349.0,7.058855210565393,2019
22, California,San Bernardino County,2149031.0,33.3,63362.0,25215.0,333613.0,15.52388029767835,2019
21, California,Riverside County,2411439.0,35.6,67005.0,28596.0,325279.0,13.488999721742909,2019
0, California,Merced County,271382.0,31.1,53672.0,23011.0,56217.0,20.71508058751133,2019
19, California,Santa Cruz County,273962.0,37.8,82234.0,41312.0,34419.0,12.56342120440061,2019
18, California,Madera County,155433.0,34.1,57585.0,22853.0,29273.0,18.833195010068646,2019
17, California,Alpine County,1039.0,52.2,63750.0,36739.0,205.0,19.73051010587103,2019
16, California,Humboldt County,135940.0,38.4,48041.0,28769.0,26674.0,19.621892011181405,2019
14, California,San Diego County,3316073.0,35.8,78980.0,38073.0,374787.0,11.30213357787962,2019
25, California,Shasta County,179212.0,41.5,54667.0,29720.0,29423.0,16.417985402763208,2019
0, California,Merced County,271382.0,31.1,53672.0,23011.0,56217.0,20.71508058751133,2019
53, California,Mendocino County,87224.0,43.1,51416.0,29035.0,15251.0,17.48486655049069,2019
39, California,San Mateo County,767423.0,39.7,122641.0,61545.0,51085.0,6.656693896325756,2019
27, California,Colusa County,21454.0,35.3,59401.0,26932.0,2774.0,12.929989745502004,2019
28, California,Glenn County,27976.0,36.4,49633.0,22668.0,4818.0,17.221904489562483,2019
29, California,Butte County,225817.0,37.1,52537.0,29506.0,41974.0,18.587617407015415,2019
30, California,Kings County,150691.0,31.8,57848.0,22373.0,24725.0,16.407748306136398,2019
31, California,Plumas County,18660.0,52.3,55359.0,35198.0,2224.0,11.918542336548768,2019
32, California,San Luis Obispo County,282165.0,39.2,73518.0,37233.0,33261.0,11.787783743554304,2019
33, California,Fresno County,984521.0,32.2,53969.0,24422.0,218254.0,22.16854693805414,2019
34, California,Kern County,887641.0,31.6,53350.0,23326.0,179980.0,20.276215271714577,2019
35, California,Orange County,3168044.0,38.1,90234.0,41514.0,340048.0,10.733689304820262,2019
36, California,Ventura County,847263.0,38.1,88131.0,38595.0,74645.0,8.810133335221767,2019
1, California,Mariposa County,17420.0,51.7,48820.0,28757.0,2616.0,15.017221584385764,2019
26, California,Solano County,441829.0,38.1,81472.0,35400.0,41121.0,9.306994334912376,2019
41, California,San Joaquin County,742603.0,34.3,64432.0,27521.0,105461.0,14.201531639382011,2019
42, California,Amador County,38429.0,50.5,62772.0,31987.0,3451.0,8.980197246870853,2019
43, California,Lake County,64195.0,45.6,47040.0,27362.0,11753.0,18.308279461017214,2019
44, California,Yuba County,76360.0,32.8,58054.0,25583.0,11572.0,15.154531168150864,2019
45, California,Lassen County,30818.0,36.6,56352.0,22134.0,2830.0,9.182945032124083,2019
46, California,Sonoma County,499772.0,42.1,81018.0,42178.0,45418.0,9.08774401126914,2019
47, California,Imperial County,180701.0,32.4,47622.0,18018.0,41100.0,22.744755148006927,2019
48, California,Alameda County,1656754.0,37.6,99406.0,47314.0,161581.0,9.752866146694078,2019
49, California,Napa County,139623.0,41.3,88596.0,45195.0,10614.0,7.601899400528566,2019
50, California,Sierra County,3040.0,54.8,52148.0,33747.0,291.0,9.572368421052632,2019
51, California,Yolo County,217352.0,31.0,70228.0,34515.0,39919.0,18.366060583753544,2019
54, California,Los Angeles County,10081570.0,36.5,68044.0,34156.0,1480446.0,14.684677088985149,2019
40, California,Tuolumne County,54045.0,48.4,60108.0,34702.0,6443.0,11.9215468590989,2019
26, California,Solano County,441829.0,38.1,81472.0,35400.0,41121.0,9.306994334912376,2019
57, California,Del Norte County,27495.0,39.5,45283.0,23674.0,4760.0,17.312238588834333,2019
