,Year,County,None,D0,D1,D2,D3,D4,Unnamed: 0,Population,Median Age,Household Income,Per Capita Income,Poverty Count,Poverty Rate
58,2010,Alameda County,84.00019231,15.99980769,2.624615385,0,0,0,35,1477980,36.2,69384,33961,165417,11.19210003
59,2010,Alpine County,87.17942308,12.82057692,1.116153846,0,0,0,36,1176,40.9,63478,32159,145,12.32993197
60,2010,Amador County,92.30769231,7.692307692,0,0,0,0,37,38327,47.2,54758,26329,2720,7.096824693
61,2010,Butte County,70.17346154,29.82653846,6.780384615,0.676346154,0,0,38,218635,37.2,43170,23404,39290,17.97059025
62,2010,Calaveras County,93.01,6.99,0,0,0,0,39,45994,48.5,54971,28408,3773,8.203243901
63,2010,Colusa County,60.275,39.725,7.692307692,0,0,0,40,21165,34,48016,21317,3107,14.67989605
64,2010,Contra Costa County,77.24865385,22.75134615,4.66,0,0,0,41,1024809,38.1,78385,37818,91142,8.893559678
65,2010,Del Norte County,92.00076923,7.999230769,0,0,0,0,42,28471,37.9,36118,18974,5526,19.40922342
66,2010,El Dorado County,89.39576923,10.60423077,1.234615385,0,0,0,43,179053,42.6,70000,34393,14003,7.820589434
67,2010,Fresno County,77.33326923,22.66673077,4.1875,0,0,0,44,908830,30.4,46430,20329,200288,22.03800491
68,2010,Glenn County,63.63519231,36.36480769,7.692307692,0.431730769,0,0,45,27935,35.1,43074,19987,4875,17.45122606
69,2010,Humboldt County,91.94288462,8.057115385,0.108076923,0,0,0,46,133058,37.1,40089,24025,22973,17.26540306
70,2010,Imperial County,84.10076923,15.89923077,5.432307692,0,0,0,47,168052,31.6,38685,16395,33784,20.10330136
71,2010,Inyo County,79.11384615,20.88615385,3.118269231,0.527884615,0,0,48,18434,45,44808,26762,2178,11.81512423
72,2010,Kern County,76.75211538,23.24788462,7.666346154,0.358846154,0,0,49,815693,30.6,47089,20100,159967,19.61117724
73,2010,Kings County,60.40230769,39.59769231,7.692307692,0,0,0,50,151122,30.8,48684,17875,25713,17.01472982
74,2010,Lake County,82.54692308,17.45307692,7.354615385,0,0,0,51,64371,44.1,39491,21531,12087,18.77708906
75,2010,Lassen County,1.084230769,98.91576923,92.42653846,37.58634615,0,0,52,35081,37.2,50317,19756,3438,9.800176734
76,2010,Los Angeles County,89.32384615,10.67615385,6.451346154,3.449423077,0,0,53,9758256,34.3,55476,27344,1508618,15.45991415
77,2010,Madera County,86.17884615,13.82115385,2.619615385,0,0,0,54,147738,33.2,46039,18724,26656,18.04275136
78,2010,Marin County,92.30769231,7.692307692,0,0,0,0,55,248601,44,89268,53940,16796,6.756207739
79,2010,Mariposa County,97.70153846,2.298461538,0,0,0,0,56,18290,47.9,49098,27064,2286,12.49863313
80,2010,Mendocino County,90.43423077,9.565769231,1.555576923,0.083076923,0,0,57,87487,41.2,43759,23357,14710,16.81392664
81,2010,Merced County,69.10615385,30.89384615,6.691538462,0,0,0,0,250699,29.3,43844,18041,53738,21.43526699
82,2010,Modoc County,2.369807692,97.63019231,85.33942308,33.09,0,0,1,9605,45.4,34588,20536,1709,17.79281624
83,2010,Mono County,45.15615385,54.84384615,0,0,0,0,2,13905,36.5,55087,27321,1664,11.96691837
84,2010,Monterey County,84.75576923,15.24423077,3.243846154,0,0,0,3,407435,32.8,59271,25776,54276,13.32138869
85,2010,Napa County,79.7425,20.2575,7.686153846,0,0,0,4,134051,39.4,67389,34310,12948,9.659010377
86,2010,Nevada County,75.07038462,24.92961538,4.8725,0,0,0,5,98186,46.8,57121,30727,8740,8.901472715
87,2010,Orange County,90.67076923,9.329230769,6.391730769,0.714230769,0,0,6,2965525,35.7,74344,34017,296846,10.00989707
88,2010,Placer County,80.9075,19.0925,3.902692308,0,0,0,7,336477,39.8,74447,35680,22090,6.565084686
89,2010,Plumas County,26.55557692,73.44442308,49.34923077,4.005576923,0,0,8,20392,48.5,44000,28732,2437,11.95076501
90,2010,Riverside County,85.48730769,14.51269231,7.692307692,0.907692308,0,0,9,2109464,33.4,57768,24431,278358,13.19567435
91,2010,Sacramento County,79.79903846,20.20096154,5.325,0,0,0,10,1395144,34.6,56439,26953,190768,13.67371397
92,2010,San Benito County,66.12884615,33.87115385,6.866923077,0,0,0,11,54492,33.7,65771,25508,6323,11.60353813
93,2010,San Bernardino County,80.41884615,19.58115385,9.770192308,3.757307692,0,0,12,2005287,31.2,55845,21867,291020,14.51263585
94,2010,San Diego County,88.59173077,11.40826923,7.656538462,0,0,0,13,3022468,34.5,63069,30715,361248,11.95208684
95,2010,San Francisco County,92.30769231,7.692307692,0,0,0,0,14,789172,38.3,71304,45478,92600,11.73381722
96,2010,San Joaquin County,69.07903846,30.92096154,7.119230769,0,0,0,15,673613,32.3,54341,22851,105502,15.66210866
97,2010,San Luis Obispo County,76.91230769,23.08769231,5.900961538,0,0,0,16,265577,39,57365,29790,32183,12.11814276
98,2010,San Mateo County,92.30769231,7.692307692,0,0,0,0,17,704327,39,85648,43958,48744,6.920649074
99,2010,Santa Barbara County,90.80230769,9.197692308,2.7725,0,0,0,18,416051,33.6,60078,29731,57463,13.81152791
100,2010,Santa Clara County,85.76115385,14.23884615,2.320769231,0,0,0,19,1739396,35.8,86850,39804,152066,8.742460026
101,2010,Santa Cruz County,92.30769231,7.692307692,0,0,0,0,20,256901,36.6,65253,32862,31445,12.24012363
102,2010,Shasta County,66.40634615,33.59365385,19.0075,5.007307692,0,0,21,176906,41.3,43944,23772,28772,16.26400461
103,2010,Sierra County,36.30942308,63.69057692,20.67307692,0,0,0,22,3366,50.8,52950,27389,365,10.84373143
104,2010,Siskiyou County,38.22326923,61.77673077,40.02730769,7.712115385,0,0,23,44690,46.5,36981,22179,7487,16.75318863
105,2010,Solano County,76.17634615,23.82365385,7.492307692,0,0,0,24,410042,36.5,68409,28649,41158,10.03750835
106,2010,Sonoma County,92.30769231,7.692307692,4.607692308,0,0,0,25,474047,39.5,63274,32597,48005,10.12663301
107,2010,Stanislaus County,71.17980769,28.82019231,6.332307692,0,0,0,26,509682,32.5,51094,22064,82480,16.18263937
108,2010,Sutter County,71.43384615,28.56615385,7.692307692,0,0,0,27,93420,34.2,50944,22344,13194,14.12331407
109,2010,Tehama County,61.88403846,38.11596154,17.20211538,6.818461538,0,0,28,62575,39.2,38137,20198,12397,19.81142629
110,2010,Trinity County,89.09096154,10.90903846,5.395384615,0.441730769,0,0,29,13701,48.5,38725,22073,1993,14.54638348
111,2010,Tulare County,80.62461538,19.37538462,4.767307692,0,0,0,30,429404,29.4,43851,17966,97012,22.59224413
112,2010,Tuolumne County,97.4625,2.5375,0,0,0,0,31,56074,46.6,47462,25483,5925,10.56639441
113,2010,Ventura County,90.38192308,9.618076923,5.460576923,0.004230769,0,0,32,809080,36,75348,32348,73842,9.126662382
114,2010,Yolo County,71.79826923,28.20173077,7.692307692,0,0,0,33,196418,30.1,57077,27420,31895,16.23832846
115,2010,Yuba County,87.19980769,12.80019231,6.401346154,0,0,0,34,71160,31.5,46807,19937,13760,19.33670601
116,2011,Alameda County,100,0,0,0,0,0,19,1494876,36.4,70821,34937,173156,11.58330189
117,2011,Alpine County,96.63961538,3.360384615,0,0,0,0,33,1167,40.4,59018,29576,170,14.5672665
118,2011,Amador County,98.77884615,1.221153846,0,0,0,0,57,38244,48,56180,28030,3372,8.817069344
119,2011,Butte County,96.55096154,3.449038462,0,0,0,0,49,219309,37.2,42971,23431,42283,19.2801025
120,2011,Calaveras County,99.19865385,0.801346154,0,0,0,0,54,45794,49,55256,28667,3751,8.191029392
121,2011,Colusa County,96.92346154,3.076538462,0,0,0,0,22,21297,33.5,49558,21271,3029,14.22266047
122,2011,Contra Costa County,100,0,0,0,0,0,3,1037817,38.3,79135,38141,101562,9.786118362
123,2011,Del Norte County,96.15384615,3.846153846,0,0,0,0,47,28561,38.9,37588,19247,5313,18.60228984
124,2011,El Dorado County,97.26038462,2.739615385,0,0,0,0,11,179878,43.1,68815,34385,15010,8.344544636
125,2011,Fresno County,100,0,0,0,0,0,24,920623,30.6,46903,20638,211140,22.93446938
126,2011,Glenn County,96.25615385,3.743846154,0,0,0,0,48,28027,35.3,43239,21254,5166,18.43222607
127,2011,Humboldt County,96.11307692,3.886923077,0,0,0,0,31,133585,37.3,40376,24209,23833,17.84107497
128,2011,Imperial County,58.44961538,41.55038462,0,0,0,0,18,171343,31.8,39402,16593,37463,21.86433061
129,2011,Inyo County,91.21134615,8.788653846,0,0,0,0,16,18457,45.1,49571,27532,2127,11.524083
130,2011,Kern County,99.97711538,0.022884615,0,0,0,0,52,829254,30.6,48021,20167,169635,20.45633787
131,2011,Kings County,100,0,0,0,0,0,23,152335,31,48838,18296,26042,17.09521778
132,2011,Lake County,96.15384615,3.846153846,0,0,0,0,14,64392,44.3,39525,22238,13543,21.03211579
133,2011,Lassen County,91.71673077,8.283269231,0,0,0,0,4,35001,37,52484,19339,3562,10.17685209
134,2011,Los Angeles County,100,0,0,0,0,0,38,9787747,34.6,56266,27954,1566066,16.00027054
135,2011,Madera County,100,0,0,0,0,0,34,149611,33.2,47724,18817,27777,18.56614821
136,2011,Marin County,99.36038462,0.639615385,0,0,0,0,42,250666,44.3,89605,54605,17502,6.982199421
137,2011,Mariposa County,100,0,0,0,0,0,1,18290,48.4,49174,27209,2611,14.27556042
138,2011,Mendocino County,96.05769231,3.942307692,0,0,0,0,35,87525,41.4,44527,23585,15298,17.47843473
139,2011,Merced County,100,0,0,0,0,0,0,253606,29.5,43945,18304,57461,22.65758697
140,2011,Modoc County,90.79019231,9.209807692,0,0,0,0,15,9587,46.5,35402,20769,1816,18.94231772
141,2011,Mono County,98.53826923,1.461730769,0,0,0,0,8,14016,36.5,60469,28789,1554,11.08732877
142,2011,Monterey County,100,0,0,0,0,0,12,411385,32.8,59737,25508,59315,14.41836722
143,2011,Napa County,97.11884615,2.881153846,0,0,0,0,20,135377,39.5,68641,35309,12906,9.533377162
144,2011,Nevada County,96.23615385,3.763846154,0,0,0,0,32,98392,47.3,58077,31607,10072,10.2366046
145,2011,Orange County,100,0,0,0,0,0,25,2989948,36,75762,34416,320473,10.71834694
146,2011,Placer County,97.245,2.755,0,0,0,0,43,343554,40,74645,35583,24576,7.153460591
147,2011,Plumas County,93.56346154,6.436538462,0,0,0,0,50,20192,49,44151,28104,2680,13.2725832
148,2011,Riverside County,66.79288462,33.20711538,0,0,0,0,39,2154844,33.5,58365,24516,301763,14.00393718
149,2011,Sacramento County,100,0,0,0,0,0,10,1408480,34.7,56553,27180,205715,14.60546121
150,2011,San Benito County,100,0,0,0,0,0,9,54873,33.9,65570,26300,6179,11.26054708
151,2011,San Bernardino County,80.13865385,19.86134615,0,0,0,0,40,2023452,31.4,55853,21932,317059,15.66921281
152,2011,San Diego County,99.43,0.57,0,0,0,0,28,3060849,34.6,63857,30955,387565,12.66200979
153,2011,San Francisco County,100,0,0,0,0,0,21,797983,38.4,72947,46777,96801,12.13070955
154,2011,San Joaquin County,100,0,0,0,0,0,27,680277,32.5,53764,22857,110748,16.27983895
155,2011,San Luis Obispo County,100,0,0,0,0,0,51,267871,39.1,58630,30204,33330,12.44255631
156,2011,San Mateo County,100,0,0,0,0,0,55,711622,39.2,87633,45346,48891,6.87036095
157,2011,Santa Barbara County,100,0,0,0,0,0,17,419793,33.4,61896,30330,57170,13.61861679
158,2011,Santa Clara County,100,0,0,0,0,0,41,1762754,36,89064,40698,160396,9.099170956
159,2011,Santa Cruz County,100,0,0,0,0,0,36,259402,36.7,66030,32975,34382,13.25433112
160,2011,Shasta County,93.66269231,6.337307692,0,0,0,0,45,177231,41.6,44058,23691,30023,16.94003871
161,2011,Sierra County,94.67557692,5.324423077,0,0,0,0,13,3277,51.5,50308,26137,540,16.47848642
162,2011,Siskiyou County,92.49480769,7.505192308,0,0,0,0,44,44687,46.9,37865,22335,8085,18.09251013
163,2011,Solano County,100,0,0,0,0,0,46,411620,36.7,69914,29367,42525,10.33113065
164,2011,Sonoma County,96.49153846,3.508461538,0,0,0,0,6,478551,39.7,64343,33119,50592,10.57191397
165,2011,Stanislaus County,100,0,0,0,0,0,5,512469,32.6,50671,21820,91291,17.81395558
166,2011,Sutter County,100,0,0,0,0,0,26,94192,34.4,50010,22464,14125,14.99596569
167,2011,Tehama County,93.72307692,6.276923077,0,0,0,0,7,62985,39.4,38753,20689,12796,20.31594824
168,2011,Trinity County,93.48846154,6.511538462,0,0,0,0,37,13711,49.3,37672,22551,2366,17.25621764
169,2011,Tulare County,100,0,0,0,0,0,29,436234,29.5,43550,17986,102165,23.41977012
170,2011,Tuolumne County,99.31288462,0.687115385,0,0,0,0,56,55736,47.2,47359,26084,6850,12.29008181
171,2011,Ventura County,100,0,0,0,0,0,53,815745,36.2,76728,32740,79964,9.802573108
172,2011,Yolo County,98.50769231,1.492307692,0,0,0,0,30,198889,30.1,57920,28631,35674,17.93663802
173,2011,Yuba County,97.47,2.53,0,0,0,0,2,71817,31.7,46617,20046,14222,19.80311068
174,2012,Alameda County,4.886037736,95.11396226,88.25207547,8.778113208,0,0,52,1515136,36.6,71516,35434,178897,11.80732291
175,2012,Alpine County,2.210943396,97.7890566,71.06698113,19.67773585,0,0,31,1197,43.2,59931,27135,159,13.28320802
176,2012,Amador County,15.65509434,84.34490566,49.00490566,6.595471698,0,0,22,37764,48.4,53462,26969,3502,9.273382057
177,2012,Butte County,20.2354717,79.7645283,48.50037736,4.727924528,0,0,14,220101,37.3,43339,23556,44156,20.06169895
178,2012,Calaveras County,8.187358491,91.81264151,62.63320755,6.582830189,0,0,19,45507,49.5,54686,28892,4643,10.20282594
179,2012,Colusa County,5.939056604,94.0609434,84.85,9.656981132,0,0,55,21329,33.9,52165,21601,3206,15.03117821
180,2012,Contra Costa County,5.145660377,94.85433962,77.06754717,7.153962264,0,0,3,1052047,38.5,78187,38106,106304,10.10449153
181,2012,Del Norte County,91.07962264,8.920377358,0,0,0,0,45,28496,38.8,39626,20197,5380,18.87984278
182,2012,El Dorado County,25.86320755,74.13679245,33.27943396,6.852075472,0,0,11,180441,43.5,70117,34571,14439,8.002061616
183,2012,Fresno County,0.373584906,99.62641509,95.02415094,15.05490566,0,0,57,930517,30.7,45741,20391,226967,24.39149419
184,2012,Glenn County,5.834150943,94.16584906,86.17075472,9.181320755,0,0,46,28078,36.5,42641,21689,5383,19.17159342
185,2012,Humboldt County,78.40339623,21.59660377,0.604528302,0,0,0,29,134317,37.5,40830,23884,25729,19.15543081
186,2012,Imperial County,5.326981132,94.67301887,75.30981132,0,0,0,51,173487,31.8,41255,16667,37544,21.64081459
187,2012,Inyo County,2.351886792,97.64811321,85.77132075,60.78207547,0,0,49,18474,45.7,45000,27323,2035,11.01548122
188,2012,Kern County,8.038113208,91.96188679,68.25698113,15.46207547,0,0,17,839153,30.7,47727,20216,180779,21.54303208
189,2012,Kings County,4.413962264,95.58603774,88.32509434,11.89358491,0,0,56,151982,31.2,48761,18566,27679,18.21202511
190,2012,Lake County,7.545660377,92.45433962,27.70792453,1.413207547,0,0,47,64360,44.8,38147,21845,15036,23.36233686
191,2012,Lassen County,0.313584906,99.68641509,96.61603774,71.00622642,3.083018868,0,4,34628,37.4,51921,19924,3724,10.75430288
192,2012,Los Angeles County,12.86603774,87.13396226,24.13867925,0.532075472,0,0,36,9840024,34.8,56241,27900,1658231,16.85189995
193,2012,Madera County,0.028867925,99.97113208,93.25037736,13.21735849,0,0,32,150615,33.2,47937,18474,29900,19.85194038
194,2012,Marin County,7.547169811,92.45283019,28.30188679,0.124528302,0,0,40,252759,44.6,90962,55695,18371,7.268188274
195,2012,Mariposa County,2.037924528,97.96207547,86.57150943,12.95433962,0,0,1,18193,49.4,52584,27670,2647,14.54955203
196,2012,Mendocino County,50.63622642,49.36377358,16.5754717,0,0,0,33,87577,41.7,43721,23179,16689,19.05637325
197,2012,Merced County,0,100,98.10132075,9.523207547,0,0,0,256398,29.7,43565,18343,61914,24.14761426
198,2012,Modoc County,0,100,99.94773585,80.25716981,5.033584906,0,48,9545,46.8,37482,20916,1829,19.16186485
199,2012,Mono County,0,100,93.1454717,51.79716981,5.233962264,0,8,14181,37.1,61868,27135,1333,9.399901276
200,2012,Monterey County,1.727735849,98.27226415,87.18037736,8.82490566,0,0,12,416199,32.9,60143,24995,64123,15.40681261
201,2012,Napa County,7.547169811,92.45283019,27.60150943,1.698679245,0,0,53,136644,39.6,69571,35195,13341,9.763326601
202,2012,Nevada County,27.70622642,72.29377358,32.36113208,7.881886792,0,0,30,98521,48,57382,31899,11320,11.48993616
203,2012,Orange County,36.11943396,63.88056604,11.82301887,0,0,0,23,3021840,36.2,75566,34233,349220,11.55653509
204,2012,Placer County,21.47754717,78.52245283,40.70301887,7.919622642,0,0,41,350074,40.2,73356,34917,29082,8.307386438
205,2012,Plumas County,13.69773585,86.30226415,56.19415094,15.24132075,0,0,15,19926,49.4,45358,28329,2720,13.65050688
206,2012,Riverside County,8.724339623,91.27566038,56.34075472,4.572641509,0,0,37,2192982,33.7,57096,23863,335557,15.30140238
207,2012,Sacramento County,5.644528302,94.3554717,84.53037736,10.28716981,0,0,10,1422348,34.9,55846,26856,230523,16.20721511
208,2012,San Benito County,0,100,94.54603774,9.433962264,0,0,9,55467,34.1,63939,25791,7000,12.62011647
209,2012,San Bernardino County,2.621698113,97.37830189,83.06603774,52.27471698,0,0,38,2041029,31.7,54750,21636,350982,17.19632597
210,2012,San Diego County,59.75113208,40.24886792,0.231132075,0,0,0,26,3100500,34.7,63373,30683,418555,13.49959684
211,2012,San Francisco County,7.633396226,92.36660377,46.93320755,1.873396226,0,0,54,807755,38.5,73802,47278,104784,12.97225025
212,2012,San Joaquin County,0.435849057,99.56415094,93.62566038,10.43792453,0,0,25,687036,32.6,53895,22696,117938,17.16620381
213,2012,San Luis Obispo County,11.06207547,88.93792453,47.6090566,0.840754717,0,0,16,270121,39.3,59628,30218,34755,12.86645614
214,2012,San Mateo County,5.81509434,94.18490566,87.5445283,2.414339623,0,0,20,721183,39.3,87751,45458,52888,7.333506197
215,2012,Santa Barbara County,15.11773585,84.88226415,36.96283019,0,0,0,50,423594,33.6,62723,30114,62240,14.69331483
216,2012,Santa Clara County,3.584150943,96.41584906,90.75471698,7.670943396,0,0,39,1788393,36.2,90747,41041,171669,9.599064635
217,2012,Santa Cruz County,5.517735849,94.48226415,90.56603774,2.009056604,0,0,34,262340,36.9,66571,32846,36553,13.93344515
218,2012,Shasta County,24.27773585,75.72226415,34.68358491,5.469056604,0,0,43,177693,41.9,44396,23639,30820,17.34452117
219,2012,Sierra County,16.6990566,83.3009434,49.82113208,15.58132075,0.589056604,0,13,3163,51.6,42500,24121,527,16.66139741
220,2012,Siskiyou County,31.45830189,68.54169811,27.84490566,1.430943396,0,0,42,44673,47,37948,22304,8610,19.27338661
221,2012,Solano County,6.513396226,93.48660377,62.42433962,5.462830189,0,0,44,414209,37,69006,29170,47415,11.44711969
222,2012,Sonoma County,14.21320755,85.78679245,22.91849057,0.018867925,0,0,6,483456,39.8,63565,32898,54966,11.36939039
223,2012,Stanislaus County,0,100,96.83622642,10.09830189,0,0,5,515115,32.8,49866,21785,97847,18.99517583
224,2012,Sutter County,5.660377358,94.33962264,89.81358491,9.84509434,0,0,24,94615,34.5,50510,22816,15868,16.77112509
225,2012,Tehama County,13.87396226,86.12603774,42.91660377,4.952830189,0,0,7,63200,39.6,40307,20259,12646,20.00949367
226,2012,Trinity County,54.55226415,45.44773585,9.384528302,0,0,0,35,13693,49.2,36569,23014,2377,17.35923465
227,2012,Tulare County,0.513207547,99.48679245,93.12773585,27.33641509,0,0,27,441877,29.7,43803,18021,108096,24.46291615
228,2012,Tuolumne County,4.767735849,95.23226415,73.30433962,13.4654717,0,0,21,55205,48,48169,26043,6718,12.16918757
229,2012,Ventura County,14.84396226,85.15603774,23.02622642,0,0,0,18,822794,36.4,76483,32826,83936,10.20133837
230,2012,Yolo County,6.127924528,93.87207547,75.72867925,8.573396226,0,0,28,200873,30.5,57260,28137,36007,17.92525626
231,2012,Yuba County,19.22433962,80.77566038,47.32981132,4.274339623,0,0,2,72244,31.9,46641,20016,14541,20.12762306
232,2013,Alameda County,13.07057692,86.92942308,65.38461538,51.92307692,0.797307692,0,46,1535248,36.8,72112,35763,188501,12.27821173
233,2013,Alpine County,12.92365385,87.07634615,69.55942308,48.655,4.884230769,0,5,1165,44.3,58636,25527,184,15.79399142
234,2013,Amador County,16.52480769,83.47519231,65.40846154,51.92307692,11.49807692,0,29,37422,49.1,53684,27347,4150,11.08973331
235,2013,Butte County,15.98596154,84.01403846,65.38461538,51.92307692,0,0,21,220542,37,43752,23787,43942,19.92454952
236,2013,Calaveras County,14.0625,85.9375,69.14076923,53.2125,11.53846154,0,26,45147,50,55295,29329,4849,10.74047002
237,2013,Colusa County,13.46153846,86.53846154,65.38461538,51.92307692,0,0,49,21366,33.9,52158,21579,2635,12.33267809
238,2013,Contra Costa County,13.34423077,86.65576923,65.38461538,51.92307692,2.193461538,0,33,1065794,38.6,78756,38219,111173,10.43100261
239,2013,Del Norte County,21.39576923,78.60423077,61.47403846,25.13557692,0,0,19,28357,39.1,37909,19072,5406,19.06407589
240,2013,El Dorado County,17.62269231,82.37730769,65.95692308,51.07096154,3.762692308,0,41,180982,44.1,69297,34884,16206,8.954481661
241,2013,Fresno County,0,100,99.24230769,78.65211538,13.49230769,0,51,939605,30.9,45563,20208,239584,25.49837432
242,2013,Glenn County,13.77192308,86.22807692,65.38461538,51.92307692,0,0,20,28054,37.2,43023,22148,5198,18.52855208
243,2013,Humboldt County,21.51211538,78.48788462,65.38461538,29.41942308,0,0,3,134613,37.5,41426,23540,26600,19.76035004
244,2013,Imperial County,0.471153846,99.52884615,82.24019231,30.56980769,0,0,45,175201,31.8,41807,16763,38286,21.852615
245,2013,Inyo County,0,100,100,97.63192308,1.533461538,0,57,18482,45.7,44796,27441,2309,12.49323666
246,2013,Kern County,0,100,100,91.22692308,37.11384615,0,24,848204,30.8,48552,20295,186811,22.02430076
247,2013,Kings County,0,100,100,88.43884615,26.16576923,0,50,151806,31.1,48133,18429,28019,18.45710973
248,2013,Lake County,15.92076923,84.07923077,65.38461538,51.92307692,0,0,55,64260,45.1,36548,21537,15860,24.6809835
249,2013,Lassen County,2.587115385,97.41288462,87.67557692,54.57903846,0,0,34,34018,37.3,53107,19931,3953,11.62031865
250,2013,Los Angeles County,0.0625,99.9375,82.82096154,60.45096154,2.138461538,0,10,9893481,35.1,55909,27749,1737224,17.55927969
251,2013,Madera County,0.067307692,99.93269231,93.99211538,70.10307692,11.53846154,0,6,151435,33.2,45625,17847,32604,21.53002939
252,2013,Marin County,13.485,86.515,65.38461538,51.92307692,0,0,14,254643,44.8,90839,56791,19121,7.508943894
253,2013,Mariposa County,4.437307692,95.56269231,88.59519231,65.38461538,11.53846154,0,31,18061,50.1,49820,26988,2876,15.92381374
254,2013,Mendocino County,17.31,82.69,65.38461538,48.85980769,0,0,7,87497,41.8,43469,23306,17221,19.68181766
255,2013,Merced County,0.01,99.99,96.78038462,64.60557692,11.48653846,0,30,258707,30,42591,18177,64490,24.92781409
256,2013,Modoc County,0,100,98.27826923,64.25884615,0,0,56,9468,46.9,36212,21200,1917,20.24714829
257,2013,Mono County,0.141538462,99.85846154,98.32423077,74.90653846,0.693461538,0,38,14217,37.2,61757,28046,1197,8.419497784
258,2013,Monterey County,3.347307692,96.65269231,77.97711538,57.95211538,17.44846154,0,42,420569,33,59168,24775,68185,16.21255965
259,2013,Napa County,13.46153846,86.53846154,65.38461538,51.92307692,0,0,47,137837,39.8,70443,34795,13563,9.83988334
260,2013,Nevada County,16.35019231,83.64980769,66.08730769,51.01153846,0,0,4,98509,48.5,57353,32346,11696,11.87302683
261,2013,Orange County,0,100,71.12846154,57.69230769,0,0,52,3051771,36.4,75422,34057,373049,12.22401681
262,2013,Placer County,17.14576923,82.85423077,66.10076923,50.83346154,0,0,15,355924,40.4,72725,34886,30850,8.667580719
263,2013,Plumas County,14.20442308,85.79557692,65.88826923,51.74769231,0,0,22,19586,49.9,45794,29806,2917,14.89329113
264,2013,Riverside County,1.669807692,98.33019231,77.51826923,43.36288462,0,0,11,2228528,33.9,56529,23591,355511,15.95272754
265,2013,Sacramento County,15.36692308,84.63307692,65.38461538,51.92307692,6.72,0,40,1435207,35.1,55064,26739,248304,17.30091896
266,2013,San Benito County,1.371153846,98.62884615,86.77057692,61.60057692,2.868461538,0,39,56115,34.5,66237,25914,6639,11.83106121
267,2013,San Bernardino County,5.223076923,94.77692308,81.70057692,67.60192308,0.857692308,0,12,2056915,31.9,54090,21332,375280,18.24479864
268,2013,San Diego County,0,100,68.91019231,29.62346154,0,0,0,3138265,34.8,62962,30668,441648,14.07299893
269,2013,San Francisco County,13.46153846,86.53846154,65.38461538,51.92307692,0,0,48,817501,38.5,75604,48486,108306,13.24842416
270,2013,San Joaquin County,8.678461538,91.32153846,67.61288462,52.75807692,11.48538462,0,54,693177,32.9,53380,22589,123115,17.76097591
271,2013,San Luis Obispo County,0,100,96.32865385,67.27230769,38.46153846,0,23,272094,39.5,58697,29954,36588,13.44682352
272,2013,San Mateo County,13.46153846,86.53846154,65.38461538,51.92307692,0,0,27,729543,39.3,88202,45732,54905,7.525944324
273,2013,Santa Barbara County,0,100,82.35980769,59.60961538,35.35,0,44,427288,33.5,62779,30352,65740,15.3854075
274,2013,Santa Clara County,12.04980769,87.95019231,65.39596154,52.01153846,0.140769231,0,13,1812208,36.4,91702,41513,181376,10.00856414
275,2013,Santa Cruz County,13.36057692,86.63942308,65.38461538,51.92307692,0,0,8,264808,36.9,66519,32295,37239,14.06264161
276,2013,Shasta County,16.90403846,83.09596154,65.38461538,52.84653846,0,0,17,177966,42.1,44651,23670,30575,17.18024791
277,2013,Sierra County,11.69576923,88.30423077,70.27134615,50.55384615,0,0,43,3127,51.3,39009,24996,599,19.15574033
278,2013,Siskiyou County,13.81557692,86.18442308,66.65173077,43.91480769,0,0,16,44503,47.1,37709,22293,9216,20.70871627
279,2013,Solano County,14.19942308,85.80057692,65.38461538,51.92307692,0,0,18,417258,37.1,67177,28929,52358,12.54811172
280,2013,Sonoma County,15.74153846,84.25846154,65.38461538,51.92307692,0,0,36,487469,40.2,63356,32835,57048,11.70289803
281,2013,Stanislaus County,2.220192308,97.77980769,83.29923077,57.34038462,11.16,0,35,518321,33,49297,21663,104173,20.09816311
282,2013,Sutter County,13.95307692,86.04692308,65.38461538,51.92307692,0,0,53,94787,34.8,50408,23602,15596,16.45373311
283,2013,Tehama County,14.96538462,85.03461538,65.38461538,51.92307692,0,0,37,63241,39.9,41924,20439,12271,19.40355149
284,2013,Trinity County,17.24769231,82.75230769,65.38461538,42.29961538,0,0,9,13638,49.8,36890,22905,2579,18.91039742
285,2013,Tulare County,0,100,100,96.14307692,13.18384615,0,1,446644,29.9,42708,17894,115313,25.81765343
286,2013,Tuolumne County,11.45019231,88.54980769,77.88230769,60.57884615,11.53038462,0,28,54728,48,48426,25943,7411,13.5415144
287,2013,Ventura County,0.240384615,99.75961538,77.96230769,57.84461538,5.85,0,25,829017,36.6,76544,32930,90471,10.91304521
288,2013,Yolo County,13.985,86.015,65.38461538,51.92307692,0,0,2,202288,30.7,55918,27730,37188,18.38369058
289,2013,Yuba County,16.32711538,83.67288462,65.38461538,51.92307692,0,0,32,72574,31.9,44902,19244,15392,21.20869733
290,2014,Alameda County,0,100,100,100,96.41961538,74.38153846,5,1559308,36.9,73775,36439,197191,12.64605838
291,2014,Alpine County,0,100,100,100,96.16153846,33.00846154,33,1202,43.6,61343,24375,179,14.89184692
292,2014,Amador County,0,100,100,100,95.06769231,42.11384615,57,37159,49.6,52964,27373,4277,11.50999758
293,2014,Butte County,0,100,100,100,91.58038462,38.46153846,49,221578,36.9,43165,24430,46643,21.05037504
294,2014,Calaveras County,0,100,100,100,96.54711538,42.30769231,54,44921,50.3,54936,29296,5352,11.91424946
295,2014,Colusa County,0,100,100,100,95.85153846,38.46153846,8,21424,34.1,50503,22211,3068,14.32038835
296,2014,Contra Costa County,0,100,100,100,96.885,64.82961538,17,1081232,38.7,79799,38770,114171,10.55934342
297,2014,Del Norte County,0,100,93.18442308,60.155,0.096923077,0,47,28066,39.2,39302,19424,5468,19.48264804
298,2014,El Dorado County,0,100,100,100,89.02519231,40.37038462,26,181465,44.4,68507,35128,18497,10.19315019
299,2014,Fresno County,0,100,100,100,99.95576923,87.59057692,10,948844,31.2,45201,20231,255019,26.8768101
300,2014,Glenn County,0,100,100,100,95.70769231,38.46153846,48,28019,36.7,40106,21698,5517,19.69021021
301,2014,Humboldt County,0,100,100,99.33384615,85.88961538,27.62019231,31,134876,37.4,42153,23516,27325,20.25934933
302,2014,Imperial County,0.229230769,99.77076923,85.23019231,63.45115385,0.016923077,0,4,177026,31.9,41772,16409,38935,21.99394439
303,2014,Inyo County,0,100,100,99.99365385,63.36788462,3.206346154,2,18439,45.3,45625,27028,2445,13.25993817
304,2014,Kern County,0,100,100,100,99.70865385,68.99403846,52,857730,31,48574,20467,192972,22.49798888
305,2014,Kings County,0,100,100,100,100,91.65384615,9,151390,31.2,47341,18518,30244,19.97754145
306,2014,Lake County,0,100,100,100,93.09192308,38.46153846,0,64209,45.2,35997,21310,15395,23.9763896
307,2014,Lassen County,0,100,100,100,96.14980769,31.18384615,18,33356,37.3,53351,19847,3856,11.56013911
308,2014,Los Angeles County,0,100,100,99.72538462,93.10884615,44.88673077,35,9974203,35.3,55870,27987,1805868,18.10538647
309,2014,Madera County,0,100,100,100,100,84.16903846,34,152452,33.3,45490,17797,33290,21.83638129
310,2014,Marin County,0,100,100,100,90.06346154,3.155384615,42,256802,45.1,91529,58004,21917,8.534590852
311,2014,Mariposa County,0,100,100,100,100,73.53538462,15,17946,50.2,50560,28327,2902,16.17073443
312,2014,Mendocino County,0,100,100,100,95.93076923,38.46153846,36,87612,42,43290,23712,17395,19.85458613
313,2014,Merced County,0,100,100,100,99.98269231,88.62942308,14,261609,30.2,43066,18464,65552,25.05724191
314,2014,Modoc County,0,100,100,100,90.08326923,0,1,9335,47.1,38560,21830,1892,20.26780932
315,2014,Mono County,0,100,100,100,88.41807692,0.718076923,22,14193,37.2,61814,29578,704,4.960191644
316,2014,Monterey County,0,100,100,100,98.04461538,84.06384615,27,424927,33.3,58582,25048,69898,16.44941366
317,2014,Napa County,0,100,100,100,93.115,38.46153846,6,139253,40.3,70925,35092,13948,10.01630126
318,2014,Nevada County,0,100,100,100,85.96730769,39.02730769,32,98606,48.8,56949,32117,12163,12.33494919
319,2014,Orange County,0,100,100,100,93.48365385,37.75923077,11,3086331,36.7,75998,34416,391705,12.69160696
320,2014,Placer County,0,100,100,100,87.445,39.44923077,43,361518,40.7,73747,35711,32018,8.856543796
321,2014,Plumas County,0,100,100,100,92.64326923,42.82307692,50,19286,50.6,48032,29167,3006,15.58643576
322,2014,Riverside County,0.772692308,99.22730769,96.76096154,79.85230769,19.01865385,0.165,39,2266899,34.2,56592,23660,376737,16.61904655
323,2014,Sacramento County,0,100,100,100,98.39384615,39.49115385,25,1450277,35.3,55615,27071,258031,17.79184252
324,2014,San Benito County,0,100,100,100,97.11,91.79653846,23,56888,34.8,67874,26317,6864,12.06581353
325,2014,San Bernardino County,1.364423077,98.63557692,94.57211538,82.45903846,18.41403846,0.285,40,2078586,32.2,54100,21384,389037,18.71642549
326,2014,San Diego County,0,100,100,95.18076923,63.04788462,0,28,3183143,34.9,63996,31043,455855,14.32090861
327,2014,San Francisco County,0,100,100,100,96.13961538,70.38807692,7,829072,38.6,78378,49986,108328,13.06617519
328,2014,San Joaquin County,0,100,100,100,99.98230769,49.16192308,13,701050,33.2,53253,22642,132986,18.96954568
329,2014,San Luis Obispo County,0,100,100,100,100,89.21788462,51,274184,39.5,59454,30392,38121,13.90343711
330,2014,San Mateo County,0,100,100,100,96.15384615,80.76923077,55,739837,39.4,91421,47198,55672,7.524900755
331,2014,Santa Barbara County,0,100,100,99.72461538,98.96346154,81.65307692,3,431555,33.6,63409,30526,68953,15.97780121
332,2014,Santa Clara County,0,100,100,100,96.20076923,83.12634615,41,1841569,36.6,93854,42666,180153,9.782582135
333,2014,Santa Cruz County,0,100,100,100,96.15384615,83.35442308,37,267203,36.9,66923,33050,39252,14.68995483
334,2014,Shasta County,0,100,100,100,91.94846154,39.48192308,45,178520,41.9,44556,23763,31616,17.7100605
335,2014,Sierra County,0,100,100,100,89.39288462,40.76576923,24,3019,53.5,43107,28030,487,16.13116926
336,2014,Siskiyou County,0,100,100,98.38153846,60.95634615,6.323076923,44,44261,47.3,37495,22482,9945,22.46899076
337,2014,Solano County,0,100,100,100,96.14923077,38.57153846,46,421624,37.2,67341,29132,53317,12.64562738
338,2014,Sonoma County,0,100,100,100,88.43076923,37.81538462,20,491790,40.5,63799,33361,59716,12.14258118
339,2014,Stanislaus County,0,100,100,100,99.87384615,59.22173077,19,522794,33.3,49573,21729,104786,20.0434588
340,2014,Sutter County,0,100,100,100,96.15384615,38.46153846,12,95067,35,51527,23828,15824,16.64510293
341,2014,Tehama County,0,100,100,100,94.88826923,38.46153846,21,63284,40,42369,21002,11604,18.33638834
342,2014,Trinity County,0,100,100,100,90.12269231,38.02346154,38,13515,50,36862,23145,2489,18.41657418
343,2014,Tulare County,0,100,100,100,99.98576923,85.39596154,29,451108,30.1,42863,17888,122044,27.05427525
344,2014,Tuolumne County,0,100,100,100,99.05980769,45.74038462,56,54347,48.2,48493,26063,7444,13.6971682
345,2014,Ventura County,0,100,99.95192308,99.69115385,96.18423077,65.15903846,53,835790,36.9,77335,33308,91912,10.99702078
346,2014,Yolo County,0,100,100,100,96.15384615,38.46153846,30,204162,31,55508,28080,39333,19.26558321
347,2014,Yuba County,0,100,100,100,91.66576923,38.46153846,16,73059,32.1,45470,19586,15926,21.79882013
348,2015,Alameda County,0,100,100,100,100,18.96,49,1584983,37.1,75619,37285,194639,12.2801948
349,2015,Alpine County,0,100,100,100,100,99.15461538,19,1131,43.6,52917,21415,195,17.24137931
350,2015,Amador County,0,100,100,100,100,99.80615385,43,36995,50,54171,27473,4191,11.32855791
351,2015,Butte County,0,100,100,100,100,89.66653846,35,222564,36.8,43444,24259,47532,21.35655362
352,2015,Calaveras County,0,100,100,100,100,100,40,44767,50.7,53233,29553,5590,12.48687649
353,2015,Colusa County,0,100,100,100,100,27.32692308,52,21396,34,52168,21897,3171,14.8205272
354,2015,Contra Costa County,0,100,100,100,99.82961538,10.02423077,3,1096068,38.8,80185,39313,117915,10.75800042
355,2015,Del Norte County,0,100,65.65826923,51.665,0,0,33,27788,38.8,40847,19560,5207,18.7383043
356,2015,El Dorado County,0,100,100,100,100,87.32576923,11,182093,44.9,69584,35588,18831,10.34141895
357,2015,Fresno County,0,100,100,100,100,99.98961538,54,956749,31.4,45233,20408,252187,26.35874195
358,2015,Glenn County,0,100,100,100,96.24038462,13.26423077,34,28029,37.2,39349,21313,5721,20.41100289
359,2015,Humboldt County,0,100,99.91346154,97.52192308,29.36403846,0,17,135034,37.4,42197,23367,28158,20.85252603
360,2015,Imperial County,0,100,94.57692308,59.53692308,0,0,48,178206,32.2,41079,16143,40114,22.50990427
361,2015,Inyo County,0,100,100,100,69.74365385,18.22826923,46,18373,45.7,45955,27850,2019,10.98895118
362,2015,Kern County,0,100,100,100,100,73.38076923,38,865736,31.1,49026,20644,195744,22.61012595
363,2015,Kings County,0,100,100,100,100,100,53,150998,31.4,46481,18707,29900,19.80158678
364,2015,Lake County,0,100,100,100,58.59115385,0,44,64158,45.5,35578,21407,15597,24.31029646
365,2015,Lassen County,0,100,100,100,100,88.62057692,4,32645,37,51555,19274,3563,10.91438199
366,2015,Los Angeles County,0,100,100,100,100,87.92,24,10038388,35.6,56196,28337,1800265,17.93380571
367,2015,Madera County,0,100,100,100,100,99.96730769,20,153187,33.5,45073,17970,33968,22.17420538
368,2015,Marin County,0,100,100,100,4.464807692,0,28,258349,45.4,93257,60236,20964,8.114604663
369,2015,Mariposa County,0,100,100,100,100,100,1,17789,50.6,47681,28316,2651,14.90246782
370,2015,Mendocino County,0,100,100,100,24.94846154,0,21,87544,42.2,42980,24059,17527,20.02078955
371,2015,Merced County,0,100,100,100,100,100,0,263885,30.4,42462,18204,67417,25.54787123
372,2015,Modoc County,0,100,100,100,100,26.60846154,45,9184,47.8,37860,21001,1673,18.21646341
373,2015,Mono County,0,100,100,100,100,86.37423077,8,14146,38.5,56944,29437,684,4.835289128
374,2015,Monterey County,0,100,100,100,90.95038462,56.86,12,428441,33.5,58783,24994,69475,16.21576833
375,2015,Napa County,0,100,100,100,88.27,0.057692308,50,140295,40.3,71379,36475,14020,9.993228554
376,2015,Nevada County,0,100,100,100,100,84.61769231,18,98570,49,56521,32442,12367,12.54641372
377,2015,Orange County,0,100,100,100,100,75.55,55,3116069,37.1,76509,34817,395483,12.69172794
378,2015,Placer County,0,100,100,100,100,85.44346154,29,366280,41,73948,36022,32427,8.85306323
379,2015,Plumas County,0,100,100,100,100,80.53769231,36,18966,51.3,47333,30842,2687,14.16745756
380,2015,Riverside County,0.008846154,99.99115385,93.31211538,70.37269231,21.71653846,0.33,25,2298032,34.5,56603,23783,379985,16.53523537
381,2015,Sacramento County,0,100,100,100,100,94.18346154,10,1465832,35.5,55987,27315,262251,17.89093157
382,2015,San Benito County,0,100,100,100,100,86.71,9,57557,35,71077,27239,6202,10.77540525
383,2015,San Bernardino County,0.992307692,99.00769231,88.72115385,71.00538462,32.43134615,0.57,26,2094769,32.5,53433,21352,397766,18.98853764
384,2015,San Diego County,0,100,100,100,66.66961538,0,14,3223096,35.1,64309,31266,454876,14.11301432
385,2015,San Francisco County,0,100,100,100,4.751153846,0,51,840763,38.5,81294,52220,109524,13.02673881
386,2015,San Joaquin County,0,100,100,100,100,99.97076923,57,708554,33.5,53274,22645,129390,18.26113465
387,2015,San Luis Obispo County,0,100,100,100,100,99.97,37,276517,39.3,60691,31060,38630,13.97020798
388,2015,San Mateo County,0,100,100,100,88.84769231,0,41,748731,39.5,93623,48278,59232,7.910985387
389,2015,Santa Barbara County,0,100,100,100,100,100,47,435850,33.6,63985,30589,68017,15.60559826
390,2015,Santa Clara County,0,100,100,100,89.92423077,24.67,27,1868149,36.8,96310,43880,175690,9.404496108
391,2015,Santa Cruz County,0,100,100,100,68.44576923,0,22,269278,37,67256,33241,39053,14.50285578
392,2015,Shasta County,0,100,100,100,69.16230769,14.62384615,31,178942,42.2,44620,24107,31707,17.71914922
393,2015,Sierra County,0,100,100,100,100,78.96,13,3021,54.5,42833,29986,438,14.49851043
394,2015,Siskiyou County,0,100,99.86153846,96.10442308,25.96288462,0.029230769,30,43895,47.8,37170,22561,10026,22.84087026
395,2015,Solano County,0,100,100,100,100,9.442307692,32,425753,37.3,66828,29185,55534,13.04371314
396,2015,Sonoma County,0,100,100,100,18.74730769,0,6,495078,40.8,64240,34235,57179,11.54949321
397,2015,Stanislaus County,0,100,100,100,100,100,5,527367,33.5,50125,21922,105927,20.08601221
398,2015,Sutter County,0,100,100,100,100,96.15384615,56,95247,35.4,52017,23689,16743,17.57850641
399,2015,Tehama County,0,100,100,100,85.47461538,12.20846154,7,63152,40.5,41001,21263,12313,19.49740309
400,2015,Trinity County,0,100,100,100,11.46865385,0,23,13373,50.3,34974,22975,2562,19.15800494
401,2015,Tulare County,0,100,100,100,100,99.38230769,15,454033,30.3,42031,17876,125775,27.70173093
402,2015,Tuolumne County,0,100,100,100,100,99.745,42,54079,48.6,50306,27054,7010,12.9625178
403,2015,Ventura County,0,100,100,100,100,100,39,840833,37.1,77348,33435,91880,10.92725904
404,2015,Yolo County,0,100,100,100,100,86.97115385,16,207320,30.9,54989,28116,39688,19.14335327
405,2015,Yuba County,0,100,100,100,100,96.085,2,73437,32.1,46892,20471,15862,21.59946621
406,2016,Alameda County,0,100,99.88730769,85.74346154,55.45942308,6.056153846,35,1605217,37.2,79831,39042,189590,11.8108642
407,2016,Alpine County,0,100,100,99.10365385,46.28057692,21.75096154,5,1184,42.8,62375,26783,221,18.66554054
408,2016,Amador County,0,100,100,95.17942308,36.33538462,26.97692308,29,36963,50.3,57032,27496,3684,9.96672348
409,2016,Butte County,0,100,89.20288462,38.46153846,28.95961538,19.31326923,21,223877,36.9,44366,25077,46456,20.75068006
410,2016,Calaveras County,0,100,100,100,82.12903846,30.44519231,26,44787,51.2,53502,30577,5641,12.59517271
411,2016,Colusa County,0,100,99.87653846,63.10653846,31.18788462,7.492115385,38,21361,34.7,54946,25745,2859,13.38420486
412,2016,Contra Costa County,0,100,99.81634615,88.07865385,48.26942308,2.752307692,47,1107925,39.1,82881,40792,111922,10.10194733
413,2016,Del Norte County,47.70403846,52.29596154,8.51,0,0,0,19,27628,38.1,42363,20282,5219,18.89025626
414,2016,El Dorado County,0,100,99.13788462,58.69057692,29.95980769,18.72153846,55,183000,45.2,72586,37089,17839,9.748087432
415,2016,Fresno County,0,100,100,100,100,72.93461538,40,963160,31.6,45963,21057,254872,26.46206238
416,2016,Glenn County,0,100,99.51769231,38.46153846,23.88846154,3.526346154,20,27976,36.9,41699,20362,5578,19.93851873
417,2016,Humboldt County,38.92903846,61.07096154,13.14923077,0,0,0,3,135182,37.6,42685,24038,27641,20.44724889
418,2016,Imperial County,0,100,97.485,84.08692308,0,0,34,178807,32.2,42560,16311,40552,22.6792016
419,2016,Inyo County,0,100,98.62692308,85.39211538,46.26,15.76038462,32,18326,45.4,47278,28678,1905,10.39506712
420,2016,Kern County,0,100,100,100,100,73.22730769,24,871337,31.2,49788,21094,194354,22.30526191
421,2016,Kings County,0,100,100,100,100,95.84615385,39,150261,31.4,47241,19123,28661,19.07414432
422,2016,Lake County,0.002307692,99.99769231,94.72903846,28.20557692,4.418076923,0,30,64076,45.8,36132,21799,15561,24.2852238
423,2016,Lassen County,0.065576923,99.93442308,90.18307692,52.58480769,27.31346154,7.325192308,48,31945,36.4,51457,20072,3558,11.13789325
424,2016,Los Angeles County,0,100,100,100,100,85.97057692,10,10057155,35.8,57952,29301,1764081,17.54055695
425,2016,Madera County,0,100,100,100,100,56.87423077,6,153366,33.5,45742,19021,32043,20.89315754
426,2016,Marin County,1.912884615,98.08711538,21.92307692,13.23846154,0,0,14,259358,45.7,100310,63608,20445,7.882926303
427,2016,Mariposa County,0,100,100,100,100,60.80192308,45,17645,50.6,49265,27832,2849,16.14621706
428,2016,Mendocino County,4.669615385,95.33038462,49.57,8.217115385,0,0,7,87409,42.3,43510,25278,17366,19.86751936
429,2016,Merced County,0,100,100,100,100,30.76923077,44,265001,30.6,44397,19130,62661,23.64557115
430,2016,Modoc County,1.971346154,98.02865385,82.35942308,23.3225,12.55096154,0.489615385,31,9033,47.1,41194,21899,1483,16.41757998
431,2016,Mono County,0,100,100,100,93.48384615,29.46288462,52,14051,38.9,58937,31059,1222,8.696889901
432,2016,Monterey County,0,100,99.78846154,85.24923077,75.85346154,54.00057692,56,430201,33.7,60889,25947,66289,15.40884377
433,2016,Napa County,0.226538462,99.77346154,52.15307692,24.60384615,10.19519231,0.008653846,36,140823,40.7,74609,38057,12086,8.582404863
434,2016,Nevada County,0,100,87.50846154,46.265,27.06884615,14.85903846,4,98639,49.5,57429,33385,11835,11.99829682
435,2016,Orange County,0,100,100,100,100,74.02903846,41,3132211,37.3,78145,35939,385556,12.30938784
436,2016,Placer County,0,100,91.96288462,46.29653846,26.8025,16.13442308,15,370571,41.5,76926,37914,31932,8.616972186
437,2016,Plumas County,0.066923077,99.93307692,88.29711538,46.22230769,28.40153846,14.60980769,22,18754,51.7,50125,31292,2346,12.50933134
438,2016,Riverside County,0,100,97.14326923,70.52865385,21.92,0.326153846,11,2323892,34.8,57972,24443,376689,16.20940216
439,2016,Sacramento County,0,100,100,94.92903846,37.77307692,26.96115385,54,1479300,35.7,57509,28292,260877,17.63516528
440,2016,San Benito County,0,100,100,99.9975,97.53153846,67.89307692,53,58051,35.1,73814,27848,6224,10.72160686
441,2016,San Bernardino County,0,100,89.36903846,60.94634615,36.12596154,0.639038462,12,2106754,32.7,54469,21857,392195,18.61607952
442,2016,San Diego County,0,100,100,100,66.61,0,0,3253356,35.3,66529,32482,444024,13.6481836
443,2016,San Francisco County,1.336538462,98.66346154,32.23076923,21.08557692,0.076923077,0,37,850282,38.4,87701,55567,104180,12.25240567
444,2016,San Joaquin County,0,100,100,100,85.28115385,30.76923077,43,714860,33.7,55045,23477,124587,17.42816775
445,2016,San Luis Obispo County,0,100,100,100,100,89.73903846,23,278680,39,64014,32335,37208,13.35151428
446,2016,San Mateo County,1.637307692,98.36269231,21.17692308,21.15384615,6.792307692,0,27,754748,39.5,98546,50262,57490,7.617111937
447,2016,Santa Barbara County,0,100,100,100,100,100,33,439395,33.7,65161,31098,66880,15.22092878
448,2016,Santa Clara County,0.001730769,99.99826923,86.05192308,76.86846154,47.59519231,7.717692308,13,1885056,36.8,101173,46034,172213,9.135696764
449,2016,Santa Cruz County,0.914615385,99.08538462,29.76384615,23.75038462,5.479807692,0,8,270931,37,70088,34732,39211,14.47268862
450,2016,Shasta County,15.72192308,84.27807692,46.02846154,23.65384615,6.956538462,0.844615385,17,179228,42.3,45582,25094,30945,17.26571741
451,2016,Sierra County,0,100,90.22096154,56.40980769,29.73846154,14.50403846,57,2931,55.2,43984,31873,329,11.22483794
452,2016,Siskiyou County,26.97326923,73.02673077,29.36423077,14.23423077,1.930769231,0.001538462,16,43668,47.9,38524,23542,9524,21.81002107
453,2016,Solano County,0,100,96.315,74.59980769,30.40480769,2.585384615,18,429596,37.5,69227,30251,53265,12.39885846
454,2016,Sonoma County,1.620769231,98.37923077,23.90115385,14.80384615,0.665384615,0,50,497776,41.2,66833,35639,55095,11.06823149
455,2016,Stanislaus County,0,100,100,100,99.77846154,30.76923077,49,530561,33.8,51591,22915,95739,18.04486195
456,2016,Sutter County,0,100,100,38.46153846,30.76923077,26.92307692,42,95406,35.6,52943,24335,16535,17.3311951
457,2016,Tehama County,2.619230769,97.38076923,87.61711538,38.11673077,18.46403846,1.334038462,51,63015,40.6,40687,21521,13363,21.20606205
458,2016,Trinity County,16.99057692,83.00942308,39.37096154,12.81480769,0,0,9,13180,50.6,35270,22387,2607,19.77996965
459,2016,Tulare County,0,100,100,100,100,97.02307692,1,455769,30.4,42789,18257,127130,27.89351623
460,2016,Tuolumne County,0,100,100,100,99.72038462,35.30480769,28,53864,48.2,50731,29431,7176,13.32244171
461,2016,Ventura County,0,100,100,100,100,100,25,843110,37.3,78593,34331,88486,10.49519043
462,2016,Yolo County,0,100,99.975,87.6,36.04173077,22.83538462,2,209671,30.9,57663,28996,38898,18.55192182
463,2016,Yuba County,0,100,93.35961538,38.46153846,29.35576923,22.57961538,46,73897,32.2,48739,21418,15080,20.40678241
464,2017,Alameda County,92.80769231,7.192307692,3.755769231,2.379230769,0,0,15,1629615,37.3,85743,41363,181194,11.11882254
465,2017,Alpine County,94.2875,5.7125,3.998846154,3.511923077,0,0,26,1203,44.9,63438,27448,235,19.53449709
466,2017,Amador County,93.59134615,6.408653846,3.914230769,3.452692308,0,0,56,37306,50.6,60636,29628,3564,9.553423042
467,2017,Butte County,96.15384615,3.846153846,0.664615385,0,0,0,43,225207,36.9,46516,26304,44977,19.97140409
468,2017,Calaveras County,87.79326923,12.20673077,7.939230769,4.976538462,2.276923077,0,51,45057,51.6,54800,31652,5676,12.59737666
469,2017,Colusa County,96.15384615,3.846153846,3.599230769,0,0,0,41,21479,34.7,56481,25676,2979,13.86936077
470,2017,Contra Costa County,93.32057692,6.679423077,3.536923077,2.438076923,0,0,5,1123678,39.2,88456,42898,108630,9.667360222
471,2017,Del Norte County,100,0,0,0,0,0,40,27442,38.7,41287,20809,5571,20.30099847
472,2017,El Dorado County,95.93307692,4.066923077,2.943076923,0.389615385,0,0,17,185015,45.5,74885,38156,17996,9.72677891
473,2017,Fresno County,64.63519231,35.36480769,13.16346154,9.069615385,6.669038462,2.078076923,47,971616,31.8,48730,22234,243040,25.0139973
474,2017,Glenn County,96.15384615,3.846153846,2.886923077,0,0,0,42,27935,36.8,46260,21029,5404,19.34490782
475,2017,Humboldt County,100,0,0,0,0,0,24,135490,37.7,43718,25208,27481,20.28267769
476,2017,Imperial County,0.171923077,99.82807692,87.67942308,29.02461538,0,0,12,179957,32.2,44779,17303,40376,22.43647093
477,2017,Inyo County,73.47365385,26.52634615,11.48423077,5.643653846,1.965384615,0.495,6,18195,45.6,51500,30323,1806,9.925803792
478,2017,Kern County,49.23307692,50.76692308,17.11480769,10.29307692,6.925384615,3.040384615,48,878744,31.3,50826,21716,191123,21.74956529
479,2017,Kings County,66.12692308,33.87307692,13.73769231,10.16403846,7.692307692,3.615384615,44,150183,31.5,49742,19835,28013,18.65257719
480,2017,Lake County,96.34807692,3.651923077,0.247307692,0,0,0,1,64095,45.8,40446,23345,14398,22.4635307
481,2017,Lassen County,96.71730769,3.282692308,1.235,0,0,0,7,31470,36.2,54083,20974,3155,10.02542104
482,2017,Los Angeles County,0,100,62.24826923,14.07557692,8.552307692,3.081538462,31,10105722,36,61015,30798,1688505,16.7084054
483,2017,Madera County,81.31653846,18.68346154,11.42923077,7.590769231,5.614038462,0,27,154440,33.7,48210,19975,32244,20.87801088
484,2017,Marin County,99.97961538,0.020384615,0,0,0,0,35,260814,46.1,104703,66748,20515,7.86575874
485,2017,Mariposa County,82.71461538,17.28538462,10.70807692,6.340576923,4.127884615,0,2,17658,51.1,51385,28241,2629,14.88843584
486,2017,Mendocino County,99.60269231,0.397307692,0,0,0,0,28,87497,42.4,46528,27093,16448,18.7983588
487,2017,Merced County,74.73903846,25.26096154,13.65076923,8.646153846,5.910576923,0,0,267390,30.8,46338,20120,60861,22.76113542
488,2017,Modoc County,97.59769231,2.402307692,0,0,0,0,3,9017,47.8,39296,22052,1584,17.56681823
489,2017,Mono County,89.37192308,10.62807692,7.220192308,5.378461538,3.069230769,0,13,14058,38.3,60595,30888,1378,9.80224783
490,2017,Monterey County,62.37634615,37.62365385,11.37807692,8.463076923,4.805769231,2.029615385,19,433168,33.9,63249,27168,60933,14.06682857
491,2017,Napa County,96.60692308,3.393076923,0.147307692,0,0,0,18,141005,40.8,79637,40632,11285,8.003262296
492,2017,Nevada County,96.15384615,3.846153846,0.654615385,0,0,0,25,98838,49.8,60610,35581,11861,12.00044517
493,2017,Orange County,0,100,99.26019231,11.53846154,7.692307692,0,49,3155816,37.5,81851,37603,378459,11.99242922
494,2017,Placer County,96.15384615,3.846153846,1.559230769,0,0,0,36,374985,41.6,80488,39734,30473,8.126458392
495,2017,Plumas County,96.33230769,3.667692308,0.901153846,0,0,0,45,18724,52.1,50266,32056,2439,13.02606281
496,2017,Riverside County,33.86365385,66.13634615,16.25211538,4.760192308,1.659230769,0,32,2355002,35,60807,25700,362215,15.38066634
497,2017,Sacramento County,92.68653846,7.313461538,3.846153846,3.463461538,0,0,16,1495400,35.9,60239,29693,246203,16.464023
498,2017,San Benito County,14.29461538,85.70538462,15.96115385,12.49711538,6.220384615,2.289615385,14,58671,35.4,80760,30012,5670,9.664058905
499,2017,San Bernardino County,66.73807692,33.26192308,11.58942308,4.717692308,1.273076923,0,33,2121220,32.9,57156,22867,374810,17.66954866
500,2017,San Diego County,0,100,31.81769231,10.31653846,4.286923077,0,57,3283665,35.4,70588,34350,427031,13.00470663
501,2017,San Francisco County,98.82692308,1.173076923,0,0,0,0,20,864263,38.3,96265,59508,99096,11.46595423
502,2017,San Joaquin County,85.05711538,14.94288462,10.11923077,6.113269231,2.296538462,0,55,724153,33.9,57813,24694,121296,16.75005144
503,2017,San Luis Obispo County,3.417692308,96.58230769,22.87884615,12.76769231,7.196923077,3.348461538,46,280119,39,67175,33972,36420,13.00161717
504,2017,San Mateo County,99.42846154,0.571538462,0,0,0,0,53,763450,39.6,105667,53516,54981,7.201650403
505,2017,Santa Barbara County,0,100,99.72711538,17.99980769,9.165769231,4.729230769,9,442996,33.7,68023,32872,65493,14.7841064
506,2017,Santa Clara County,90.48096154,9.519038462,5.334615385,2.713846154,0.156538462,0,34,1911226,37,106761,48689,162525,8.503703905
507,2017,Santa Cruz County,97.46980769,2.530192308,0.569230769,0.039230769,0,0,29,273263,37.3,73663,36388,38605,14.12741571
508,2017,Shasta County,100,0,0,0,0,0,38,178919,41.8,47258,26455,31967,17.86674417
509,2017,Sierra County,96.15384615,3.846153846,1.343846154,0,0,0,21,2885,55,44190,31750,351,12.16637782
510,2017,Siskiyou County,100,0,0,0,0,0,37,43530,47.9,40884,24605,8915,20.48012865
511,2017,Solano County,94.24230769,5.757692308,3.583846154,1.889230769,0,0,39,434981,37.7,72950,31934,48623,11.17818939
512,2017,Sonoma County,99.755,0.245,0,0,0,0,10,500943,41.4,71769,37767,52707,10.52155634
513,2017,Stanislaus County,83.27557692,16.72442308,12.81192308,7.251153846,3.403076923,0,8,535684,33.9,54260,24007,91210,17.02682925
514,2017,Sutter County,96.15384615,3.846153846,3.846153846,0,0,0,52,95583,35.7,54347,24849,15805,16.53536717
515,2017,Tehama County,97.78346154,2.216538462,0.080384615,0,0,0,11,63247,41.1,42512,22631,13009,20.56856452
516,2017,Trinity County,99.99038462,0.009615385,0,0,0,0,30,13037,51.4,36563,23575,2545,19.52136228
517,2017,Tulare County,82.36326923,17.63673077,14.11423077,11.92846154,7.523076923,3.680769231,22,458809,30.6,44871,18962,122724,26.74838549
518,2017,Tuolumne County,86.2725,13.7275,9.554423077,5.625576923,3.415,0,54,53899,48.6,54325,31570,6875,12.75533869
519,2017,Ventura County,0,100,100,16.45038462,11.92653846,6.740769231,50,847834,37.5,81972,35771,85816,10.12179271
520,2017,Yolo County,95.35923077,4.640769231,3.796153846,0.793846154,0,0,23,212605,30.9,61621,30615,39686,18.66654124
521,2017,Yuba County,96.15384615,3.846153846,2.048076923,0,0,0,4,74644,32.4,51776,22814,13598,18.21713735
522,2018,Alameda County,31.10301887,68.89698113,8.47245283,0,0,0,48,1643700,37.4,92574,44283,170884,10.39630103
523,2018,Alpine County,50.26358491,49.73641509,5.855660377,0,0,0,32,1146,44.3,64688,29041,227,19.80802792
524,2018,Amador County,74.63886792,25.36113208,2.310943396,0,0,0,22,37829,50.5,61198,30100,3323,8.784266039
525,2018,Butte County,35.86433962,64.13566038,12.59679245,0,0,0,9,227075,37.1,48443,27537,44410,19.55741495
526,2018,Calaveras County,65.1745283,34.8254717,1.909433962,0,0,0,17,45235,52.1,58151,32494,5242,11.58837184
527,2018,Colusa County,12.47358491,87.52641509,39.38849057,0,0,0,42,21464,35.1,56704,27336,2929,13.64610511
528,2018,Contra Costa County,27.21056604,72.78943396,5.660377358,0,0,0,3,1133247,39.4,93712,45524,102543,9.048601055
529,2018,Del Norte County,48.94603774,51.05396226,38.16773585,11.47226415,0,0,57,27424,38.6,45258,22832,5458,19.90227538
530,2018,El Dorado County,68.77754717,31.22245283,2.536226415,0,0,0,26,186661,45.8,80582,40382,16537,8.859376088
531,2018,Fresno County,11.32867925,88.67132075,48.76377358,6.933962264,0,0,13,978130,32,51261,23284,232067,23.7255784
532,2018,Glenn County,12.61396226,87.38603774,38.37301887,0,0,0,8,27897,36.6,47395,21736,5152,18.46793562
533,2018,Humboldt County,48.97886792,51.02113208,20.72075472,0.232830189,0,0,31,135768,38,45528,26747,26957,19.85519415
534,2018,Imperial County,0,100,98.66188679,74.02792453,51.11622642,0,47,180216,32.4,45834,17590,41191,22.85646114
535,2018,Inyo County,6.368867925,93.63113208,9.341698113,0,0,0,4,18085,45.7,52874,31540,1792,9.908764169
536,2018,Kern County,1.644716981,98.35528302,79.1990566,9.525283019,0,0,14,883053,31.5,52479,22553,187232,21.20280436
537,2018,Kings County,0,100,90.56603774,11.32075472,0,0,10,150075,31.7,53865,21186,28084,18.71331001
538,2018,Lake County,21.54415094,78.45584906,46.39509434,0,0,0,7,64148,45.6,42475,25404,13224,20.61482821
539,2018,Lassen County,69.78396226,30.21603774,9.28754717,0,0,0,45,31185,36,56362,21897,2933,9.405162738
540,2018,Los Angeles County,0,100,98.05,74.10226415,0.520188679,0,54,10098052,36.2,64251,32469,1589956,15.74517541
541,2018,Madera County,12.82528302,87.17471698,23.90792453,6.266037736,0,0,33,155013,33.9,52884,21394,30549,19.70737938
542,2018,Marin County,46.0954717,53.9045283,9.900566038,0,0,0,38,260295,46.5,110217,69275,19341,7.43041549
543,2018,Mariposa County,25.83075472,74.16924528,15.10830189,0.020377358,0,0,1,17540,51.4,51199,29776,2435,13.88255416
544,2018,Mendocino County,41.86943396,58.13056604,21.51396226,0,0,0,53,87422,42.8,49233,27395,15877,18.16133239
545,2018,Merced County,5.805660377,94.19433962,18.09471698,0.018113208,0,0,0,269075,30.9,50129,21634,59660,22.17225681
546,2018,Modoc County,44.83528302,55.16471698,8.730754717,3.306792453,0,0,2,8938,47.7,45149,23235,1435,16.05504587
547,2018,Mono County,53.49811321,46.50188679,4.460566038,0,0,0,23,14174,38.3,63018,33421,1454,10.25821927
548,2018,Monterey County,16.48830189,83.51169811,17.53377358,0.37245283,0,0,27,433212,34.1,66676,28836,58699,13.549717
549,2018,Napa County,29.44339623,70.55660377,21.3209434,0,0,0,49,140530,41.1,84753,42677,11168,7.947057568
550,2018,Nevada County,54.06509434,45.93490566,4.142641509,0,0,0,52,99092,50.1,63240,37145,11169,11.2713438
551,2018,Orange County,0,100,99.91603774,77.06943396,0,0,15,3164182,37.8,85398,39590,359503,11.36164102
552,2018,Placer County,58.68,41.32,4.250754717,0,0,0,39,380077,41.9,84357,41508,30293,7.970227086
553,2018,Plumas County,68.26981132,31.73018868,11.32075472,0,0,0,11,18699,52.2,53270,32710,2146,11.47654955
554,2018,Riverside County,0,100,93.05471698,57.45849057,9.261320755,0,36,2383286,35.3,63948,27142,345724,14.50619019
555,2018,Sacramento County,69.94,30.06,6.083018868,0,0,0,25,1510023,36,63902,31311,235982,15.62770898
556,2018,San Benito County,2.098490566,97.90150943,12.32735849,0,0,0,24,59416,35.5,81977,31475,5459,9.187760872
557,2018,San Bernardino County,0,100,82.44792453,24.06396226,0.71245283,0,37,2135413,33.1,60164,23956,359080,16.81548253
558,2018,San Diego County,0,100,92.20754717,62.73698113,1.309811321,0,29,3302833,35.6,74855,36156,403190,12.20739892
559,2018,San Francisco County,43.43641509,56.56358491,5.700566038,0,0,0,28,870044,38.2,104552,64157,92979,10.6867009
560,2018,San Joaquin County,63.67981132,36.32018868,6.602830189,0,0,0,21,732212,34.1,61145,26145,114294,15.60941367
561,2018,San Luis Obispo County,0.474528302,99.5254717,82.24773585,35.29566038,0,0,12,281455,39.1,70699,35832,35303,12.5430353
562,2018,San Mateo County,42.96358491,57.03641509,10.16264151,0,0,0,19,765935,39.6,113776,57375,53387,6.970173709
563,2018,Santa Barbara County,0,100,99.96886792,84.71584906,3.09509434,0,6,443738,33.7,71657,34229,63010,14.19982061
564,2018,Santa Clara County,28.25811321,71.74188679,11.32075472,0,0,0,55,1922200,37,116178,52451,149850,7.795754864
565,2018,Santa Cruz County,40.13113208,59.86886792,11.32075472,0,0,0,34,273765,37.4,78041,39001,37429,13.67194492
566,2018,Shasta County,35.69754717,64.30245283,23.16320755,0,0,0,40,179085,41.8,50905,27983,30186,16.85568306
567,2018,Sierra County,65.63509434,34.36490566,10.80377358,0,0,0,50,2930,55.5,48125,31972,241,8.225255973
568,2018,Siskiyou County,18.47735849,81.52264151,36.53188679,18.20528302,2.664150943,0,56,43540,48,44200,28130,8374,19.2328893
569,2018,Solano County,19.04811321,80.95188679,8.024528302,0,0,0,41,438530,37.9,77609,33700,44427,10.13089184
570,2018,Sonoma County,46.5409434,53.4590566,11.09886792,0,0,0,46,501317,41.7,76753,39929,50714,10.11615405
571,2018,Stanislaus County,23.01471698,76.98528302,10.98037736,0,0,0,5,539301,34,57387,25101,86066,15.95880594
572,2018,Sutter County,36.31150943,63.68849057,11.90339623,0,0,0,18,95872,35.7,56955,26070,15181,15.83465454
573,2018,Tehama County,22.61471698,77.38528302,30.24264151,0,0,0,43,63373,40.9,42899,23126,13464,21.24564089
574,2018,Trinity County,30.01962264,69.98037736,37.26867925,3.149811321,0,0,35,12862,51.8,38497,25964,2491,19.36712797
575,2018,Tulare County,10.0654717,89.9345283,29.72886792,5.873207547,0,0,30,460477,30.8,47518,20421,115786,25.14479551
576,2018,Tuolumne County,39.85396226,60.14603774,8.411320755,0,0,0,20,53932,48.4,56493,33685,6715,12.45086405
577,2018,Ventura County,0,100,100,82.00396226,9.78,0,16,848112,37.9,84017,36891,80058,9.439555153
578,2018,Yolo County,19.07207547,80.92792453,30.08849057,0,0,0,51,214977,31,65923,32598,40583,18.87783344
579,2018,Yuba County,38.32754717,61.67245283,10.61113208,0,0,0,44,75493,32.5,52624,23867,13298,17.6148782
580,2019,Alameda County,82.24519231,17.75480769,3.821346154,0,0,0,48,1656754,37.6,99406,47314,161581,9.752866147
581,2019,Alameda County,82.24519231,17.75480769,3.821346154,0,0,0,48,1656754,37.6,99406,47314,161581,9.752866147
582,2019,Alpine County,86.25173077,13.74826923,0,0,0,0,17,1039,52.2,63750,36739,205,19.73051011
583,2019,Alpine County,86.25173077,13.74826923,0,0,0,0,17,1039,52.2,63750,36739,205,19.73051011
584,2019,Amador County,86.45769231,13.54230769,0,0,0,0,42,38429,50.5,62772,31987,3451,8.980197247
585,2019,Amador County,86.45769231,13.54230769,0,0,0,0,42,38429,50.5,62772,31987,3451,8.980197247
586,2019,Butte County,82.69230769,17.30769231,7.692307692,0,0,0,29,225817,37.1,52537,29506,41974,18.58761741
587,2019,Butte County,82.69230769,17.30769231,7.692307692,0,0,0,29,225817,37.1,52537,29506,41974,18.58761741
588,2019,Calaveras County,87.70173077,12.29826923,0,0,0,0,37,45514,52,63158,33456,5147,11.30860834
589,2019,Calaveras County,87.70173077,12.29826923,0,0,0,0,37,45514,52,63158,33456,5147,11.30860834
590,2019,Colusa County,83.99307692,16.00692308,2.866153846,0,0,0,27,21454,35.3,59401,26932,2774,12.92998975
591,2019,Colusa County,83.99307692,16.00692308,2.866153846,0,0,0,27,21454,35.3,59401,26932,2774,12.92998975
592,2019,Contra Costa County,84.53461538,15.46538462,0,0,0,0,3,1142251,39.7,99716,48178,98595,8.631640506
593,2019,Contra Costa County,84.53461538,15.46538462,0,0,0,0,3,1142251,39.7,99716,48178,98595,8.631640506
594,2019,Del Norte County,82.74461538,17.25538462,13.55326923,0.168461538,0,0,57,27495,39.5,45283,23674,4760,17.31223859
595,2019,Del Norte County,82.74461538,17.25538462,13.55326923,0.168461538,0,0,57,27495,39.5,45283,23674,4760,17.31223859
596,2019,El Dorado County,85.33134615,14.66865385,0,0,0,0,11,188563,45.9,83377,42749,15643,8.295901105
597,2019,El Dorado County,85.33134615,14.66865385,0,0,0,0,11,188563,45.9,83377,42749,15643,8.295901105
598,2019,Fresno County,80.82769231,19.17230769,3.63,0,0,0,33,984521,32.2,53969,24422,218254,22.16854694
599,2019,Fresno County,80.82769231,19.17230769,3.63,0,0,0,33,984521,32.2,53969,24422,218254,22.16854694
600,2019,Glenn County,83.24153846,16.75846154,4.726153846,0,0,0,28,27976,36.4,49633,22668,4818,17.22190449
601,2019,Glenn County,83.24153846,16.75846154,4.726153846,0,0,0,28,27976,36.4,49633,22668,4818,17.22190449
602,2019,Humboldt County,81.54115385,18.45884615,9.706346154,0.001538462,0,0,16,135940,38.4,48041,28769,26674,19.62189201
603,2019,Humboldt County,81.54115385,18.45884615,9.706346154,0.001538462,0,0,16,135940,38.4,48041,28769,26674,19.62189201
604,2019,Imperial County,43.45096154,56.54903846,16.01865385,2.043076923,0,0,47,180701,32.4,47622,18018,41100,22.74475515
605,2019,Imperial County,43.45096154,56.54903846,16.01865385,2.043076923,0,0,47,180701,32.4,47622,18018,41100,22.74475515
606,2019,Inyo County,74.60365385,25.39634615,5.853269231,0,0,0,4,17977,45.8,57316,32590,1635,9.094954664
607,2019,Inyo County,74.60365385,25.39634615,5.853269231,0,0,0,4,17977,45.8,57316,32590,1635,9.094954664
608,2019,Kern County,78.57346154,21.42653846,6.523269231,0,0,0,34,887641,31.6,53350,23326,179980,20.27621527
609,2019,Kern County,78.57346154,21.42653846,6.523269231,0,0,0,34,887641,31.6,53350,23326,179980,20.27621527
610,2019,Kings County,78.23134615,21.76865385,7.692307692,0,0,0,30,150691,31.8,57848,22373,24725,16.40774831
611,2019,Kings County,78.23134615,21.76865385,7.692307692,0,0,0,30,150691,31.8,57848,22373,24725,16.40774831
612,2019,Lake County,80.72730769,19.27269231,7.692307692,0,0,0,43,64195,45.6,47040,27362,11753,18.30827946
613,2019,Lake County,80.72730769,19.27269231,7.692307692,0,0,0,43,64195,45.6,47040,27362,11753,18.30827946
614,2019,Lassen County,88.02115385,11.97884615,6.310769231,0,0,0,45,30818,36.6,56352,22134,2830,9.182945032
615,2019,Lassen County,88.02115385,11.97884615,6.310769231,0,0,0,45,30818,36.6,56352,22134,2830,9.182945032
616,2019,Los Angeles County,78.71653846,21.28346154,9.614038462,2.853269231,0.136538462,0,54,10081570,36.5,68044,34156,1480446,14.68467709
617,2019,Los Angeles County,78.71653846,21.28346154,9.614038462,2.853269231,0.136538462,0,54,10081570,36.5,68044,34156,1480446,14.68467709
618,2019,Madera County,83.66211538,16.33788462,0.951538462,0,0,0,18,155433,34.1,57585,22853,29273,18.83319501
619,2019,Madera County,83.66211538,16.33788462,0.951538462,0,0,0,18,155433,34.1,57585,22853,29273,18.83319501
620,2019,Marin County,81.81307692,18.18692308,5.762307692,0,0,0,23,259943,46.8,115246,72466,18349,7.058855211
621,2019,Marin County,81.81307692,18.18692308,5.762307692,0,0,0,23,259943,46.8,115246,72466,18349,7.058855211
622,2019,Mariposa County,88.74480769,11.25519231,0,0,0,0,1,17420,51.7,48820,28757,2616,15.01722158
623,2019,Mariposa County,88.74480769,11.25519231,0,0,0,0,1,17420,51.7,48820,28757,2616,15.01722158
624,2019,Mendocino County,79.70173077,20.29826923,7.692307692,0,0,0,53,87224,43.1,51416,29035,15251,17.48486655
625,2019,Mendocino County,79.70173077,20.29826923,7.692307692,0,0,0,53,87224,43.1,51416,29035,15251,17.48486655
626,2019,Merced County,80.65980769,19.34019231,5.353846154,0,0,0,0,271382,31.1,53672,23011,56217,20.71508059
627,2019,Merced County,80.65980769,19.34019231,5.353846154,0,0,0,0,271382,31.1,53672,23011,56217,20.71508059
628,2019,Modoc County,78.62307692,21.37692308,3.572307692,0.837692308,0,0,2,8907,47.8,45507,22843,1618,18.16548782
629,2019,Modoc County,78.62307692,21.37692308,3.572307692,0.837692308,0,0,2,8907,47.8,45507,22843,1618,18.16548782
630,2019,Mono County,83.44365385,16.55634615,0,0,0,0,8,14310,37.7,62260,34552,1713,11.9706499
631,2019,Mono County,83.44365385,16.55634615,0,0,0,0,8,14310,37.7,62260,34552,1713,11.9706499
632,2019,Monterey County,78.84615385,21.15384615,7.694807692,0,0,0,12,433410,34.4,71015,30073,54393,12.55001038
633,2019,Monterey County,78.84615385,21.15384615,7.694807692,0,0,0,12,433410,34.4,71015,30073,54393,12.55001038
634,2019,Napa County,83.50346154,16.49653846,4.203076923,0,0,0,49,139623,41.3,88596,45195,10614,7.601899401
635,2019,Napa County,83.50346154,16.49653846,4.203076923,0,0,0,49,139623,41.3,88596,45195,10614,7.601899401
636,2019,Nevada County,84.46384615,15.53615385,0.376153846,0,0,0,52,99244,50.5,66096,39233,10844,10.92660513
637,2019,Nevada County,84.46384615,15.53615385,0.376153846,0,0,0,52,99244,50.5,66096,39233,10844,10.92660513
638,2019,Orange County,37.24307692,62.75692308,10.46884615,3.846153846,0,0,35,3168044,38.1,90234,41514,340048,10.7336893
639,2019,Orange County,37.24307692,62.75692308,10.46884615,3.846153846,0,0,35,3168044,38.1,90234,41514,340048,10.7336893
640,2019,Placer County,84.0025,15.9975,0.481538462,0,0,0,24,385512,42,89691,43759,29588,7.674988068
641,2019,Placer County,84.0025,15.9975,0.481538462,0,0,0,24,385512,42,89691,43759,29588,7.674988068
642,2019,Plumas County,87.85884615,12.14115385,7.692307692,0,0,0,31,18660,52.3,55359,35198,2224,11.91854234
643,2019,Plumas County,87.85884615,12.14115385,7.692307692,0,0,0,31,18660,52.3,55359,35198,2224,11.91854234
644,2019,Riverside County,58.38788462,41.61211538,13.63326923,0.923846154,0,0,21,2411439,35.6,67005,28596,325279,13.48899972
645,2019,Riverside County,58.38788462,41.61211538,13.63326923,0.923846154,0,0,21,2411439,35.6,67005,28596,325279,13.48899972
646,2019,Sacramento County,84.265,15.735,1.377692308,0,0,0,10,1524553,36.2,67151,32751,220713,14.4772271
647,2019,Sacramento County,84.265,15.735,1.377692308,0,0,0,10,1524553,36.2,67151,32751,220713,14.4772271
648,2019,San Benito County,78.85461538,21.14538462,7.692307692,0,0,0,9,60376,35.7,86958,33174,5061,8.382469856
649,2019,San Benito County,78.85461538,21.14538462,7.692307692,0,0,0,9,60376,35.7,86958,33174,5061,8.382469856
650,2019,San Bernardino County,73.81769231,26.18230769,9.055769231,0.618653846,0,0,22,2149031,33.3,63362,25215,333613,15.5238803
651,2019,San Bernardino County,73.81769231,26.18230769,9.055769231,0.618653846,0,0,22,2149031,33.3,63362,25215,333613,15.5238803
652,2019,San Diego County,21.76673077,78.23326923,13.56115385,1.287307692,0,0,14,3316073,35.8,78980,38073,374787,11.30213358
653,2019,San Diego County,21.76673077,78.23326923,13.56115385,1.287307692,0,0,14,3316073,35.8,78980,38073,374787,11.30213358
654,2019,San Francisco County,84.58807692,15.41192308,0.054615385,0,0,0,13,874961,38.2,112449,68883,89030,10.17531067
655,2019,San Francisco County,84.58807692,15.41192308,0.054615385,0,0,0,13,874961,38.2,112449,68883,89030,10.17531067
656,2019,San Joaquin County,84.25538462,15.74461538,1.432307692,0,0,0,41,742603,34.3,64432,27521,105461,14.20153164
657,2019,San Joaquin County,84.25538462,15.74461538,1.432307692,0,0,0,41,742603,34.3,64432,27521,105461,14.20153164
658,2019,San Luis Obispo County,78.84615385,21.15384615,9.605,1.293846154,0,0,32,282165,39.2,73518,37233,33261,11.78778374
659,2019,San Luis Obispo County,78.84615385,21.15384615,9.605,1.293846154,0,0,32,282165,39.2,73518,37233,33261,11.78778374
660,2019,San Mateo County,81.44307692,18.55692308,6.118461538,0,0,0,39,767423,39.7,122641,61545,51085,6.656693896
661,2019,San Mateo County,81.44307692,18.55692308,6.118461538,0,0,0,39,767423,39.7,122641,61545,51085,6.656693896
662,2019,Santa Barbara County,78.84692308,21.15307692,9.615384615,3.5875,0.529038462,0,6,444829,33.8,74624,36039,57556,12.93890461
663,2019,Santa Barbara County,78.84692308,21.15307692,9.615384615,3.5875,0.529038462,0,6,444829,33.8,74624,36039,57556,12.93890461
664,2019,Santa Clara County,82.16173077,17.83826923,7.692307692,0,0,0,55,1927470,37.1,124055,56248,142534,7.394875147
665,2019,Santa Clara County,82.16173077,17.83826923,7.692307692,0,0,0,55,1927470,37.1,124055,56248,142534,7.394875147
666,2019,Santa Cruz County,80.70307692,19.29692308,7.692307692,0,0,0,19,273962,37.8,82234,41312,34419,12.5634212
667,2019,Santa Cruz County,80.70307692,19.29692308,7.692307692,0,0,0,19,273962,37.8,82234,41312,34419,12.5634212
668,2019,Shasta County,83.75634615,16.24365385,7.623461538,0,0,0,25,179212,41.5,54667,29720,29423,16.4179854
669,2019,Shasta County,83.75634615,16.24365385,7.623461538,0,0,0,25,179212,41.5,54667,29720,29423,16.4179854
670,2019,Sierra County,84.36980769,15.63019231,7.165384615,0,0,0,50,3040,54.8,52148,33747,291,9.572368421
671,2019,Sierra County,84.36980769,15.63019231,7.165384615,0,0,0,50,3040,54.8,52148,33747,291,9.572368421
672,2019,Siskiyou County,75.63634615,24.36365385,15.21076923,8.438461538,1.357692308,0,56,43468,47.8,45241,28615,8102,18.6389988
673,2019,Siskiyou County,75.63634615,24.36365385,15.21076923,8.438461538,1.357692308,0,56,43468,47.8,45241,28615,8102,18.6389988
674,2019,Solano County,84.61538462,15.38461538,0,0,0,0,26,441829,38.1,81472,35400,41121,9.306994335
675,2019,Solano County,84.61538462,15.38461538,0,0,0,0,26,441829,38.1,81472,35400,41121,9.306994335
676,2019,Sonoma County,81.02038462,18.97961538,7.390769231,0,0,0,46,499772,42.1,81018,42178,45418,9.087744011
677,2019,Sonoma County,81.02038462,18.97961538,7.390769231,0,0,0,46,499772,42.1,81018,42178,45418,9.087744011
678,2019,Stanislaus County,83.28730769,16.71269231,5.278461538,0,0,0,5,543194,34.1,60704,26258,81415,14.98819943
679,2019,Stanislaus County,83.28730769,16.71269231,5.278461538,0,0,0,5,543194,34.1,60704,26258,81415,14.98819943
680,2019,Sutter County,82.69230769,17.30769231,7.692307692,0,0,0,38,96109,35.7,59050,27371,14687,15.28160734
681,2019,Sutter County,82.69230769,17.30769231,7.692307692,0,0,0,38,96109,35.7,59050,27371,14687,15.28160734
682,2019,Tehama County,82.79961538,17.20038462,6.840769231,0,0,0,7,63912,41,44514,24301,13930,21.79559394
683,2019,Tehama County,82.79961538,17.20038462,6.840769231,0,0,0,7,63912,41,44514,24301,13930,21.79559394
684,2019,Trinity County,81.24230769,18.75769231,9.249230769,1.598461538,0,0,20,12700,52.5,40846,26523,2372,18.67716535
685,2019,Trinity County,81.24230769,18.75769231,9.249230769,1.598461538,0,0,20,12700,52.5,40846,26523,2372,18.67716535
686,2019,Tulare County,83.44269231,16.55730769,1.346923077,0,0,0,15,461898,31,49687,21380,108512,23.49263257
687,2019,Tulare County,83.44269231,16.55730769,1.346923077,0,0,0,15,461898,31,49687,21380,108512,23.49263257
688,2019,Tuolumne County,87.64038462,12.35961538,0,0,0,0,40,54045,48.4,60108,34702,6443,11.92154686
689,2019,Tuolumne County,87.64038462,12.35961538,0,0,0,0,40,54045,48.4,60108,34702,6443,11.92154686
690,2019,Ventura County,78.84615385,21.15384615,9.615384615,4.724807692,2.567115385,0,36,847263,38.1,88131,38595,74645,8.810133335
691,2019,Ventura County,78.84615385,21.15384615,9.615384615,4.724807692,2.567115385,0,36,847263,38.1,88131,38595,74645,8.810133335
692,2019,Yolo County,84.07576923,15.92423077,2.451538462,0,0,0,51,217352,31,70228,34515,39919,18.36606058
693,2019,Yolo County,84.07576923,15.92423077,2.451538462,0,0,0,51,217352,31,70228,34515,39919,18.36606058
694,2019,Yuba County,82.86576923,17.13423077,6.968461538,0,0,0,44,76360,32.8,58054,25583,11572,15.15453117
695,2019,Yuba County,82.86576923,17.13423077,6.968461538,0,0,0,44,76360,32.8,58054,25583,11572,15.15453117
