,Name,Household Income,Population,Median Age,Per Capita Income,Poverty Count,State,county,County,Poverty Rate,Year,Unemployment Count
0,"Merced County, California",43844.0,250699.0,29.3,18041.0,53738.0,06,047,Merced County,21.435266993486213,2010,
1,"Modoc County, California",34588.0,9605.0,45.4,20536.0,1709.0,06,049,Modoc County,17.792816241540866,2010,
2,"Mono County, California",55087.0,13905.0,36.5,27321.0,1664.0,06,051,Mono County,11.966918374685365,2010,
3,"Monterey County, California",59271.0,407435.0,32.8,25776.0,54276.0,06,053,Monterey County,13.321388687766147,2010,
4,"Napa County, California",67389.0,134051.0,39.4,34310.0,12948.0,06,055,Napa County,9.659010376647693,2010,
5,"Nevada County, California",57121.0,98186.0,46.8,30727.0,8740.0,06,057,Nevada County,8.901472715051026,2010,
6,"Orange County, California",74344.0,2965525.0,35.7,34017.0,296846.0,06,059,Orange County,10.009897067129765,2010,
7,"Placer County, California",74447.0,336477.0,39.8,35680.0,22090.0,06,061,Placer County,6.565084686323285,2010,
8,"Plumas County, California",44000.0,20392.0,48.5,28732.0,2437.0,06,063,Plumas County,11.95076500588466,2010,
9,"Riverside County, California",57768.0,2109464.0,33.4,24431.0,278358.0,06,065,Riverside County,13.195674351399218,2010,
10,"Sacramento County, California",56439.0,1395144.0,34.6,26953.0,190768.0,06,067,Sacramento County,13.67371396787715,2010,
11,"San Benito County, California",65771.0,54492.0,33.7,25508.0,6323.0,06,069,San Benito County,11.603538134038024,2010,
12,"San Bernardino County, California",55845.0,2005287.0,31.2,21867.0,291020.0,06,071,San Bernardino County,14.51263584713809,2010,
13,"San Diego County, California",63069.0,3022468.0,34.5,30715.0,361248.0,06,073,San Diego County,11.95208683764394,2010,
14,"San Francisco County, California",71304.0,789172.0,38.3,45478.0,92600.0,06,075,San Francisco County,11.733817216018815,2010,
15,"San Joaquin County, California",54341.0,673613.0,32.3,22851.0,105502.0,06,077,San Joaquin County,15.662108658829327,2010,
16,"San Luis Obispo County, California",57365.0,265577.0,39.0,29790.0,32183.0,06,079,San Luis Obispo County,12.11814276085655,2010,
17,"San Mateo County, California",85648.0,704327.0,39.0,43958.0,48744.0,06,081,San Mateo County,6.920649073512729,2010,
18,"Santa Barbara County, California",60078.0,416051.0,33.6,29731.0,57463.0,06,083,Santa Barbara County,13.811527913645202,2010,
19,"Santa Clara County, California",86850.0,1739396.0,35.8,39804.0,152066.0,06,085,Santa Clara County,8.742460026353976,2010,
20,"Santa Cruz County, California",65253.0,256901.0,36.6,32862.0,31445.0,06,087,Santa Cruz County,12.24012362738954,2010,
21,"Shasta County, California",43944.0,176906.0,41.3,23772.0,28772.0,06,089,Shasta County,16.264004612619132,2010,
22,"Sierra County, California",52950.0,3366.0,50.8,27389.0,365.0,06,091,Sierra County,10.843731431966726,2010,
23,"Siskiyou County, California",36981.0,44690.0,46.5,22179.0,7487.0,06,093,Siskiyou County,16.75318863280376,2010,
24,"Solano County, California",68409.0,410042.0,36.5,28649.0,41158.0,06,095,Solano County,10.037508352802883,2010,
25,"Sonoma County, California",63274.0,474047.0,39.5,32597.0,48005.0,06,097,Sonoma County,10.126633013182238,2010,
26,"Stanislaus County, California",51094.0,509682.0,32.5,22064.0,82480.0,06,099,Stanislaus County,16.182639371215778,2010,
27,"Sutter County, California",50944.0,93420.0,34.2,22344.0,13194.0,06,101,Sutter County,14.123314065510597,2010,
28,"Tehama County, California",38137.0,62575.0,39.2,20198.0,12397.0,06,103,Tehama County,19.811426288453855,2010,
29,"Trinity County, California",38725.0,13701.0,48.5,22073.0,1993.0,06,105,Trinity County,14.546383475658711,2010,
30,"Tulare County, California",43851.0,429404.0,29.4,17966.0,97012.0,06,107,Tulare County,22.59224413372954,2010,
31,"Tuolumne County, California",47462.0,56074.0,46.6,25483.0,5925.0,06,109,Tuolumne County,10.566394407390234,2010,
32,"Ventura County, California",75348.0,809080.0,36.0,32348.0,73842.0,06,111,Ventura County,9.126662381964701,2010,
33,"Yolo County, California",57077.0,196418.0,30.1,27420.0,31895.0,06,113,Yolo County,16.238328462768177,2010,
34,"Yuba County, California",46807.0,71160.0,31.5,19937.0,13760.0,06,115,Yuba County,19.33670601461495,2010,
35,"Alameda County, California",69384.0,1477980.0,36.2,33961.0,165417.0,06,001,Alameda County,11.192100028417164,2010,
36,"Alpine County, California",63478.0,1176.0,40.9,32159.0,145.0,06,003,Alpine County,12.329931972789115,2010,
37,"Amador County, California",54758.0,38327.0,47.2,26329.0,2720.0,06,005,Amador County,7.0968246927753285,2010,
38,"Butte County, California",43170.0,218635.0,37.2,23404.0,39290.0,06,007,Butte County,17.970590253161664,2010,
39,"Calaveras County, California",54971.0,45994.0,48.5,28408.0,3773.0,06,009,Calaveras County,8.20324390137844,2010,
40,"Colusa County, California",48016.0,21165.0,34.0,21317.0,3107.0,06,011,Colusa County,14.679896054807465,2010,
41,"Contra Costa County, California",78385.0,1024809.0,38.1,37818.0,91142.0,06,013,Contra Costa County,8.893559677949744,2010,
42,"Del Norte County, California",36118.0,28471.0,37.9,18974.0,5526.0,06,015,Del Norte County,19.409223420322434,2010,
43,"El Dorado County, California",70000.0,179053.0,42.6,34393.0,14003.0,06,017,El Dorado County,7.820589434413274,2010,
44,"Fresno County, California",46430.0,908830.0,30.4,20329.0,200288.0,06,019,Fresno County,22.038004907408425,2010,
45,"Glenn County, California",43074.0,27935.0,35.1,19987.0,4875.0,06,021,Glenn County,17.451226060497582,2010,
46,"Humboldt County, California",40089.0,133058.0,37.1,24025.0,22973.0,06,023,Humboldt County,17.265403057313353,2010,
47,"Imperial County, California",38685.0,168052.0,31.6,16395.0,33784.0,06,025,Imperial County,20.103301359103135,2010,
48,"Inyo County, California",44808.0,18434.0,45.0,26762.0,2178.0,06,027,Inyo County,11.8151242269719,2010,
49,"Kern County, California",47089.0,815693.0,30.6,20100.0,159967.0,06,029,Kern County,19.61117724437993,2010,
50,"Kings County, California",48684.0,151122.0,30.8,17875.0,25713.0,06,031,Kings County,17.014729820939372,2010,
51,"Lake County, California",39491.0,64371.0,44.1,21531.0,12087.0,06,033,Lake County,18.77708906184462,2010,
52,"Lassen County, California",50317.0,35081.0,37.2,19756.0,3438.0,06,035,Lassen County,9.80017673384453,2010,
53,"Los Angeles County, California",55476.0,9758256.0,34.3,27344.0,1508618.0,06,037,Los Angeles County,15.459914148593764,2010,
54,"Madera County, California",46039.0,147738.0,33.2,18724.0,26656.0,06,039,Madera County,18.04275135713222,2010,
55,"Marin County, California",89268.0,248601.0,44.0,53940.0,16796.0,06,041,Marin County,6.756207738504672,2010,
56,"Mariposa County, California",49098.0,18290.0,47.9,27064.0,2286.0,06,043,Mariposa County,12.498633132859487,2010,
57,"Mendocino County, California",43759.0,87487.0,41.2,23357.0,14710.0,06,045,Mendocino County,16.81392664052945,2010,
0,"Merced County, California",43945.0,253606.0,29.5,18304.0,57461.0,06,047,Merced County,22.65758696560807,2011,16875.0
1,"Mariposa County, California",49174.0,18290.0,48.4,27209.0,2611.0,06,043,Mariposa County,14.275560415527611,2011,1152.0
2,"Yuba County, California",46617.0,71817.0,31.7,20046.0,14222.0,06,115,Yuba County,19.803110684099863,2011,5218.0
3,"Contra Costa County, California",79135.0,1037817.0,38.3,38141.0,101562.0,06,013,Contra Costa County,9.786118361907736,2011,50498.0
4,"Lassen County, California",52484.0,35001.0,37.0,19339.0,3562.0,06,035,Lassen County,10.176852089940287,2011,1157.0
5,"Stanislaus County, California",50671.0,512469.0,32.6,21820.0,91291.0,06,099,Stanislaus County,17.813955575849466,2011,34207.0
6,"Sonoma County, California",64343.0,478551.0,39.7,33119.0,50592.0,06,097,Sonoma County,10.571913965282697,2011,22146.0
7,"Tehama County, California",38753.0,62985.0,39.4,20689.0,12796.0,06,103,Tehama County,20.315948241644836,2011,3601.0
8,"Mono County, California",60469.0,14016.0,36.5,28789.0,1554.0,06,051,Mono County,11.087328767123287,2011,650.0
9,"San Benito County, California",65570.0,54873.0,33.9,26300.0,6179.0,06,069,San Benito County,11.260547081442605,2011,3081.0
10,"Sacramento County, California",56553.0,1408480.0,34.7,27180.0,205715.0,06,067,Sacramento County,14.605461206406908,2011,82587.0
11,"El Dorado County, California",68815.0,179878.0,43.1,34385.0,15010.0,06,017,El Dorado County,8.344544635808715,2011,8986.0
12,"Monterey County, California",59737.0,411385.0,32.8,25508.0,59315.0,06,053,Monterey County,14.418367222917706,2011,21210.0
13,"Sierra County, California",50308.0,3277.0,51.5,26137.0,540.0,06,091,Sierra County,16.47848642050656,2011,165.0
14,"Lake County, California",39525.0,64392.0,44.3,22238.0,13543.0,06,033,Lake County,21.032115790781464,2011,3792.0
15,"Modoc County, California",35402.0,9587.0,46.5,20769.0,1816.0,06,049,Modoc County,18.942317721915092,2011,369.0
16,"Inyo County, California",49571.0,18457.0,45.1,27532.0,2127.0,06,027,Inyo County,11.524083003738419,2011,664.0
17,"Santa Barbara County, California",61896.0,419793.0,33.4,30330.0,57170.0,06,083,Santa Barbara County,13.61861679446775,2011,17659.0
18,"Imperial County, California",39402.0,171343.0,31.8,16593.0,37463.0,06,025,Imperial County,21.864330611697007,2011,11406.0
19,"Alameda County, California",70821.0,1494876.0,36.4,34937.0,173156.0,06,001,Alameda County,11.583301892598449,2011,72802.0
20,"Napa County, California",68641.0,135377.0,39.5,35309.0,12906.0,06,055,Napa County,9.533377161556247,2011,5636.0
21,"San Francisco County, California",72947.0,797983.0,38.4,46777.0,96801.0,06,075,San Francisco County,12.13070955145661,2011,36368.0
22,"Colusa County, California",49558.0,21297.0,33.5,21271.0,3029.0,06,011,Colusa County,14.222660468610602,2011,1414.0
23,"Kings County, California",48838.0,152335.0,31.0,18296.0,26042.0,06,031,Kings County,17.09521777661076,2011,7973.0
24,"Fresno County, California",46903.0,920623.0,30.6,20638.0,211140.0,06,019,Fresno County,22.93446937562933,2011,53357.0
25,"Orange County, California",75762.0,2989948.0,36.0,34416.0,320473.0,06,059,Orange County,10.718346941150816,2011,130490.0
26,"Sutter County, California",50010.0,94192.0,34.4,22464.0,14125.0,06,101,Sutter County,14.995965687107185,2011,6307.0
27,"San Joaquin County, California",53764.0,680277.0,32.5,22857.0,110748.0,06,077,San Joaquin County,16.279838947957963,2011,45417.0
28,"San Diego County, California",63857.0,3060849.0,34.6,30955.0,387565.0,06,073,San Diego County,12.66200978878736,2011,135379.0
29,"Tulare County, California",43550.0,436234.0,29.5,17986.0,102165.0,06,107,Tulare County,23.419770123374153,2011,26039.0
30,"Yolo County, California",57920.0,198889.0,30.1,28631.0,35674.0,06,113,Yolo County,17.936638024224568,2011,9918.0
31,"Humboldt County, California",40376.0,133585.0,37.3,24209.0,23833.0,06,023,Humboldt County,17.841074970992253,2011,6413.0
32,"Nevada County, California",58077.0,98392.0,47.3,31607.0,10072.0,06,057,Nevada County,10.236604602000163,2011,4497.0
33,"Alpine County, California",59018.0,1167.0,40.4,29576.0,170.0,06,003,Alpine County,14.567266495287061,2011,52.0
34,"Madera County, California",47724.0,149611.0,33.2,18817.0,27777.0,06,039,Madera County,18.566148211027265,2011,6736.0
35,"Mendocino County, California",44527.0,87525.0,41.4,23585.0,15298.0,06,045,Mendocino County,17.478434732933447,2011,4791.0
36,"Santa Cruz County, California",66030.0,259402.0,36.7,32975.0,34382.0,06,087,Santa Cruz County,13.2543311154116,2011,11698.0
37,"Trinity County, California",37672.0,13711.0,49.3,22551.0,2366.0,06,105,Trinity County,17.256217635475167,2011,835.0
38,"Los Angeles County, California",56266.0,9787747.0,34.6,27954.0,1566066.0,06,037,Los Angeles County,16.00027054234238,2011,489810.0
39,"Riverside County, California",58365.0,2154844.0,33.5,24516.0,301763.0,06,065,Riverside County,14.003937175962623,2011,128528.0
40,"San Bernardino County, California",55853.0,2023452.0,31.4,21932.0,317059.0,06,071,San Bernardino County,15.669212810583103,2011,120253.0
41,"Santa Clara County, California",89064.0,1762754.0,36.0,40698.0,160396.0,06,085,Santa Clara County,9.099170956355794,2011,80286.0
42,"Marin County, California",89605.0,250666.0,44.3,54605.0,17502.0,06,041,Marin County,6.98219942074314,2011,8459.0
43,"Placer County, California",74645.0,343554.0,40.0,35583.0,24576.0,06,061,Placer County,7.153460591348085,2011,14002.0
44,"Siskiyou County, California",37865.0,44687.0,46.9,22335.0,8085.0,06,093,Siskiyou County,18.092510125987424,2011,2626.0
45,"Shasta County, California",44058.0,177231.0,41.6,23691.0,30023.0,06,089,Shasta County,16.940038706546822,2011,9839.0
46,"Solano County, California",69914.0,411620.0,36.7,29367.0,42525.0,06,095,Solano County,10.331130654487149,2011,20179.0
47,"Del Norte County, California",37588.0,28561.0,38.9,19247.0,5313.0,06,015,Del Norte County,18.602289835790064,2011,1054.0
48,"Glenn County, California",43239.0,28027.0,35.3,21254.0,5166.0,06,021,Glenn County,18.432226067720414,2011,1238.0
49,"Butte County, California",42971.0,219309.0,37.2,23431.0,42283.0,06,007,Butte County,19.280102503773215,2011,13399.0
50,"Plumas County, California",44151.0,20192.0,49.0,28104.0,2680.0,06,063,Plumas County,13.272583201267828,2011,1319.0
51,"San Luis Obispo County, California",58630.0,267871.0,39.1,30204.0,33330.0,06,079,San Luis Obispo County,12.44255630508715,2011,10733.0
52,"Kern County, California",48021.0,829254.0,30.6,20167.0,169635.0,06,029,Kern County,20.456337865117323,2011,44613.0
53,"Ventura County, California",76728.0,815745.0,36.2,32740.0,79964.0,06,111,Ventura County,9.802573108017825,2011,34914.0
54,"Calaveras County, California",55256.0,45794.0,49.0,28667.0,3751.0,06,009,Calaveras County,8.191029392496834,2011,1857.0
55,"San Mateo County, California",87633.0,711622.0,39.2,45346.0,48891.0,06,081,San Mateo County,6.870360950054945,2011,28750.0
56,"Tuolumne County, California",47359.0,55736.0,47.2,26084.0,6850.0,06,109,Tuolumne County,12.29008181426726,2011,3086.0
57,"Amador County, California",56180.0,38244.0,48.0,28030.0,3372.0,06,005,Amador County,8.817069344210857,2011,2381.0
0,"Merced County, California",43565.0,256398.0,29.7,18343.0,61914.0,06,047,Merced County,24.147614255961436,2012,18179.0
1,"Mariposa County, California",52584.0,18193.0,49.4,27670.0,2647.0,06,043,Mariposa County,14.549552025504315,2012,1279.0
2,"Yuba County, California",46641.0,72244.0,31.9,20016.0,14541.0,06,115,Yuba County,20.127623055201816,2012,5553.0
3,"Contra Costa County, California",78187.0,1052047.0,38.5,38106.0,106304.0,06,013,Contra Costa County,10.104491529370836,2012,54436.0
4,"Lassen County, California",51921.0,34628.0,37.4,19924.0,3724.0,06,035,Lassen County,10.754302876285088,2012,1299.0
5,"Stanislaus County, California",49866.0,515115.0,32.8,21785.0,97847.0,06,099,Stanislaus County,18.99517583452239,2012,37836.0
6,"Sonoma County, California",63565.0,483456.0,39.8,32898.0,54966.0,06,097,Sonoma County,11.369390389197775,2012,24660.0
7,"Tehama County, California",40307.0,63200.0,39.6,20259.0,12646.0,06,103,Tehama County,20.009493670886076,2012,4055.0
8,"Mono County, California",61868.0,14181.0,37.1,27135.0,1333.0,06,051,Mono County,9.399901276355687,2012,940.0
9,"San Benito County, California",63939.0,55467.0,34.1,25791.0,7000.0,06,069,San Benito County,12.62011646564624,2012,3707.0
10,"Sacramento County, California",55846.0,1422348.0,34.9,26856.0,230523.0,06,067,Sacramento County,16.20721511191354,2012,92296.0
11,"El Dorado County, California",70117.0,180441.0,43.5,34571.0,14439.0,06,017,El Dorado County,8.00206161570818,2012,10131.0
12,"Monterey County, California",60143.0,416199.0,32.9,24995.0,64123.0,06,053,Monterey County,15.4068126064695,2012,21905.0
13,"Sierra County, California",42500.0,3163.0,51.6,24121.0,527.0,06,091,Sierra County,16.6613974075245,2012,126.0
14,"Butte County, California",43339.0,220101.0,37.3,23556.0,44156.0,06,007,Butte County,20.061698947301466,2012,14647.0
15,"Plumas County, California",45358.0,19926.0,49.4,28329.0,2720.0,06,063,Plumas County,13.650506875439124,2012,1605.0
16,"San Luis Obispo County, California",59628.0,270121.0,39.3,30218.0,34755.0,06,079,San Luis Obispo County,12.86645614372818,2012,11642.0
17,"Kern County, California",47727.0,839153.0,30.7,20216.0,180779.0,06,029,Kern County,21.543032081158024,2012,47548.0
18,"Ventura County, California",76483.0,822794.0,36.4,32826.0,83936.0,06,111,Ventura County,10.201338366589937,2012,39640.0
19,"Calaveras County, California",54686.0,45507.0,49.5,28892.0,4643.0,06,009,Calaveras County,10.202825938866548,2012,2403.0
20,"San Mateo County, California",87751.0,721183.0,39.3,45458.0,52888.0,06,081,San Mateo County,7.333506197456124,2012,30935.0
21,"Tuolumne County, California",48169.0,55205.0,48.0,26043.0,6718.0,06,109,Tuolumne County,12.16918757358935,2012,3856.0
22,"Amador County, California",53462.0,37764.0,48.4,26969.0,3502.0,06,005,Amador County,9.273382056985488,2012,2615.0
23,"Orange County, California",75566.0,3021840.0,36.2,34233.0,349220.0,06,059,Orange County,11.556535091202711,2012,143451.0
24,"Sutter County, California",50510.0,94615.0,34.5,22816.0,15868.0,06,101,Sutter County,16.77112508587433,2012,6564.0
25,"San Joaquin County, California",53895.0,687036.0,32.6,22696.0,117938.0,06,077,San Joaquin County,17.166203808825156,2012,50234.0
26,"San Diego County, California",63373.0,3100500.0,34.7,30683.0,418555.0,06,073,San Diego County,13.49959683921948,2012,147839.0
27,"Tulare County, California",43803.0,441877.0,29.7,18021.0,108096.0,06,107,Tulare County,24.462916150874566,2012,27688.0
28,"Yolo County, California",57260.0,200873.0,30.5,28137.0,36007.0,06,113,Yolo County,17.925256256440637,2012,10200.0
29,"Humboldt County, California",40830.0,134317.0,37.5,23884.0,25729.0,06,023,Humboldt County,19.15543080920509,2012,6868.0
30,"Nevada County, California",57382.0,98521.0,48.0,31899.0,11320.0,06,057,Nevada County,11.489936155743445,2012,4981.0
31,"Alpine County, California",59931.0,1197.0,43.2,27135.0,159.0,06,003,Alpine County,13.283208020050125,2012,62.0
32,"Madera County, California",47937.0,150615.0,33.2,18474.0,29900.0,06,039,Madera County,19.851940377784416,2012,6837.0
33,"Mendocino County, California",43721.0,87577.0,41.7,23179.0,16689.0,06,045,Mendocino County,19.056373248684014,2012,4909.0
34,"Santa Cruz County, California",66571.0,262340.0,36.9,32846.0,36553.0,06,087,Santa Cruz County,13.933445147518487,2012,12305.0
35,"Trinity County, California",36569.0,13693.0,49.2,23014.0,2377.0,06,105,Trinity County,17.359234645439276,2012,892.0
36,"Los Angeles County, California",56241.0,9840024.0,34.8,27900.0,1658231.0,06,037,Los Angeles County,16.851899954715556,2012,544607.0
37,"Riverside County, California",57096.0,2192982.0,33.7,23863.0,335557.0,06,065,Riverside County,15.301402382691695,2012,143984.0
38,"San Bernardino County, California",54750.0,2041029.0,31.7,21636.0,350982.0,06,071,San Bernardino County,17.196325970870575,2012,131841.0
39,"Santa Clara County, California",90747.0,1788393.0,36.2,41041.0,171669.0,06,085,Santa Clara County,9.599064635122145,2012,88035.0
40,"Marin County, California",90962.0,252759.0,44.6,55695.0,18371.0,06,041,Marin County,7.268188274205864,2012,9363.0
41,"Placer County, California",73356.0,350074.0,40.2,34917.0,29082.0,06,061,Placer County,8.307386438295904,2012,16127.0
42,"Siskiyou County, California",37948.0,44673.0,47.0,22304.0,8610.0,06,093,Siskiyou County,19.27338660936136,2012,2848.0
43,"Shasta County, California",44396.0,177693.0,41.9,23639.0,30820.0,06,089,Shasta County,17.344521168532243,2012,10871.0
44,"Solano County, California",69006.0,414209.0,37.0,29170.0,47415.0,06,095,Solano County,11.44711969078412,2012,22548.0
45,"Del Norte County, California",39626.0,28496.0,38.8,20197.0,5380.0,06,015,Del Norte County,18.879842784952274,2012,1291.0
46,"Glenn County, California",42641.0,28078.0,36.5,21689.0,5383.0,06,021,Glenn County,19.171593418334638,2012,1285.0
47,"Lake County, California",38147.0,64360.0,44.8,21845.0,15036.0,06,033,Lake County,23.362336855189557,2012,4312.0
48,"Modoc County, California",37482.0,9545.0,46.8,20916.0,1829.0,06,049,Modoc County,19.161864850707175,2012,475.0
49,"Inyo County, California",45000.0,18474.0,45.7,27323.0,2035.0,06,027,Inyo County,11.015481216845297,2012,699.0
50,"Santa Barbara County, California",62723.0,423594.0,33.6,30114.0,62240.0,06,083,Santa Barbara County,14.693314825044736,2012,19197.0
51,"Imperial County, California",41255.0,173487.0,31.8,16667.0,37544.0,06,025,Imperial County,21.640814585530904,2012,12743.0
52,"Alameda County, California",71516.0,1515136.0,36.6,35434.0,178897.0,06,001,Alameda County,11.807322906986567,2012,79870.0
53,"Napa County, California",69571.0,136644.0,39.6,35195.0,13341.0,06,055,Napa County,9.763326600509354,2012,6416.0
54,"San Francisco County, California",73802.0,807755.0,38.5,47278.0,104784.0,06,075,San Francisco County,12.972250249147327,2012,39369.0
55,"Colusa County, California",52165.0,21329.0,33.9,21601.0,3206.0,06,011,Colusa County,15.031178208073515,2012,1472.0
56,"Kings County, California",48761.0,151982.0,31.2,18566.0,27679.0,06,031,Kings County,18.212025108236503,2012,8797.0
57,"Fresno County, California",45741.0,930517.0,30.7,20391.0,226967.0,06,019,Fresno County,24.39149419086379,2012,59171.0
0,"San Diego County, California",62962.0,3138265.0,34.8,30668.0,441648.0,06,073,San Diego County,14.07299893412443,2013,155014.0
1,"Tulare County, California",42708.0,446644.0,29.9,17894.0,115313.0,06,107,Tulare County,25.817653433159293,2013,28726.0
2,"Yolo County, California",55918.0,202288.0,30.7,27730.0,37188.0,06,113,Yolo County,18.38369057976746,2013,10585.0
3,"Humboldt County, California",41426.0,134613.0,37.5,23540.0,26600.0,06,023,Humboldt County,19.760350040486433,2013,7426.0
4,"Nevada County, California",57353.0,98509.0,48.5,32346.0,11696.0,06,057,Nevada County,11.873026830035835,2013,5022.0
5,"Alpine County, California",58636.0,1165.0,44.3,25527.0,184.0,06,003,Alpine County,15.793991416309012,2013,51.0
6,"Madera County, California",45625.0,151435.0,33.2,17847.0,32604.0,06,039,Madera County,21.530029385544953,2013,6203.0
7,"Mendocino County, California",43469.0,87497.0,41.8,23306.0,17221.0,06,045,Mendocino County,19.68181766231985,2013,5123.0
8,"Santa Cruz County, California",66519.0,264808.0,36.9,32295.0,37239.0,06,087,Santa Cruz County,14.06264161203589,2013,13123.0
9,"Trinity County, California",36890.0,13638.0,49.8,22905.0,2579.0,06,105,Trinity County,18.91039741897639,2013,854.0
10,"Los Angeles County, California",55909.0,9893481.0,35.1,27749.0,1737224.0,06,037,Los Angeles County,17.55927969134423,2013,580531.0
11,"Riverside County, California",56529.0,2228528.0,33.9,23591.0,355511.0,06,065,Riverside County,15.952727540331555,2013,153115.0
12,"San Bernardino County, California",54090.0,2056915.0,31.9,21332.0,375280.0,06,071,San Bernardino County,18.24479864262743,2013,136314.0
13,"Santa Clara County, California",91702.0,1812208.0,36.4,41513.0,181376.0,06,085,Santa Clara County,10.008564138332906,2013,92839.0
14,"Marin County, California",90839.0,254643.0,44.8,56791.0,19121.0,06,041,Marin County,7.508943894000621,2013,10206.0
15,"Placer County, California",72725.0,355924.0,40.4,34886.0,30850.0,06,061,Placer County,8.667580719479439,2013,17525.0
16,"Siskiyou County, California",37709.0,44503.0,47.1,22293.0,9216.0,06,093,Siskiyou County,20.708716266319126,2013,2862.0
17,"Shasta County, California",44651.0,177966.0,42.1,23670.0,30575.0,06,089,Shasta County,17.180247912522617,2013,10488.0
18,"Solano County, California",67177.0,417258.0,37.1,28929.0,52358.0,06,095,Solano County,12.548111719847192,2013,25056.0
19,"Del Norte County, California",37909.0,28357.0,39.1,19072.0,5406.0,06,015,Del Norte County,19.06407588955108,2013,1268.0
20,"Glenn County, California",43023.0,28054.0,37.2,22148.0,5198.0,06,021,Glenn County,18.528552078135025,2013,1584.0
21,"Butte County, California",43752.0,220542.0,37.0,23787.0,43942.0,06,007,Butte County,19.924549518912496,2013,14353.0
22,"Plumas County, California",45794.0,19586.0,49.9,29806.0,2917.0,06,063,Plumas County,14.893291126314715,2013,1551.0
23,"San Luis Obispo County, California",58697.0,272094.0,39.5,29954.0,36588.0,06,079,San Luis Obispo County,13.446823524223246,2013,11360.0
24,"Kern County, California",48552.0,848204.0,30.8,20295.0,186811.0,06,029,Kern County,22.02430075783656,2013,50233.0
25,"Ventura County, California",76544.0,829017.0,36.6,32930.0,90471.0,06,111,Ventura County,10.913045208964352,2013,41171.0
26,"Calaveras County, California",55295.0,45147.0,50.0,29329.0,4849.0,06,009,Calaveras County,10.740470020156378,2013,2307.0
27,"San Mateo County, California",88202.0,729543.0,39.3,45732.0,54905.0,06,081,San Mateo County,7.525944324049439,2013,32594.0
28,"Tuolumne County, California",48426.0,54728.0,48.0,25943.0,7411.0,06,109,Tuolumne County,13.541514398479755,2013,3965.0
29,"Amador County, California",53684.0,37422.0,49.1,27347.0,4150.0,06,005,Amador County,11.089733311955534,2013,2546.0
30,"Merced County, California",42591.0,258707.0,30.0,18177.0,64490.0,06,047,Merced County,24.927814090844084,2013,20299.0
31,"Mariposa County, California",49820.0,18061.0,50.1,26988.0,2876.0,06,043,Mariposa County,15.923813742317702,2013,1239.0
32,"Yuba County, California",44902.0,72574.0,31.9,19244.0,15392.0,06,115,Yuba County,21.20869732962218,2013,5776.0
33,"Contra Costa County, California",78756.0,1065794.0,38.6,38219.0,111173.0,06,013,Contra Costa County,10.43100261401359,2013,56720.0
34,"Lassen County, California",53107.0,34018.0,37.3,19931.0,3953.0,06,035,Lassen County,11.620318654829797,2013,1509.0
35,"Stanislaus County, California",49297.0,518321.0,33.0,21663.0,104173.0,06,099,Stanislaus County,20.09816310741799,2013,40996.0
36,"Sonoma County, California",63356.0,487469.0,40.2,32835.0,57048.0,06,097,Sonoma County,11.702898030438858,2013,26411.0
37,"Tehama County, California",41924.0,63241.0,39.9,20439.0,12271.0,06,103,Tehama County,19.403551493493147,2013,4217.0
38,"Mono County, California",61757.0,14217.0,37.2,28046.0,1197.0,06,051,Mono County,8.419497784342688,2013,904.0
39,"San Benito County, California",66237.0,56115.0,34.5,25914.0,6639.0,06,069,San Benito County,11.831061213579257,2013,3971.0
40,"Sacramento County, California",55064.0,1435207.0,35.1,26739.0,248304.0,06,067,Sacramento County,17.300918961515656,2013,97193.0
41,"El Dorado County, California",69297.0,180982.0,44.1,34884.0,16206.0,06,017,El Dorado County,8.954481661159674,2013,11030.0
42,"Monterey County, California",59168.0,420569.0,33.0,24775.0,68185.0,06,053,Monterey County,16.21255965132951,2013,21545.0
43,"Sierra County, California",39009.0,3127.0,51.3,24996.0,599.0,06,091,Sierra County,19.15574032619124,2013,129.0
44,"Santa Barbara County, California",62779.0,427288.0,33.5,30352.0,65740.0,06,083,Santa Barbara County,15.385407500327648,2013,20352.0
45,"Imperial County, California",41807.0,175201.0,31.8,16763.0,38286.0,06,025,Imperial County,21.852614996489745,2013,13214.0
46,"Alameda County, California",72112.0,1535248.0,36.8,35763.0,188501.0,06,001,Alameda County,12.278211728658823,2013,84354.0
47,"Napa County, California",70443.0,137837.0,39.8,34795.0,13563.0,06,055,Napa County,9.839883340467363,2013,6625.0
48,"San Francisco County, California",75604.0,817501.0,38.5,48486.0,108306.0,06,075,San Francisco County,13.248424160949039,2013,41148.0
49,"Colusa County, California",52158.0,21366.0,33.9,21579.0,2635.0,06,011,Colusa County,12.332678086679772,2013,1322.0
50,"Kings County, California",48133.0,151806.0,31.1,18429.0,28019.0,06,031,Kings County,18.45710973215815,2013,9249.0
51,"Fresno County, California",45563.0,939605.0,30.9,20208.0,239584.0,06,019,Fresno County,25.498374316867196,2013,61663.0
52,"Orange County, California",75422.0,3051771.0,36.4,34057.0,373049.0,06,059,Orange County,12.224016808600645,2013,150339.0
53,"Sutter County, California",50408.0,94787.0,34.8,23602.0,15596.0,06,101,Sutter County,16.453733106860646,2013,6552.0
54,"San Joaquin County, California",53380.0,693177.0,32.9,22589.0,123115.0,06,077,San Joaquin County,17.76097591235716,2013,52165.0
55,"Lake County, California",36548.0,64260.0,45.1,21537.0,15860.0,06,033,Lake County,24.680983504512916,2013,4488.0
56,"Modoc County, California",36212.0,9468.0,46.9,21200.0,1917.0,06,049,Modoc County,20.247148288973385,2013,434.0
57,"Inyo County, California",44796.0,18482.0,45.7,27441.0,2309.0,06,027,Inyo County,12.493236662698843,2013,826.0
0,"Lake County, California",35997.0,64209.0,45.2,21310.0,15395.0,06,033,Lake County,23.97638960270367,2014,4452.0
1,"Modoc County, California",38560.0,9335.0,47.1,21830.0,1892.0,06,049,Modoc County,20.26780931976433,2014,495.0
2,"Inyo County, California",45625.0,18439.0,45.3,27028.0,2445.0,06,027,Inyo County,13.259938174521395,2014,713.0
3,"Santa Barbara County, California",63409.0,431555.0,33.6,30526.0,68953.0,06,083,Santa Barbara County,15.977801207262111,2014,19444.0
4,"Imperial County, California",41772.0,177026.0,31.9,16409.0,38935.0,06,025,Imperial County,21.993944392349146,2014,12765.0
5,"Alameda County, California",73775.0,1559308.0,36.9,36439.0,197191.0,06,001,Alameda County,12.64605837974281,2014,79503.0
6,"Napa County, California",70925.0,139253.0,40.3,35092.0,13948.0,06,055,Napa County,10.016301264604712,2014,6162.0
7,"San Francisco County, California",78378.0,829072.0,38.6,49986.0,108328.0,06,075,San Francisco County,13.066175193469325,2014,38318.0
8,"Colusa County, California",50503.0,21424.0,34.1,22211.0,3068.0,06,011,Colusa County,14.320388349514563,2014,1239.0
9,"Kings County, California",47341.0,151390.0,31.2,18518.0,30244.0,06,031,Kings County,19.97754144923707,2014,8426.0
10,"Fresno County, California",45201.0,948844.0,31.2,20231.0,255019.0,06,019,Fresno County,26.8768100973395,2014,61422.0
11,"Orange County, California",75998.0,3086331.0,36.7,34416.0,391705.0,06,059,Orange County,12.691606959849738,2014,142427.0
12,"Sutter County, California",51527.0,95067.0,35.0,23828.0,15824.0,06,101,Sutter County,16.64510292740909,2014,6075.0
13,"San Joaquin County, California",53253.0,701050.0,33.2,22642.0,132986.0,06,077,San Joaquin County,18.969545681477783,2014,48592.0
14,"Merced County, California",43066.0,261609.0,30.2,18464.0,65552.0,06,047,Merced County,25.05724191446013,2014,20181.0
15,"Mariposa County, California",50560.0,17946.0,50.2,28327.0,2902.0,06,043,Mariposa County,16.17073442549872,2014,1132.0
16,"Yuba County, California",45470.0,73059.0,32.1,19586.0,15926.0,06,115,Yuba County,21.7988201316744,2014,5203.0
17,"Contra Costa County, California",79799.0,1081232.0,38.7,38770.0,114171.0,06,013,Contra Costa County,10.559343415659175,2014,54315.0
18,"Lassen County, California",53351.0,33356.0,37.3,19847.0,3856.0,06,035,Lassen County,11.560139105408322,2014,1458.0
19,"Stanislaus County, California",49573.0,522794.0,33.3,21729.0,104786.0,06,099,Stanislaus County,20.043458800215763,2014,40070.0
20,"Sonoma County, California",63799.0,491790.0,40.5,33361.0,59716.0,06,097,Sonoma County,12.142581183025275,2014,24894.0
21,"Tehama County, California",42369.0,63284.0,40.0,21002.0,11604.0,06,103,Tehama County,18.336388344605272,2014,4315.0
22,"Mono County, California",61814.0,14193.0,37.2,29578.0,704.0,06,051,Mono County,4.960191643768055,2014,1014.0
23,"San Benito County, California",67874.0,56888.0,34.8,26317.0,6864.0,06,069,San Benito County,12.06581352833638,2014,4124.0
24,"Sierra County, California",43107.0,3019.0,53.5,28030.0,487.0,06,091,Sierra County,16.131169261344816,2014,91.0
25,"Sacramento County, California",55615.0,1450277.0,35.3,27071.0,258031.0,06,067,Sacramento County,17.791842523876472,2014,93301.0
26,"El Dorado County, California",68507.0,181465.0,44.4,35128.0,18497.0,06,017,El Dorado County,10.193150194252334,2014,10215.0
27,"Monterey County, California",58582.0,424927.0,33.3,25048.0,69898.0,06,053,Monterey County,16.44941366399405,2014,18709.0
28,"San Diego County, California",63996.0,3183143.0,34.9,31043.0,455855.0,06,073,San Diego County,14.320908611394461,2014,150837.0
29,"Tulare County, California",42863.0,451108.0,30.1,17888.0,122044.0,06,107,Tulare County,27.054275251159368,2014,26687.0
30,"Yolo County, California",55508.0,204162.0,31.0,28080.0,39333.0,06,113,Yolo County,19.26558321333059,2014,9738.0
31,"Humboldt County, California",42153.0,134876.0,37.4,23516.0,27325.0,06,023,Humboldt County,20.259349328271895,2014,7512.0
32,"Nevada County, California",56949.0,98606.0,48.8,32117.0,12163.0,06,057,Nevada County,12.334949191732754,2014,4993.0
33,"Alpine County, California",61343.0,1202.0,43.6,24375.0,179.0,06,003,Alpine County,14.891846921797004,2014,32.0
34,"Madera County, California",45490.0,152452.0,33.3,17797.0,33290.0,06,039,Madera County,21.83638128722483,2014,5530.0
35,"Los Angeles County, California",55870.0,9974203.0,35.3,27987.0,1805868.0,06,037,Los Angeles County,18.10538646546496,2014,564669.0
36,"Mendocino County, California",43290.0,87612.0,42.0,23712.0,17395.0,06,045,Mendocino County,19.854586129753915,2014,5193.0
37,"Santa Cruz County, California",66923.0,267203.0,36.9,33050.0,39252.0,06,087,Santa Cruz County,14.689954828351478,2014,12376.0
38,"Trinity County, California",36862.0,13515.0,50.0,23145.0,2489.0,06,105,Trinity County,18.416574176840548,2014,698.0
39,"Riverside County, California",56592.0,2266899.0,34.2,23660.0,376737.0,06,065,Riverside County,16.619046547728857,2014,149759.0
40,"San Bernardino County, California",54100.0,2078586.0,32.2,21384.0,389037.0,06,071,San Bernardino County,18.716425493099635,2014,131293.0
41,"Santa Clara County, California",93854.0,1841569.0,36.6,42666.0,180153.0,06,085,Santa Clara County,9.782582135124994,2014,85977.0
42,"Marin County, California",91529.0,256802.0,45.1,58004.0,21917.0,06,041,Marin County,8.534590852096168,2014,9756.0
43,"Placer County, California",73747.0,361518.0,40.7,35711.0,32018.0,06,061,Placer County,8.856543795882915,2014,16469.0
44,"Siskiyou County, California",37495.0,44261.0,47.3,22482.0,9945.0,06,093,Siskiyou County,22.468990759359254,2014,2725.0
45,"Shasta County, California",44556.0,178520.0,41.9,23763.0,31616.0,06,089,Shasta County,17.710060497423257,2014,9445.0
46,"Solano County, California",67341.0,421624.0,37.2,29132.0,53317.0,06,095,Solano County,12.6456273836404,2014,25256.0
47,"Del Norte County, California",39302.0,28066.0,39.2,19424.0,5468.0,06,015,Del Norte County,19.48264804389653,2014,1246.0
48,"Glenn County, California",40106.0,28019.0,36.7,21698.0,5517.0,06,021,Glenn County,19.690210214497306,2014,1641.0
49,"Butte County, California",43165.0,221578.0,36.9,24430.0,46643.0,06,007,Butte County,21.05037503723294,2014,13323.0
50,"Plumas County, California",48032.0,19286.0,50.6,29167.0,3006.0,06,063,Plumas County,15.586435756507312,2014,1455.0
51,"San Luis Obispo County, California",59454.0,274184.0,39.5,30392.0,38121.0,06,079,San Luis Obispo County,13.903437107927523,2014,10667.0
52,"Kern County, California",48574.0,857730.0,31.0,20467.0,192972.0,06,029,Kern County,22.49798887761883,2014,49041.0
53,"Ventura County, California",77335.0,835790.0,36.9,33308.0,91912.0,06,111,Ventura County,10.997020782732504,2014,40806.0
54,"Calaveras County, California",54936.0,44921.0,50.3,29296.0,5352.0,06,009,Calaveras County,11.914249460163399,2014,2191.0
55,"San Mateo County, California",91421.0,739837.0,39.4,47198.0,55672.0,06,081,San Mateo County,7.524900755166341,2014,30371.0
56,"Tuolumne County, California",48493.0,54347.0,48.2,26063.0,7444.0,06,109,Tuolumne County,13.697168196956595,2014,3481.0
57,"Amador County, California",52964.0,37159.0,49.6,27373.0,4277.0,06,005,Amador County,11.509997577975726,2014,2342.0
0,"Merced County, California",42462.0,263885.0,30.4,18204.0,67417.0,06,047,Merced County,25.547871231786573,2015,18650.0
1,"Mariposa County, California",47681.0,17789.0,50.6,28316.0,2651.0,06,043,Mariposa County,14.902467817190399,2015,963.0
2,"Yuba County, California",46892.0,73437.0,32.1,20471.0,15862.0,06,115,Yuba County,21.599466209131638,2015,4424.0
3,"Contra Costa County, California",80185.0,1096068.0,38.8,39313.0,117915.0,06,013,Contra Costa County,10.758000416032582,2015,48995.0
4,"Lassen County, California",51555.0,32645.0,37.0,19274.0,3563.0,06,035,Lassen County,10.9143819880533,2015,1109.0
5,"Stanislaus County, California",50125.0,527367.0,33.5,21922.0,105927.0,06,099,Stanislaus County,20.086012207817326,2015,37259.0
6,"Sonoma County, California",64240.0,495078.0,40.8,34235.0,57179.0,06,097,Sonoma County,11.549493211170764,2015,21168.0
7,"Tehama County, California",41001.0,63152.0,40.5,21263.0,12313.0,06,103,Tehama County,19.497403090955157,2015,3511.0
8,"Mono County, California",56944.0,14146.0,38.5,29437.0,684.0,06,051,Mono County,4.835289127668599,2015,1094.0
9,"San Benito County, California",71077.0,57557.0,35.0,27239.0,6202.0,06,069,San Benito County,10.775405250447383,2015,3636.0
10,"Sacramento County, California",55987.0,1465832.0,35.5,27315.0,262251.0,06,067,Sacramento County,17.890931566509668,2015,84904.0
11,"El Dorado County, California",69584.0,182093.0,44.9,35588.0,18831.0,06,017,El Dorado County,10.341418945264234,2015,9925.0
12,"Monterey County, California",58783.0,428441.0,33.5,24994.0,69475.0,06,053,Monterey County,16.215768332162423,2015,16358.0
13,"Sierra County, California",42833.0,3021.0,54.5,29986.0,438.0,06,091,Sierra County,14.498510427010924,2015,96.0
14,"San Diego County, California",64309.0,3223096.0,35.1,31266.0,454876.0,06,073,San Diego County,14.113014319151524,2015,139302.0
15,"Tulare County, California",42031.0,454033.0,30.3,17876.0,125775.0,06,107,Tulare County,27.70173093145212,2015,23322.0
16,"Yolo County, California",54989.0,207320.0,30.9,28116.0,39688.0,06,113,Yolo County,19.143353270306772,2015,9225.0
17,"Humboldt County, California",42197.0,135034.0,37.4,23367.0,28158.0,06,023,Humboldt County,20.85252603048121,2015,6868.0
18,"Nevada County, California",56521.0,98570.0,49.0,32442.0,12367.0,06,057,Nevada County,12.546413716140814,2015,4524.0
19,"Alpine County, California",52917.0,1131.0,43.6,21415.0,195.0,06,003,Alpine County,17.24137931034483,2015,49.0
20,"Madera County, California",45073.0,153187.0,33.5,17970.0,33968.0,06,039,Madera County,22.174205382963308,2015,4280.0
21,"Mendocino County, California",42980.0,87544.0,42.2,24059.0,17527.0,06,045,Mendocino County,20.020789545828382,2015,5107.0
22,"Santa Cruz County, California",67256.0,269278.0,37.0,33241.0,39053.0,06,087,Santa Cruz County,14.50285578472805,2015,10866.0
23,"Trinity County, California",34974.0,13373.0,50.3,22975.0,2562.0,06,105,Trinity County,19.15800493531743,2015,479.0
24,"Los Angeles County, California",56196.0,10038388.0,35.6,28337.0,1800265.0,06,037,Los Angeles County,17.9338057066533,2015,515124.0
25,"Riverside County, California",56603.0,2298032.0,34.5,23783.0,379985.0,06,065,Riverside County,16.535235366609342,2015,136070.0
26,"San Bernardino County, California",53433.0,2094769.0,32.5,21352.0,397766.0,06,071,San Bernardino County,18.98853763827897,2015,119583.0
27,"Santa Clara County, California",96310.0,1868149.0,36.8,43880.0,175690.0,06,085,Santa Clara County,9.404496108179808,2015,76126.0
28,"Marin County, California",93257.0,258349.0,45.4,60236.0,20964.0,06,041,Marin County,8.114604662684973,2015,7854.0
29,"Placer County, California",73948.0,366280.0,41.0,36022.0,32427.0,06,061,Placer County,8.853063230315605,2015,14762.0
30,"Siskiyou County, California",37170.0,43895.0,47.8,22561.0,10026.0,06,093,Siskiyou County,22.84087025857159,2015,2337.0
31,"Shasta County, California",44620.0,178942.0,42.2,24107.0,31707.0,06,089,Shasta County,17.71914922153547,2015,7965.0
32,"Solano County, California",66828.0,425753.0,37.3,29185.0,55534.0,06,095,Solano County,13.043713138838717,2015,24000.0
33,"Del Norte County, California",40847.0,27788.0,38.8,19560.0,5207.0,06,015,Del Norte County,18.738304304016122,2015,1116.0
34,"Glenn County, California",39349.0,28029.0,37.2,21313.0,5721.0,06,021,Glenn County,20.41100288986407,2015,1518.0
35,"Butte County, California",43444.0,222564.0,36.8,24259.0,47532.0,06,007,Butte County,21.35655362053162,2015,12264.0
36,"Plumas County, California",47333.0,18966.0,51.3,30842.0,2687.0,06,063,Plumas County,14.167457555625857,2015,1289.0
37,"San Luis Obispo County, California",60691.0,276517.0,39.3,31060.0,38630.0,06,079,San Luis Obispo County,13.97020797997953,2015,8764.0
38,"Kern County, California",49026.0,865736.0,31.1,20644.0,195744.0,06,029,Kern County,22.61012595063622,2015,47438.0
39,"Ventura County, California",77348.0,840833.0,37.1,33435.0,91880.0,06,111,Ventura County,10.927259039547687,2015,37593.0
40,"Calaveras County, California",53233.0,44767.0,50.7,29553.0,5590.0,06,009,Calaveras County,12.486876493845914,2015,2227.0
41,"San Mateo County, California",93623.0,748731.0,39.5,48278.0,59232.0,06,081,San Mateo County,7.91098538727527,2015,27732.0
42,"Tuolumne County, California",50306.0,54079.0,48.6,27054.0,7010.0,06,109,Tuolumne County,12.962517798036206,2015,2878.0
43,"Amador County, California",54171.0,36995.0,50.0,27473.0,4191.0,06,005,Amador County,11.328557913231517,2015,2048.0
44,"Lake County, California",35578.0,64158.0,45.5,21407.0,15597.0,06,033,Lake County,24.310296455625174,2015,3949.0
45,"Modoc County, California",37860.0,9184.0,47.8,21001.0,1673.0,06,049,Modoc County,18.216463414634145,2015,315.0
46,"Inyo County, California",45955.0,18373.0,45.7,27850.0,2019.0,06,027,Inyo County,10.98895117835955,2015,608.0
47,"Santa Barbara County, California",63985.0,435850.0,33.6,30589.0,68017.0,06,083,Santa Barbara County,15.60559825628083,2015,17816.0
48,"Imperial County, California",41079.0,178206.0,32.2,16143.0,40114.0,06,025,Imperial County,22.50990426809423,2015,12307.0
49,"Alameda County, California",75619.0,1584983.0,37.1,37285.0,194639.0,06,001,Alameda County,12.280194803351202,2015,70100.0
50,"Napa County, California",71379.0,140295.0,40.3,36475.0,14020.0,06,055,Napa County,9.993228554118108,2015,5581.0
51,"San Francisco County, California",81294.0,840763.0,38.5,52220.0,109524.0,06,075,San Francisco County,13.02673880748796,2015,34785.0
52,"Colusa County, California",52168.0,21396.0,34.0,21897.0,3171.0,06,011,Colusa County,14.820527201346046,2015,1023.0
53,"Kings County, California",46481.0,150998.0,31.4,18707.0,29900.0,06,031,Kings County,19.80158677598379,2015,7602.0
54,"Fresno County, California",45233.0,956749.0,31.4,20408.0,252187.0,06,019,Fresno County,26.35874194799263,2015,57137.0
55,"Orange County, California",76509.0,3116069.0,37.1,34817.0,395483.0,06,059,Orange County,12.69172794312321,2015,124773.0
56,"Sutter County, California",52017.0,95247.0,35.4,23689.0,16743.0,06,101,Sutter County,17.578506409650696,2015,5691.0
57,"San Joaquin County, California",53274.0,708554.0,33.5,22645.0,129390.0,06,077,San Joaquin County,18.261134648876443,2015,44592.0
0,"San Diego County, California",66529.0,3253356.0,35.3,32482.0,444024.0,06,073,San Diego County,13.648183598720829,2016,126990.0
1,"Tulare County, California",42789.0,455769.0,30.4,18257.0,127130.0,06,107,Tulare County,27.893516233004,2016,20254.0
2,"Yolo County, California",57663.0,209671.0,30.9,28996.0,38898.0,06,113,Yolo County,18.551921820375732,2016,8105.0
3,"Humboldt County, California",42685.0,135182.0,37.6,24038.0,27641.0,06,023,Humboldt County,20.447248894083533,2016,6228.0
4,"Nevada County, California",57429.0,98639.0,49.5,33385.0,11835.0,06,057,Nevada County,11.998296819716339,2016,3968.0
5,"Alpine County, California",62375.0,1184.0,42.8,26783.0,221.0,06,003,Alpine County,18.66554054054054,2016,55.0
6,"Madera County, California",45742.0,153366.0,33.5,19021.0,32043.0,06,039,Madera County,20.893157544697,2016,4872.0
7,"Mendocino County, California",43510.0,87409.0,42.3,25278.0,17366.0,06,045,Mendocino County,19.867519362994656,2016,4526.0
8,"Santa Cruz County, California",70088.0,270931.0,37.0,34732.0,39211.0,06,087,Santa Cruz County,14.472688618135244,2016,10361.0
9,"Trinity County, California",35270.0,13180.0,50.6,22387.0,2607.0,06,105,Trinity County,19.77996965098634,2016,526.0
10,"Los Angeles County, California",57952.0,10057155.0,35.8,29301.0,1764081.0,06,037,Los Angeles County,17.54055694677073,2016,460565.0
11,"Riverside County, California",57972.0,2323892.0,34.8,24443.0,376689.0,06,065,Riverside County,16.20940215810373,2016,120960.0
12,"San Bernardino County, California",54469.0,2106754.0,32.7,21857.0,392195.0,06,071,San Bernardino County,18.616079523285585,2016,104472.0
13,"Santa Clara County, California",101173.0,1885056.0,36.8,46034.0,172213.0,06,085,Santa Clara County,9.135696764446255,2016,65981.0
14,"Marin County, California",100310.0,259358.0,45.7,63608.0,20445.0,06,041,Marin County,7.882926302639595,2016,7021.0
15,"Placer County, California",76926.0,370571.0,41.5,37914.0,31932.0,06,061,Placer County,8.616972186166754,2016,12582.0
16,"Siskiyou County, California",38524.0,43668.0,47.9,23542.0,9524.0,06,093,Siskiyou County,21.81002106805899,2016,2161.0
17,"Shasta County, California",45582.0,179228.0,42.3,25094.0,30945.0,06,089,Shasta County,17.26571741022608,2016,6728.0
18,"Solano County, California",69227.0,429596.0,37.5,30251.0,53265.0,06,095,Solano County,12.398858462369295,2016,21347.0
19,"Del Norte County, California",42363.0,27628.0,38.1,20282.0,5219.0,06,015,Del Norte County,18.89025626176343,2016,1041.0
20,"Glenn County, California",41699.0,27976.0,36.9,20362.0,5578.0,06,021,Glenn County,19.93851873034029,2016,1172.0
21,"Butte County, California",44366.0,223877.0,36.9,25077.0,46456.0,06,007,Butte County,20.750680060926314,2016,10933.0
22,"Plumas County, California",50125.0,18754.0,51.7,31292.0,2346.0,06,063,Plumas County,12.509331342646902,2016,977.0
23,"San Luis Obispo County, California",64014.0,278680.0,39.0,32335.0,37208.0,06,079,San Luis Obispo County,13.35151428161332,2016,7479.0
24,"Kern County, California",49788.0,871337.0,31.2,21094.0,194354.0,06,029,Kern County,22.30526191358797,2016,44848.0
25,"Ventura County, California",78593.0,843110.0,37.3,34331.0,88486.0,06,111,Ventura County,10.49519042592307,2016,32651.0
26,"Calaveras County, California",53502.0,44787.0,51.2,30577.0,5641.0,06,009,Calaveras County,12.595172706365686,2016,1758.0
27,"San Mateo County, California",98546.0,754748.0,39.5,50262.0,57490.0,06,081,San Mateo County,7.617111936699402,2016,23439.0
28,"Tuolumne County, California",50731.0,53864.0,48.2,29431.0,7176.0,06,109,Tuolumne County,13.322441705034903,2016,2570.0
29,"Amador County, California",57032.0,36963.0,50.3,27496.0,3684.0,06,005,Amador County,9.966723480236993,2016,1677.0
30,"Lake County, California",36132.0,64076.0,45.8,21799.0,15561.0,06,033,Lake County,24.28522379674137,2016,3554.0
31,"Modoc County, California",41194.0,9033.0,47.1,21899.0,1483.0,06,049,Modoc County,16.417579984501273,2016,259.0
32,"Inyo County, California",47278.0,18326.0,45.4,28678.0,1905.0,06,027,Inyo County,10.395067117756193,2016,555.0
33,"Santa Barbara County, California",65161.0,439395.0,33.7,31098.0,66880.0,06,083,Santa Barbara County,15.220928777068469,2016,16101.0
34,"Imperial County, California",42560.0,178807.0,32.2,16311.0,40552.0,06,025,Imperial County,22.679201597252906,2016,12048.0
35,"Alameda County, California",79831.0,1605217.0,37.2,39042.0,189590.0,06,001,Alameda County,11.810864200914892,2016,61327.0
36,"Napa County, California",74609.0,140823.0,40.7,38057.0,12086.0,06,055,Napa County,8.582404862842008,2016,4910.0
37,"San Francisco County, California",87701.0,850282.0,38.4,55567.0,104180.0,06,075,San Francisco County,12.252405672471015,2016,32234.0
38,"Colusa County, California",54946.0,21361.0,34.7,25745.0,2859.0,06,011,Colusa County,13.384204859323065,2016,871.0
39,"Kings County, California",47241.0,150261.0,31.4,19123.0,28661.0,06,031,Kings County,19.074144322212682,2016,6890.0
40,"Fresno County, California",45963.0,963160.0,31.6,21057.0,254872.0,06,019,Fresno County,26.462062378005733,2016,51478.0
41,"Orange County, California",78145.0,3132211.0,37.3,35939.0,385556.0,06,059,Orange County,12.309387841368286,2016,111106.0
42,"Sutter County, California",52943.0,95406.0,35.6,24335.0,16535.0,06,101,Sutter County,17.33119510303335,2016,4836.0
43,"San Joaquin County, California",55045.0,714860.0,33.7,23477.0,124587.0,06,077,San Joaquin County,17.428167753126488,2016,38954.0
44,"Merced County, California",44397.0,265001.0,30.6,19130.0,62661.0,06,047,Merced County,23.645571148788118,2016,18143.0
45,"Mariposa County, California",49265.0,17645.0,50.6,27832.0,2849.0,06,043,Mariposa County,16.146217058656845,2016,780.0
46,"Yuba County, California",48739.0,73897.0,32.2,21418.0,15080.0,06,115,Yuba County,20.406782413359135,2016,3822.0
47,"Contra Costa County, California",82881.0,1107925.0,39.1,40792.0,111922.0,06,013,Contra Costa County,10.101947333980188,2016,43374.0
48,"Lassen County, California",51457.0,31945.0,36.4,20072.0,3558.0,06,035,Lassen County,11.137893254030365,2016,942.0
49,"Stanislaus County, California",51591.0,530561.0,33.8,22915.0,95739.0,06,099,Stanislaus County,18.04486194801352,2016,33913.0
50,"Sonoma County, California",66833.0,497776.0,41.2,35639.0,55095.0,06,097,Sonoma County,11.068231493683905,2016,18297.0
51,"Tehama County, California",40687.0,63015.0,40.6,21521.0,13363.0,06,103,Tehama County,21.206062048718557,2016,3340.0
52,"Mono County, California",58937.0,14051.0,38.9,31059.0,1222.0,06,051,Mono County,8.696889901074657,2016,665.0
53,"San Benito County, California",73814.0,58051.0,35.1,27848.0,6224.0,06,069,San Benito County,10.721606862930871,2016,3211.0
54,"Sacramento County, California",57509.0,1479300.0,35.7,28292.0,260877.0,06,067,Sacramento County,17.63516528087609,2016,74025.0
55,"El Dorado County, California",72586.0,183000.0,45.2,37089.0,17839.0,06,017,El Dorado County,9.748087431693989,2016,8506.0
56,"Monterey County, California",60889.0,430201.0,33.7,25947.0,66289.0,06,053,Monterey County,15.408843773027026,2016,13288.0
57,"Sierra County, California",43984.0,2931.0,55.2,31873.0,329.0,06,091,Sierra County,11.224837939269873,2016,50.0
0,"Merced County, California",46338.0,267390.0,30.8,20120.0,60861.0,06,047,Merced County,22.76113542017278,2017,16969.0
1,"Lake County, California",40446.0,64095.0,45.8,23345.0,14398.0,06,033,Lake County,22.4635306966222,2017,2872.0
2,"Mariposa County, California",51385.0,17658.0,51.1,28241.0,2629.0,06,043,Mariposa County,14.88843583644807,2017,777.0
3,"Modoc County, California",39296.0,9017.0,47.8,22052.0,1584.0,06,049,Modoc County,17.566818232228012,2017,263.0
4,"Yuba County, California",51776.0,74644.0,32.4,22814.0,13598.0,06,115,Yuba County,18.217137345265527,2017,3057.0
5,"Contra Costa County, California",88456.0,1123678.0,39.2,42898.0,108630.0,06,013,Contra Costa County,9.667360222412471,2017,39750.0
6,"Inyo County, California",51500.0,18195.0,45.6,30323.0,1806.0,06,027,Inyo County,9.925803792250619,2017,450.0
7,"Lassen County, California",54083.0,31470.0,36.2,20974.0,3155.0,06,035,Lassen County,10.025421035907213,2017,729.0
8,"Stanislaus County, California",54260.0,535684.0,33.9,24007.0,91210.0,06,099,Stanislaus County,17.026829250080272,2017,29240.0
9,"Santa Barbara County, California",68023.0,442996.0,33.7,32872.0,65493.0,06,083,Santa Barbara County,14.784106402766616,2017,14894.0
10,"Sonoma County, California",71769.0,500943.0,41.4,37767.0,52707.0,06,097,Sonoma County,10.521556344733831,2017,15700.0
11,"Tehama County, California",42512.0,63247.0,41.1,22631.0,13009.0,06,103,Tehama County,20.56856451689408,2017,2692.0
12,"Imperial County, California",44779.0,179957.0,32.2,17303.0,40376.0,06,025,Imperial County,22.436470934723296,2017,11415.0
13,"Mono County, California",60595.0,14058.0,38.3,30888.0,1378.0,06,051,Mono County,9.802247830416844,2017,290.0
14,"San Benito County, California",80760.0,58671.0,35.4,30012.0,5670.0,06,069,San Benito County,9.66405890473999,2017,2686.0
15,"Alameda County, California",85743.0,1629615.0,37.3,41363.0,181194.0,06,001,Alameda County,11.11882254397511,2017,53175.0
16,"Sacramento County, California",60239.0,1495400.0,35.9,29693.0,246203.0,06,067,Sacramento County,16.464023003878562,2017,64575.0
17,"El Dorado County, California",74885.0,185015.0,45.5,38156.0,17996.0,06,017,El Dorado County,9.726778909818123,2017,7042.0
18,"Napa County, California",79637.0,141005.0,40.8,40632.0,11285.0,06,055,Napa County,8.003262295663275,2017,4068.0
19,"Monterey County, California",63249.0,433168.0,33.9,27168.0,60933.0,06,053,Monterey County,14.066828574594615,2017,11717.0
20,"San Francisco County, California",96265.0,864263.0,38.3,59508.0,99096.0,06,075,San Francisco County,11.465954229210322,2017,29102.0
21,"Sierra County, California",44190.0,2885.0,55.0,31750.0,351.0,06,091,Sierra County,12.166377816291162,2017,64.0
22,"Tulare County, California",44871.0,458809.0,30.6,18962.0,122724.0,06,107,Tulare County,26.748385493745765,2017,19405.0
23,"Yolo County, California",61621.0,212605.0,30.9,30615.0,39686.0,06,113,Yolo County,18.666541238446886,2017,7489.0
24,"Humboldt County, California",43718.0,135490.0,37.7,25208.0,27481.0,06,023,Humboldt County,20.282677688390287,2017,5850.0
25,"Nevada County, California",60610.0,98838.0,49.8,35581.0,11861.0,06,057,Nevada County,12.000445172909204,2017,3348.0
26,"Alpine County, California",63438.0,1203.0,44.9,27448.0,235.0,06,003,Alpine County,19.534497090606816,2017,64.0
27,"Madera County, California",48210.0,154440.0,33.7,19975.0,32244.0,06,039,Madera County,20.87801087801088,2017,5045.0
28,"Mendocino County, California",46528.0,87497.0,42.4,27093.0,16448.0,06,045,Mendocino County,18.798358800873174,2017,4304.0
29,"Santa Cruz County, California",73663.0,273263.0,37.3,36388.0,38605.0,06,087,Santa Cruz County,14.12741571306763,2017,9672.0
30,"Trinity County, California",36563.0,13037.0,51.4,23575.0,2545.0,06,105,Trinity County,19.521362276597376,2017,507.0
31,"Los Angeles County, California",61015.0,10105722.0,36.0,30798.0,1688505.0,06,037,Los Angeles County,16.708405396467466,2017,406426.0
32,"Riverside County, California",60807.0,2355002.0,35.0,25700.0,362215.0,06,065,Riverside County,15.380666343383147,2017,107383.0
33,"San Bernardino County, California",57156.0,2121220.0,32.9,22867.0,374810.0,06,071,San Bernardino County,17.669548655962135,2017,95079.0
34,"Santa Clara County, California",106761.0,1911226.0,37.0,48689.0,162525.0,06,085,Santa Clara County,8.503703905241975,2017,58215.0
35,"Marin County, California",104703.0,260814.0,46.1,66748.0,20515.0,06,041,Marin County,7.865758739944941,2017,6211.0
36,"Placer County, California",80488.0,374985.0,41.6,39734.0,30473.0,06,061,Placer County,8.126458391669,2017,10216.0
37,"Siskiyou County, California",40884.0,43530.0,47.9,24605.0,8915.0,06,093,Siskiyou County,20.480128646910178,2017,1655.0
38,"Shasta County, California",47258.0,178919.0,41.8,26455.0,31967.0,06,089,Shasta County,17.866744169149168,2017,5246.0
39,"Solano County, California",72950.0,434981.0,37.7,31934.0,48623.0,06,095,Solano County,11.178189392180348,2017,18266.0
40,"Del Norte County, California",41287.0,27442.0,38.7,20809.0,5571.0,06,015,Del Norte County,20.30099846949931,2017,916.0
41,"Colusa County, California",56481.0,21479.0,34.7,25676.0,2979.0,06,011,Colusa County,13.869360770985613,2017,592.0
42,"Glenn County, California",46260.0,27935.0,36.8,21029.0,5404.0,06,021,Glenn County,19.344907821729013,2017,1096.0
43,"Butte County, California",46516.0,225207.0,36.9,26304.0,44977.0,06,007,Butte County,19.97140408601864,2017,9329.0
44,"Kings County, California",49742.0,150183.0,31.5,19835.0,28013.0,06,031,Kings County,18.652577189162557,2017,5683.0
45,"Plumas County, California",50266.0,18724.0,52.1,32056.0,2439.0,06,063,Plumas County,13.0260628070925,2017,752.0
46,"San Luis Obispo County, California",67175.0,280119.0,39.0,33972.0,36420.0,06,079,San Luis Obispo County,13.001617169845673,2017,6586.0
47,"Fresno County, California",48730.0,971616.0,31.8,22234.0,243040.0,06,019,Fresno County,25.0139972993446,2017,45315.0
48,"Kern County, California",50826.0,878744.0,31.3,21716.0,191123.0,06,029,Kern County,21.74956528863924,2017,41082.0
49,"Orange County, California",81851.0,3155816.0,37.5,37603.0,378459.0,06,059,Orange County,11.992429216405519,2017,96039.0
50,"Ventura County, California",81972.0,847834.0,37.5,35771.0,85816.0,06,111,Ventura County,10.121792709421891,2017,28752.0
51,"Calaveras County, California",54800.0,45057.0,51.6,31652.0,5676.0,06,009,Calaveras County,12.597376656235435,2017,1281.0
52,"Sutter County, California",54347.0,95583.0,35.7,24849.0,15805.0,06,101,Sutter County,16.535367167801805,2017,4491.0
53,"San Mateo County, California",105667.0,763450.0,39.6,53516.0,54981.0,06,081,San Mateo County,7.201650402776868,2017,20174.0
54,"Tuolumne County, California",54325.0,53899.0,48.6,31570.0,6875.0,06,109,Tuolumne County,12.75533868902948,2017,1750.0
55,"San Joaquin County, California",57813.0,724153.0,33.9,24694.0,121296.0,06,077,San Joaquin County,16.750051439405762,2017,33271.0
56,"Amador County, California",60636.0,37306.0,50.6,29628.0,3564.0,06,005,Amador County,9.55342304186994,2017,1371.0
57,"San Diego County, California",70588.0,3283665.0,35.4,34350.0,427031.0,06,073,San Diego County,13.004706631157564,2017,116758.0
0,"Merced County, California",50129.0,269075.0,30.9,21634.0,59660.0,06,047,Merced County,22.17225680572331,2018,14912.0
1,"Mariposa County, California",51199.0,17540.0,51.4,29776.0,2435.0,06,043,Mariposa County,13.882554161915621,2018,676.0
2,"Modoc County, California",45149.0,8938.0,47.7,23235.0,1435.0,06,049,Modoc County,16.05504587155963,2018,274.0
3,"Contra Costa County, California",93712.0,1133247.0,39.4,45524.0,102543.0,06,013,Contra Costa County,9.048601055198029,2018,35563.0
4,"Inyo County, California",52874.0,18085.0,45.7,31540.0,1792.0,06,027,Inyo County,9.908764169200996,2018,447.0
5,"Stanislaus County, California",57387.0,539301.0,34.0,25101.0,86066.0,06,099,Stanislaus County,15.958805935831753,2018,26130.0
6,"Santa Barbara County, California",71657.0,443738.0,33.7,34229.0,63010.0,06,083,Santa Barbara County,14.199820614867331,2018,13861.0
7,"Lake County, California",42475.0,64148.0,45.6,25404.0,13224.0,06,033,Lake County,20.61482820976492,2018,2556.0
8,"Glenn County, California",47395.0,27897.0,36.6,21736.0,5152.0,06,021,Glenn County,18.467935620317597,2018,806.0
9,"Butte County, California",48443.0,227075.0,37.1,27537.0,44410.0,06,007,Butte County,19.557414951007377,2018,9085.0
10,"Kings County, California",53865.0,150075.0,31.7,21186.0,28084.0,06,031,Kings County,18.713310011660838,2018,4855.0
11,"Plumas County, California",53270.0,18699.0,52.2,32710.0,2146.0,06,063,Plumas County,11.476549548104177,2018,516.0
12,"San Luis Obispo County, California",70699.0,281455.0,39.1,35832.0,35303.0,06,079,San Luis Obispo County,12.543035298715603,2018,6175.0
13,"Fresno County, California",51261.0,978130.0,32.0,23284.0,232067.0,06,019,Fresno County,23.725578399599236,2018,41276.0
14,"Kern County, California",52479.0,883053.0,31.5,22553.0,187232.0,06,029,Kern County,21.202804361686105,2018,39056.0
15,"Orange County, California",85398.0,3164182.0,37.8,39590.0,359503.0,06,059,Orange County,11.361641018120956,2018,84431.0
16,"Ventura County, California",84017.0,848112.0,37.9,36891.0,80058.0,06,111,Ventura County,9.439555153092988,2018,25853.0
17,"Calaveras County, California",58151.0,45235.0,52.1,32494.0,5242.0,06,009,Calaveras County,11.588371835967724,2018,1116.0
18,"Sutter County, California",56955.0,95872.0,35.7,26070.0,15181.0,06,101,Sutter County,15.834654539385848,2018,4144.0
19,"San Mateo County, California",113776.0,765935.0,39.6,57375.0,53387.0,06,081,San Mateo County,6.970173709257313,2018,17556.0
20,"Tuolumne County, California",56493.0,53932.0,48.4,33685.0,6715.0,06,109,Tuolumne County,12.450864051027219,2018,1516.0
21,"San Joaquin County, California",61145.0,732212.0,34.1,26145.0,114294.0,06,077,San Joaquin County,15.609413667080027,2018,28989.0
22,"Amador County, California",61198.0,37829.0,50.5,30100.0,3323.0,06,005,Amador County,8.784266039282032,2018,1255.0
23,"Mono County, California",63018.0,14174.0,38.3,33421.0,1454.0,06,051,Mono County,10.258219274728376,2018,262.0
24,"San Benito County, California",81977.0,59416.0,35.5,31475.0,5459.0,06,069,San Benito County,9.187760872492259,2018,2294.0
25,"Sacramento County, California",63902.0,1510023.0,36.0,31311.0,235982.0,06,067,Sacramento County,15.62770898191617,2018,54551.0
26,"El Dorado County, California",80582.0,186661.0,45.8,40382.0,16537.0,06,017,El Dorado County,8.859376088202678,2018,5480.0
27,"Monterey County, California",66676.0,433212.0,34.1,28836.0,58699.0,06,053,Monterey County,13.549716997682427,2018,10475.0
28,"San Francisco County, California",104552.0,870044.0,38.2,64157.0,92979.0,06,075,San Francisco County,10.686700902483093,2018,25320.0
29,"San Diego County, California",74855.0,3302833.0,35.6,36156.0,403190.0,06,073,San Diego County,12.207398920865815,2018,106962.0
30,"Tulare County, California",47518.0,460477.0,30.8,20421.0,115786.0,06,107,Tulare County,25.144795505530134,2018,18321.0
31,"Humboldt County, California",45528.0,135768.0,38.0,26747.0,26957.0,06,023,Humboldt County,19.855194154734548,2018,5327.0
32,"Alpine County, California",64688.0,1146.0,44.3,29041.0,227.0,06,003,Alpine County,19.80802792321117,2018,79.0
33,"Madera County, California",52884.0,155013.0,33.9,21394.0,30549.0,06,039,Madera County,19.707379381084166,2018,5243.0
34,"Santa Cruz County, California",78041.0,273765.0,37.4,39001.0,37429.0,06,087,Santa Cruz County,13.671944916260296,2018,9027.0
35,"Trinity County, California",38497.0,12862.0,51.8,25964.0,2491.0,06,105,Trinity County,19.367127973876535,2018,446.0
36,"Riverside County, California",63948.0,2383286.0,35.3,27142.0,345724.0,06,065,Riverside County,14.506190192868166,2018,94709.0
37,"San Bernardino County, California",60164.0,2135413.0,33.1,23956.0,359080.0,06,071,San Bernardino County,16.815482531950494,2018,85647.0
38,"Marin County, California",110217.0,260295.0,46.5,69275.0,19341.0,06,041,Marin County,7.4304154901169825,2018,5149.0
39,"Placer County, California",84357.0,380077.0,41.9,41508.0,30293.0,06,061,Placer County,7.9702270855642405,2018,9005.0
40,"Shasta County, California",50905.0,179085.0,41.8,27983.0,30186.0,06,089,Shasta County,16.85568305553229,2018,4824.0
41,"Solano County, California",77609.0,438530.0,37.9,33700.0,44427.0,06,095,Solano County,10.130891843203429,2018,15346.0
42,"Colusa County, California",56704.0,21464.0,35.1,27336.0,2929.0,06,011,Colusa County,13.646105106224375,2018,520.0
43,"Tehama County, California",42899.0,63373.0,40.9,23126.0,13464.0,06,103,Tehama County,21.245640888075364,2018,2484.0
44,"Yuba County, California",52624.0,75493.0,32.5,23867.0,13298.0,06,115,Yuba County,17.614878200627874,2018,2648.0
45,"Lassen County, California",56362.0,31185.0,36.0,21897.0,2933.0,06,035,Lassen County,9.405162738496072,2018,570.0
46,"Sonoma County, California",76753.0,501317.0,41.7,39929.0,50714.0,06,097,Sonoma County,10.116154050231689,2018,13543.0
47,"Imperial County, California",45834.0,180216.0,32.4,17590.0,41191.0,06,025,Imperial County,22.856461135526256,2018,10782.0
48,"Alameda County, California",92574.0,1643700.0,37.4,44283.0,170884.0,06,001,Alameda County,10.396301028168157,2018,45110.0
49,"Napa County, California",84753.0,140530.0,41.1,42677.0,11168.0,06,055,Napa County,7.9470575677791215,2018,3728.0
50,"Sierra County, California",48125.0,2930.0,55.5,31972.0,241.0,06,091,Sierra County,8.225255972696246,2018,60.0
51,"Yolo County, California",65923.0,214977.0,31.0,32598.0,40583.0,06,113,Yolo County,18.877833442647354,2018,6722.0
52,"Nevada County, California",63240.0,99092.0,50.1,37145.0,11169.0,06,057,Nevada County,11.271343801719613,2018,2971.0
53,"Mendocino County, California",49233.0,87422.0,42.8,27395.0,15877.0,06,045,Mendocino County,18.16133238772849,2018,3837.0
54,"Los Angeles County, California",64251.0,10098052.0,36.2,32469.0,1589956.0,06,037,Los Angeles County,15.745175406108029,2018,357178.0
55,"Santa Clara County, California",116178.0,1922200.0,37.0,52451.0,149850.0,06,085,Santa Clara County,7.795754864218083,2018,49598.0
56,"Siskiyou County, California",44200.0,43540.0,48.0,28130.0,8374.0,06,093,Siskiyou County,19.23288929719798,2018,1440.0
57,"Del Norte County, California",45258.0,27424.0,38.6,22832.0,5458.0,06,015,Del Norte County,19.90227537922987,2018,796.0
0,"Merced County, California",53672.0,271382.0,31.1,23011.0,56217.0,06,047,Merced County,20.71508058751133,2019,14137.0
1,"Mariposa County, California",48820.0,17420.0,51.7,28757.0,2616.0,06,043,Mariposa County,15.017221584385764,2019,634.0
2,"Modoc County, California",45507.0,8907.0,47.8,22843.0,1618.0,06,049,Modoc County,18.165487818569666,2019,278.0
3,"Contra Costa County, California",99716.0,1142251.0,39.7,48178.0,98595.0,06,013,Contra Costa County,8.631640506333547,2019,31392.0
4,"Inyo County, California",57316.0,17977.0,45.8,32590.0,1635.0,06,027,Inyo County,9.094954664293263,2019,355.0
5,"Stanislaus County, California",60704.0,543194.0,34.1,26258.0,81415.0,06,099,Stanislaus County,14.988199427828732,2019,22800.0
6,"Santa Barbara County, California",74624.0,444829.0,33.8,36039.0,57556.0,06,083,Santa Barbara County,12.938904612783789,2019,13147.0
7,"Tehama County, California",44514.0,63912.0,41.0,24301.0,13930.0,06,103,Tehama County,21.795593941669797,2019,2318.0
8,"Mono County, California",62260.0,14310.0,37.7,34552.0,1713.0,06,051,Mono County,11.970649895178196,2019,291.0
9,"San Benito County, California",86958.0,60376.0,35.7,33174.0,5061.0,06,069,San Benito County,8.38246985557175,2019,2163.0
10,"Sacramento County, California",67151.0,1524553.0,36.2,32751.0,220713.0,06,067,Sacramento County,14.477227095417476,2019,49129.0
11,"El Dorado County, California",83377.0,188563.0,45.9,42749.0,15643.0,06,017,El Dorado County,8.295901104670588,2019,4917.0
12,"Monterey County, California",71015.0,433410.0,34.4,30073.0,54393.0,06,053,Monterey County,12.550010382778432,2019,9696.0
13,"San Francisco County, California",112449.0,874961.0,38.2,68883.0,89030.0,06,075,San Francisco County,10.175310670989907,2019,23040.0
14,"San Diego County, California",78980.0,3316073.0,35.8,38073.0,374787.0,06,073,San Diego County,11.30213357787962,2019,101445.0
15,"Tulare County, California",49687.0,461898.0,31.0,21380.0,108512.0,06,107,Tulare County,23.49263257255931,2019,18841.0
16,"Humboldt County, California",48041.0,135940.0,38.4,28769.0,26674.0,06,023,Humboldt County,19.621892011181405,2019,5253.0
17,"Alpine County, California",63750.0,1039.0,52.2,36739.0,205.0,06,003,Alpine County,19.73051010587103,2019,49.0
18,"Madera County, California",57585.0,155433.0,34.1,22853.0,29273.0,06,039,Madera County,18.833195010068646,2019,5554.0
19,"Santa Cruz County, California",82234.0,273962.0,37.8,41312.0,34419.0,06,087,Santa Cruz County,12.56342120440061,2019,8264.0
20,"Trinity County, California",40846.0,12700.0,52.5,26523.0,2372.0,06,105,Trinity County,18.677165354330707,2019,432.0
21,"Riverside County, California",67005.0,2411439.0,35.6,28596.0,325279.0,06,065,Riverside County,13.488999721742909,2019,83356.0
22,"San Bernardino County, California",63362.0,2149031.0,33.3,25215.0,333613.0,06,071,San Bernardino County,15.52388029767835,2019,75886.0
23,"Marin County, California",115246.0,259943.0,46.8,72466.0,18349.0,06,041,Marin County,7.058855210565393,2019,5039.0
24,"Placer County, California",89691.0,385512.0,42.0,43759.0,29588.0,06,061,Placer County,7.674988067816306,2019,7902.0
25,"Shasta County, California",54667.0,179212.0,41.5,29720.0,29423.0,06,089,Shasta County,16.417985402763208,2019,4280.0
26,"Solano County, California",81472.0,441829.0,38.1,35400.0,41121.0,06,095,Solano County,9.306994334912376,2019,13191.0
27,"Colusa County, California",59401.0,21454.0,35.3,26932.0,2774.0,06,011,Colusa County,12.929989745502004,2019,435.0
28,"Glenn County, California",49633.0,27976.0,36.4,22668.0,4818.0,06,021,Glenn County,17.221904489562483,2019,635.0
29,"Butte County, California",52537.0,225817.0,37.1,29506.0,41974.0,06,007,Butte County,18.587617407015415,2019,8462.0
30,"Kings County, California",57848.0,150691.0,31.8,22373.0,24725.0,06,031,Kings County,16.407748306136398,2019,4496.0
31,"Plumas County, California",55359.0,18660.0,52.3,35198.0,2224.0,06,063,Plumas County,11.918542336548768,2019,439.0
32,"San Luis Obispo County, California",73518.0,282165.0,39.2,37233.0,33261.0,06,079,San Luis Obispo County,11.787783743554304,2019,5530.0
33,"Fresno County, California",53969.0,984521.0,32.2,24422.0,218254.0,06,019,Fresno County,22.16854693805414,2019,38876.0
34,"Kern County, California",53350.0,887641.0,31.6,23326.0,179980.0,06,029,Kern County,20.276215271714577,2019,37459.0
35,"Orange County, California",90234.0,3168044.0,38.1,41514.0,340048.0,06,059,Orange County,10.733689304820262,2019,77176.0
36,"Ventura County, California",88131.0,847263.0,38.1,38595.0,74645.0,06,111,Ventura County,8.810133335221767,2019,22340.0
37,"Calaveras County, California",63158.0,45514.0,52.0,33456.0,5147.0,06,009,Calaveras County,11.308608340290899,2019,1174.0
38,"Sutter County, California",59050.0,96109.0,35.7,27371.0,14687.0,06,101,Sutter County,15.281607341664152,2019,3531.0
39,"San Mateo County, California",122641.0,767423.0,39.7,61545.0,51085.0,06,081,San Mateo County,6.656693896325756,2019,16104.0
40,"Tuolumne County, California",60108.0,54045.0,48.4,34702.0,6443.0,06,109,Tuolumne County,11.9215468590989,2019,1156.0
41,"San Joaquin County, California",64432.0,742603.0,34.3,27521.0,105461.0,06,077,San Joaquin County,14.201531639382011,2019,26334.0
42,"Amador County, California",62772.0,38429.0,50.5,31987.0,3451.0,06,005,Amador County,8.980197246870853,2019,1010.0
43,"Lake County, California",47040.0,64195.0,45.6,27362.0,11753.0,06,033,Lake County,18.308279461017214,2019,2327.0
44,"Yuba County, California",58054.0,76360.0,32.8,25583.0,11572.0,06,115,Yuba County,15.154531168150864,2019,2297.0
45,"Lassen County, California",56352.0,30818.0,36.6,22134.0,2830.0,06,035,Lassen County,9.182945032124083,2019,598.0
46,"Sonoma County, California",81018.0,499772.0,42.1,42178.0,45418.0,06,097,Sonoma County,9.08774401126914,2019,11658.0
47,"Imperial County, California",47622.0,180701.0,32.4,18018.0,41100.0,06,025,Imperial County,22.744755148006927,2019,9924.0
48,"Alameda County, California",99406.0,1656754.0,37.6,47314.0,161581.0,06,001,Alameda County,9.752866146694078,2019,41725.0
49,"Napa County, California",88596.0,139623.0,41.3,45195.0,10614.0,06,055,Napa County,7.601899400528566,2019,3331.0
50,"Sierra County, California",52148.0,3040.0,54.8,33747.0,291.0,06,091,Sierra County,9.572368421052632,2019,71.0
51,"Yolo County, California",70228.0,217352.0,31.0,34515.0,39919.0,06,113,Yolo County,18.366060583753544,2019,6562.0
52,"Nevada County, California",66096.0,99244.0,50.5,39233.0,10844.0,06,057,Nevada County,10.926605134819233,2019,2133.0
53,"Mendocino County, California",51416.0,87224.0,43.1,29035.0,15251.0,06,045,Mendocino County,17.48486655049069,2019,3571.0
54,"Los Angeles County, California",68044.0,10081570.0,36.5,34156.0,1480446.0,06,037,Los Angeles County,14.684677088985149,2019,319435.0
55,"Santa Clara County, California",124055.0,1927470.0,37.1,56248.0,142534.0,06,085,Santa Clara County,7.394875147213705,2019,44635.0
56,"Siskiyou County, California",45241.0,43468.0,47.8,28615.0,8102.0,06,093,Siskiyou County,18.638998803717676,2019,1269.0
57,"Del Norte County, California",45283.0,27495.0,39.5,23674.0,4760.0,06,015,Del Norte County,17.312238588834333,2019,751.0
